BlockCount,SuccessfulBlockCount,BlockPerMinute,DodgeCount,SuccessfulDodgeCount,DodgePerMinute,PanicDodges,DodgeDirection,JumpCount,SprintCount,AttackCount,SuccessfulAttackCount,AttackPerMinute,DamageDealt,DamageTaken,IsDied,label
7,4,1.37,2,1,0.39,0,2,0,8,16,9,3.13,296,91,0,0
6,5,1.23,1,1,0.21,0,0,4,5,17,11,3.49,254,29,0,0
10,7,4.64,3,1,1.39,1,3,4,2,21,7,9.75,197,52,0,0
1,1,0.25,2,1,0.49,0,2,4,2,16,6,3.95,125,118,1,1
1,1,0.23,1,1,0.23,0,0,1,10,19,10,4.44,258,58,0,1
1,1,0.23,3,2,0.68,0,3,6,0,15,11,3.41,204,94,0,1
12,5,2.19,3,2,0.55,0,1,4,1,8,4,1.46,70,208,1,2
8,6,1.54,0,0,0.0,0,0,6,10,22,10,4.23,245,114,0,0
9,6,1.59,1,1,0.18,0,2,1,0,26,15,4.6,337,75,0,0
1,1,0.15,2,1,0.3,0,0,7,2,1,1,0.15,24,113,1,3
10,4,1.45,5,3,0.73,1,3,2,8,19,13,2.76,223,156,0,0
8,7,1.27,3,1,0.48,1,3,0,8,20,15,3.17,288,54,0,0
6,5,0.78,2,1,0.26,0,3,6,6,5,2,0.65,24,132,1,2
5,2,2.37,7,4,3.32,1,1,5,6,23,8,10.9,90,123,0,0
14,7,4.41,2,1,0.63,0,1,2,0,22,13,6.93,212,67,0,0
0,0,0.0,0,0,0.0,0,2,1,0,0,0,0.0,0,139,1,3
4,2,0.68,0,0,0.0,0,0,8,0,4,2,0.68,25,174,1,3
1,1,0.14,0,0,0.0,0,1,6,2,15,6,2.03,182,145,1,3
0,0,0.0,3,1,0.87,1,1,0,3,30,20,8.67,219,26,0,1
3,2,0.4,2,1,0.26,0,0,4,6,0,0,0.0,0,172,1,3
2,1,0.85,0,0,0.0,0,1,4,5,8,4,3.39,67,153,1,3
2,1,0.26,2,1,0.26,0,3,7,3,9,5,1.18,159,169,1,3
11,6,2.68,5,3,1.22,1,3,4,2,17,9,4.14,199,118,0,0
0,0,0.0,6,3,2.3,1,0,2,5,4,3,1.53,53,132,1,3
6,4,1.22,3,1,0.61,1,0,7,0,7,3,1.42,69,151,1,2
2,2,0.56,5,3,1.41,1,0,1,4,17,10,4.8,195,15,0,1
0,0,0.0,1,1,0.27,0,3,5,4,7,4,1.89,96,150,1,3
1,1,0.26,5,3,1.3,1,0,2,10,25,14,6.5,180,61,0,1
0,0,0.0,0,0,0.0,0,2,2,1,0,0,0.0,0,187,1,3
9,4,1.72,1,1,0.19,0,0,5,0,16,7,3.06,144,67,0,2
5,3,1.29,0,0,0.0,0,2,5,4,20,7,5.17,131,84,0,2
0,0,0.0,8,4,1.41,1,1,2,1,18,6,3.18,167,40,0,1
6,3,0.95,7,5,1.11,1,2,3,9,16,6,2.54,115,105,0,0
8,7,2.2,0,0,0.0,0,0,3,3,20,11,5.5,339,67,0,0
4,3,0.89,2,1,0.45,0,2,12,0,21,14,4.69,299,99,0,0
0,0,0.0,5,2,1.83,1,0,0,6,13,8,4.76,224,131,1,1
0,0,0.0,3,2,0.97,0,2,1,1,18,12,5.83,152,31,0,1
1,1,0.16,4,3,0.66,0,3,0,0,20,9,3.29,280,87,0,1
0,0,0.0,3,1,0.97,0,0,6,12,18,9,5.83,256,60,0,1
5,3,0.97,3,2,0.58,0,3,4,4,22,10,4.27,153,154,1,2
0,0,0.0,2,1,0.32,0,1,0,8,28,11,4.48,150,66,0,1
0,0,0.0,9,7,3.41,1,0,9,2,4,1,1.51,18,153,1,1
10,4,1.85,0,0,0.0,0,1,9,6,15,8,2.78,275,119,0,0
0,0,0.0,5,3,1.41,1,0,1,3,2,1,0.57,16,172,1,3
5,3,0.64,0,0,0.0,0,2,8,8,20,8,2.57,171,90,0,2
2,1,0.41,0,0,0.0,0,2,2,2,6,2,1.22,22,141,1,3
0,0,0.0,0,0,0.0,0,0,6,3,12,8,1.76,159,194,1,3
1,1,0.19,1,1,0.19,0,1,2,3,16,7,3.02,170,184,1,3
4,3,1.77,2,1,0.88,0,3,4,3,11,7,4.87,237,129,1,2
0,0,0.0,2,1,0.34,0,3,3,3,17,10,2.93,229,24,0,1
7,6,0.91,4,2,0.52,1,1,2,0,11,8,1.43,244,141,1,2
6,4,1.07,5,3,0.89,0,3,8,0,20,10,3.57,237,60,0,0
0,0,0.0,0,0,0.0,0,1,3,1,10,6,1.45,66,149,1,3
2,2,0.27,7,3,0.96,2,1,1,4,20,10,2.74,179,78,0,1
1,1,0.3,2,1,0.59,0,3,0,0,21,12,6.23,293,77,0,1
7,6,2.14,0,0,0.0,0,1,5,3,16,8,4.89,270,150,1,0
5,2,0.88,7,4,1.24,1,1,4,2,20,8,3.53,252,104,0,1
8,4,1.79,2,1,0.45,0,1,3,0,9,5,2.02,79,233,1,2
5,2,0.71,1,1,0.14,0,3,6,0,24,13,3.41,202,39,0,0
0,0,0.0,6,5,0.81,0,3,0,4,11,7,1.49,105,197,1,3
1,1,0.24,4,2,0.97,1,1,1,0,13,8,3.15,264,94,1,1
0,0,0.0,0,0,0.0,0,0,0,2,10,6,2.92,188,195,1,3
4,3,0.6,7,4,1.05,1,1,0,4,12,4,1.8,117,102,1,1
1,1,0.27,4,3,1.1,0,1,7,4,7,4,1.92,79,108,1,1
3,2,0.43,2,1,0.29,0,0,3,4,17,9,2.45,203,103,0,1
2,1,0.44,1,1,0.22,0,2,4,8,2,1,0.44,22,174,1,3
0,0,0.0,2,1,0.33,0,1,0,0,19,14,3.16,229,40,0,1
0,0,0.0,5,4,1.94,0,0,8,0,5,2,1.94,45,132,1,3
0,0,0.0,1,1,0.17,0,0,0,9,18,12,3.13,129,88,0,1
0,0,0.0,5,3,1.06,1,0,2,6,24,8,5.09,106,39,0,1
2,1,0.36,0,0,0.0,0,3,5,6,6,3,1.09,96,162,1,3
13,6,4.32,0,0,0.0,0,0,4,10,20,11,6.65,317,84,0,0
0,0,0.0,0,0,0.0,0,0,1,3,9,3,1.4,62,116,1,3
8,6,1.11,0,0,0.0,0,1,0,11,18,11,2.51,252,117,0,0
8,6,2.42,8,5,2.42,1,0,11,14,19,6,5.76,115,67,0,0
3,2,1.17,4,3,1.55,0,0,4,14,19,7,7.38,200,102,0,0
3,2,1.4,0,0,0.0,0,0,0,5,14,8,6.54,237,205,1,2
2,1,0.34,0,0,0.0,0,1,3,3,14,9,2.39,262,198,1,1
9,5,1.6,4,2,0.71,1,1,3,10,17,12,3.01,337,71,0,0
0,0,0.0,5,4,0.95,0,1,0,3,22,14,4.17,212,79,0,1
1,1,0.29,4,3,1.18,0,1,4,3,15,9,4.42,166,129,1,1
3,2,0.69,7,5,1.61,1,3,8,0,17,8,3.91,174,73,0,1
9,5,1.62,3,1,0.54,1,1,5,9,22,7,3.95,128,43,0,0
10,4,2.01,7,4,1.41,1,0,3,15,18,6,3.61,173,105,0,0
0,0,0.0,2,1,0.25,0,0,7,7,13,7,1.64,128,17,0,1
5,3,1.77,2,1,0.71,0,1,0,4,10,6,3.55,81,129,1,2
5,4,0.81,6,3,0.97,1,2,7,7,23,11,3.73,220,81,0,0
4,3,0.9,4,1,0.9,1,0,3,0,18,11,4.07,379,68,0,0
0,0,0.0,2,1,0.44,0,2,4,0,17,9,3.72,141,65,0,1
0,0,0.0,0,0,0.0,0,0,7,5,15,5,2.38,127,97,1,3
7,3,1.14,1,1,0.16,0,1,0,8,22,9,3.57,187,64,0,0
6,4,0.75,4,3,0.5,0,2,3,5,20,14,2.52,165,50,0,0
6,4,2.17,2,1,0.72,0,0,7,6,22,14,7.94,311,51,0,0
6,4,2.29,0,0,0.0,0,1,1,8,21,15,8.0,413,114,0,0
5,4,0.79,6,3,0.95,1,0,1,1,21,7,3.31,160,75,0,0
5,3,0.91,3,2,0.55,0,2,1,2,15,11,2.74,350,182,1,2
6,4,1.65,7,6,1.92,0,0,6,5,20,8,5.49,138,47,0,0
3,2,1.21,0,0,0.0,0,3,8,0,23,7,9.29,85,161,1,2
0,0,0.0,5,2,1.99,1,0,2,4,12,9,4.77,301,77,0,1
1,1,0.14,1,1,0.14,0,3,5,1,11,5,1.49,97,137,1,3
1,1,0.32,0,0,0.0,0,1,8,3,16,10,5.08,244,103,1,1
10,7,2.54,3,2,0.76,0,2,0,0,14,5,3.55,149,55,0,0
0,0,0.0,4,3,1.19,0,0,7,0,23,13,6.85,235,98,0,1
8,5,1.94,5,3,1.21,1,3,1,4,18,13,4.36,363,111,0,0
1,1,0.41,1,1,0.41,0,0,10,8,24,11,9.93,147,37,0,1
3,2,0.59,3,2,0.59,0,0,8,1,23,14,4.5,242,93,0,0
14,8,5.82,1,1,0.42,0,1,4,4,15,6,6.24,82,131,0,0
9,7,1.32,0,0,0.0,0,0,5,4,22,13,3.23,394,60,0,0
0,0,0.0,2,1,0.59,0,0,5,0,15,7,4.41,109,48,0,1
0,0,0.0,2,1,0.38,0,3,7,3,1,1,0.19,28,184,1,3
3,2,0.41,2,1,0.27,0,3,9,2,21,9,2.88,302,31,0,1
0,0,0.0,4,2,0.68,0,1,4,11,19,7,3.22,162,75,0,1
6,5,1.15,2,1,0.38,0,3,3,3,15,11,2.89,259,105,1,2
5,4,1.27,0,0,0.0,0,1,4,10,16,8,4.05,172,90,0,2
1,1,0.25,0,0,0.0,0,0,5,4,24,10,6.0,181,100,0,1
10,8,1.66,7,5,1.16,1,2,5,8,23,12,3.82,263,42,0,0
4,3,0.5,0,0,0.0,0,2,13,0,10,4,1.26,100,198,1,2
4,2,0.67,0,0,0.0,0,3,2,4,17,11,2.85,381,101,0,2
8,6,1.5,3,1,0.56,1,0,12,6,19,14,3.55,468,91,0,0
15,10,2.35,4,2,0.63,1,2,0,4,16,8,2.51,252,105,0,0
10,8,2.09,6,3,1.25,1,0,3,2,20,14,4.17,451,61,0,0
8,6,3.39,3,1,1.27,1,0,3,3,16,9,6.78,195,67,0,0
1,1,0.19,0,0,0.0,0,0,3,4,13,5,2.42,132,154,1,3
1,1,0.13,12,7,1.55,2,3,0,0,20,12,2.58,389,98,0,1
2,1,0.66,5,3,1.64,1,3,0,4,9,5,2.95,99,205,1,1
7,4,1.14,5,3,0.81,1,2,0,0,1,1,0.16,34,186,1,2
2,2,0.62,1,1,0.31,0,1,11,1,6,4,1.87,82,181,1,3
7,6,1.34,3,1,0.58,1,0,12,4,26,13,4.99,325,104,0,0
1,1,0.39,5,4,1.94,0,0,5,4,15,11,5.81,305,105,1,1
0,0,0.0,2,1,0.43,0,0,6,0,18,11,3.83,371,52,0,1
9,5,1.38,1,1,0.15,0,1,11,7,21,11,3.21,177,92,0,0
9,4,2.2,0,0,0.0,0,2,1,7,18,10,4.41,287,66,0,0
5,2,0.83,6,5,1.0,0,1,1,2,18,8,3.01,184,54,0,1
8,4,1.18,0,0,0.0,0,0,2,4,22,16,3.25,267,67,0,0
0,0,0.0,3,1,0.4,0,0,7,10,20,12,2.64,353,20,0,1
6,3,1.76,1,1,0.29,0,0,0,6,3,1,0.88,24,236,1,2
6,4,1.36,0,0,0.0,0,1,5,1,22,10,5.0,265,104,0,0
1,1,0.34,4,3,1.37,0,3,3,4,9,5,3.09,90,171,1,1
0,0,0.0,0,0,0.0,0,2,3,13,19,6,2.39,132,19,0,1
3,3,0.4,4,2,0.53,1,3,6,5,18,6,2.38,153,87,0,1
1,1,0.19,3,2,0.57,0,1,0,9,21,11,4.01,221,64,0,1
7,4,0.99,5,4,0.71,0,1,2,0,21,9,2.98,135,126,0,0
1,1,0.2,5,3,0.98,1,0,3,2,23,11,4.49,374,70,0,1
3,2,0.52,0,0,0.0,0,3,4,0,0,0,0.0,0,204,1,3
1,1,0.39,0,0,0.0,0,2,1,6,21,8,8.28,227,53,0,1
13,5,1.99,6,3,0.92,1,0,7,4,19,12,2.91,243,157,0,0
0,0,0.0,1,1,0.36,0,1,2,6,0,0,0.0,0,187,1,3
0,0,0.0,0,0,0.0,0,1,11,12,15,6,2.16,121,11,0,1
13,6,1.94,7,5,1.05,1,2,2,1,0,0,0.0,0,270,1,2
4,2,0.64,0,0,0.0,0,3,7,7,23,13,3.68,307,56,0,0
0,0,0.0,0,0,0.0,0,1,3,1,25,8,11.28,189,49,0,1
0,0,0.0,0,0,0.0,0,1,0,3,13,5,3.4,112,179,1,3
3,1,0.84,4,3,1.12,0,0,6,2,12,4,3.35,53,191,1,1
0,0,0.0,12,7,2.88,2,0,0,0,18,12,4.33,269,71,0,1
4,3,1.58,3,2,1.19,0,0,2,5,18,11,7.13,157,75,0,0
5,3,0.66,4,3,0.52,0,0,9,13,20,13,2.62,171,66,0,0
0,0,0.0,9,7,1.69,1,2,1,2,21,13,3.95,433,11,0,1
0,0,0.0,9,3,2.35,2,2,6,4,21,13,5.48,327,17,0,1
7,4,1.6,2,1,0.46,0,0,2,3,4,2,0.91,53,155,1,2
5,4,1.07,4,2,0.85,1,3,5,0,22,13,4.7,261,30,0,0
2,1,0.36,6,3,1.07,1,0,0,0,19,6,3.39,196,57,0,1
0,0,0.0,5,2,0.98,1,0,3,1,14,8,2.75,208,67,0,1
4,3,0.53,0,0,0.0,0,0,7,2,5,3,0.67,88,197,1,2
3,2,0.6,0,0,0.0,0,1,2,0,0,0,0.0,0,145,1,3
3,1,0.38,3,1,0.38,1,0,8,1,21,10,2.64,340,60,0,1
3,2,0.42,8,5,1.13,1,1,3,7,18,8,2.53,244,79,0,1
2,1,0.62,0,0,0.0,0,1,3,9,23,14,7.07,439,97,0,0
0,0,0.0,5,2,0.66,1,3,3,4,20,12,2.64,172,78,0,1
3,1,1.11,6,4,2.22,1,0,6,0,20,14,7.41,235,88,0,1
0,0,0.0,1,1,0.14,0,0,10,3,8,4,1.16,69,92,1,3
0,0,0.0,1,1,0.23,0,0,10,10,22,14,5.14,235,43,0,1
0,0,0.0,0,0,0.0,0,2,3,1,2,1,0.28,31,106,1,3
1,1,0.14,3,1,0.42,1,0,2,9,18,13,2.5,140,14,0,1
5,3,0.73,7,3,1.02,1,3,2,4,1,1,0.15,12,118,1,3
0,0,0.0,0,0,0.0,0,1,0,2,0,0,0.0,0,82,1,3
0,0,0.0,5,2,1.31,1,1,2,0,26,15,6.79,225,71,0,1
13,9,5.23,10,6,4.02,1,1,0,2,20,13,8.05,205,48,0,0
3,2,0.68,8,6,1.81,1,0,8,7,18,13,4.07,389,78,0,1
0,0,0.0,5,4,1.64,0,0,0,4,18,6,5.92,144,103,1,1
3,1,0.49,3,2,0.49,0,0,6,1,0,0,0.0,0,131,1,3
0,0,0.0,1,1,0.25,0,1,5,3,2,1,0.49,21,137,1,3
2,1,0.25,7,3,0.89,1,0,0,2,21,11,2.67,222,104,0,1
0,0,0.0,6,3,1.03,1,0,0,2,20,12,3.42,154,59,0,1
0,0,0.0,2,1,0.29,0,3,5,5,1,1,0.14,27,168,1,3
3,2,1.07,0,0,0.0,0,0,2,1,15,5,5.37,138,146,1,2
2,1,0.28,2,1,0.28,0,3,1,1,21,14,2.93,392,81,0,1
0,0,0.0,0,0,0.0,0,2,4,3,1,1,0.13,28,135,1,3
0,0,0.0,5,3,1.02,0,0,7,3,14,6,2.84,60,89,1,1
0,0,0.0,5,4,0.89,0,0,6,2,10,4,1.77,135,176,1,3
0,0,0.0,2,1,0.3,0,0,6,4,11,7,1.67,212,109,1,3
13,6,4.26,3,1,0.98,1,2,7,0,18,6,5.9,196,133,0,0
4,3,0.8,3,2,0.6,0,2,0,6,22,15,4.39,156,36,0,0
8,6,1.82,3,2,0.68,0,2,7,0,0,0,0.0,0,220,1,2
6,4,2.08,0,0,0.0,0,3,2,1,19,11,6.6,333,76,0,0
2,1,0.48,1,1,0.24,0,2,4,3,18,13,4.28,402,49,0,1
1,1,0.42,1,1,0.42,0,0,8,0,21,13,8.72,160,50,0,1
0,0,0.0,0,0,0.0,0,0,1,4,14,7,6.5,199,196,1,1
1,1,0.36,5,4,1.78,0,3,4,4,22,13,7.83,442,25,0,1
0,0,0.0,5,2,0.64,1,0,2,4,20,9,2.57,243,36,0,1
5,4,0.94,0,0,0.0,0,0,4,0,24,10,4.53,243,77,0,2
7,5,0.9,0,0,0.0,0,2,0,8,9,7,1.15,235,131,1,2
1,1,0.22,5,3,1.09,0,1,1,1,13,8,2.83,169,133,1,1
3,1,0.78,1,1,0.26,0,3,7,0,21,12,5.43,300,47,0,0
0,0,0.0,0,0,0.0,0,2,5,0,17,8,3.38,175,79,0,1
0,0,0.0,0,0,0.0,0,0,5,1,11,4,2.37,133,92,1,3
3,1,1.14,0,0,0.0,0,3,2,6,23,7,8.73,83,23,0,0
7,3,1.2,6,4,1.03,1,0,3,12,22,12,3.76,270,133,0,0
0,0,0.0,0,0,0.0,0,0,3,7,17,11,5.16,299,62,0,1
0,0,0.0,6,3,1.05,1,1,0,8,15,8,2.62,238,42,0,1
0,0,0.0,0,0,0.0,0,0,0,4,11,7,1.86,172,94,1,3
1,1,0.34,0,0,0.0,0,1,0,9,15,5,5.15,164,66,0,1
4,3,1.69,2,1,0.84,0,0,1,3,0,0,0.0,0,121,1,2
0,0,0.0,1,1,0.15,0,1,3,5,8,3,1.2,35,193,1,3
1,1,0.21,5,3,1.05,1,1,6,0,21,11,4.41,221,98,0,1
9,6,3.83,0,0,0.0,0,2,7,3,13,4,5.53,42,217,1,0
1,1,0.13,0,0,0.0,0,3,0,2,3,2,0.38,36,85,1,3
5,3,2.13,1,1,0.43,0,0,1,1,22,9,9.37,211,75,0,0
1,1,0.16,0,0,0.0,0,1,4,3,10,7,1.62,229,103,1,3
0,0,0.0,0,0,0.0,0,1,0,3,17,8,2.15,249,81,1,3
4,3,1.16,2,1,0.58,0,0,0,4,20,15,5.82,198,115,1,0
2,1,0.7,2,1,0.7,0,2,0,1,8,4,2.8,49,171,1,3
6,4,2.2,1,1,0.37,0,2,0,0,23,17,8.43,420,42,0,0
1,1,0.26,0,0,0.0,0,0,1,13,13,4,3.4,93,28,0,1
1,1,0.38,3,1,1.15,1,1,10,3,13,8,4.99,133,187,1,1
1,1,0.16,4,2,0.65,1,0,0,0,13,9,2.11,292,163,1,1
2,1,0.84,2,2,0.84,0,2,4,0,22,8,9.27,265,68,0,0
0,0,0.0,3,1,0.59,1,0,1,5,14,5,2.77,100,125,1,3
5,3,0.63,3,2,0.38,0,3,2,12,24,12,3.01,387,44,0,0
0,0,0.0,1,1,0.15,0,2,2,1,22,16,3.2,314,60,0,1
13,9,2.28,2,1,0.35,0,1,2,4,22,12,3.87,341,63,0,0
0,0,0.0,5,3,1.3,0,1,9,0,18,10,4.69,219,65,0,1
8,5,1.39,0,0,0.0,0,3,3,0,17,6,2.96,78,122,0,2
0,0,0.0,4,2,0.77,1,1,0,3,12,4,2.32,133,171,1,3
5,3,1.1,0,0,0.0,0,0,1,6,18,12,3.95,256,179,1,2
3,1,1.08,0,0,0.0,0,1,6,12,23,8,8.26,227,77,0,0
5,4,0.68,2,1,0.27,0,3,5,5,15,9,2.05,173,112,1,2
2,1,0.43,2,1,0.43,0,2,5,3,3,2,0.64,21,187,1,3
2,1,0.63,3,2,0.95,0,2,6,3,14,6,4.42,75,152,1,1
1,1,0.24,4,3,0.95,0,3,5,2,18,11,4.28,246,40,0,1
1,1,0.22,1,1,0.22,0,3,6,4,21,7,4.68,191,99,0,1
0,0,0.0,3,2,0.43,0,3,4,1,2,1,0.29,18,100,1,3
0,0,0.0,5,3,0.78,0,0,0,5,13,5,2.03,137,173,1,3
8,6,1.21,0,0,0.0,0,1,0,2,25,16,3.78,439,110,0,0
3,2,1.45,5,3,2.42,1,2,6,3,22,10,10.65,276,105,0,0
2,1,0.44,1,1,0.22,0,2,0,7,5,3,1.11,67,140,1,3
4,3,0.82,4,2,0.82,0,2,0,0,5,3,1.02,99,158,1,3
2,1,0.95,4,2,1.89,1,0,0,5,15,6,7.09,133,200,1,1
4,3,1.12,5,3,1.4,0,2,5,0,11,7,3.09,149,196,1,2
0,0,0.0,2,1,0.3,0,2,0,0,12,5,1.83,75,134,1,3
0,0,0.0,2,1,0.71,0,0,3,2,20,12,7.09,212,82,1,1
7,4,1.34,0,0,0.0,0,1,9,7,25,9,4.8,100,87,0,0
1,1,0.3,3,1,0.91,1,0,8,3,11,7,3.34,181,153,1,1
1,1,0.48,0,0,0.0,0,0,10,0,16,6,7.72,97,80,0,1
0,0,0.0,4,2,1.16,1,0,0,5,24,12,6.96,211,58,0,1
4,2,0.51,4,2,0.51,1,1,5,7,20,8,2.55,234,96,0,1
1,1,0.15,0,0,0.0,0,1,6,3,1,1,0.15,18,158,1,3
5,4,0.64,1,1,0.13,0,2,11,4,20,8,2.58,128,47,0,2
0,0,0.0,1,1,0.2,0,2,4,4,15,10,3.04,142,60,0,1
11,7,4.14,6,3,2.26,1,3,9,9,24,17,9.03,499,85,0,0
4,2,0.76,3,2,0.57,0,0,5,7,22,9,4.16,119,103,0,0
6,4,1.27,3,1,0.63,1,0,0,0,23,13,4.87,277,109,0,0
0,0,0.0,1,1,0.14,0,3,2,2,5,2,0.71,45,129,1,3
10,5,3.86,4,2,1.55,1,0,4,7,17,8,6.57,217,106,0,0
2,1,0.41,1,1,0.2,0,3,0,5,21,13,4.26,336,122,1,1
3,2,1.03,0,0,0.0,0,3,0,1,5,3,1.72,91,188,1,2
5,4,1.27,3,1,0.76,1,1,0,1,8,5,2.03,56,166,1,2
4,3,0.62,0,0,0.0,0,3,10,3,20,9,3.11,157,19,0,2
2,1,0.41,1,1,0.21,0,0,13,1,10,5,2.06,85,133,1,3
1,1,0.23,3,2,0.7,0,0,11,1,21,7,4.93,96,65,0,1
0,0,0.0,4,3,0.92,0,2,0,1,17,11,3.89,190,152,1,1
5,4,1.05,5,2,1.05,1,1,5,6,22,12,4.63,213,104,0,0
0,0,0.0,3,1,0.45,1,3,3,3,20,12,2.98,277,17,0,1
3,2,0.41,2,1,0.27,0,0,1,2,22,9,2.99,239,145,1,1
0,0,0.0,7,4,0.91,1,1,0,1,15,7,1.94,137,104,1,1
4,3,0.6,0,0,0.0,0,1,0,1,19,9,2.83,252,119,1,2
0,0,0.0,6,4,1.54,1,2,8,0,25,8,6.42,147,45,0,1
0,0,0.0,4,3,0.65,0,0,1,9,17,8,2.77,138,77,0,1
0,0,0.0,1,1,0.22,0,1,8,2,17,11,3.68,259,170,1,1
4,3,1.13,0,0,0.0,0,3,0,0,15,11,4.25,117,188,1,2
5,4,0.71,6,4,0.85,1,0,9,6,20,11,2.84,132,57,0,0
0,0,0.0,0,0,0.0,0,3,2,3,20,10,8.97,204,54,0,1
8,4,1.08,0,0,0.0,0,1,8,0,22,7,2.97,235,120,0,2
2,1,0.42,4,3,0.84,0,2,2,0,22,15,4.61,421,38,0,1
8,4,1.37,0,0,0.0,0,2,2,2,13,4,2.23,49,196,1,2
6,4,1.01,0,0,0.0,0,0,1,0,0,0,0.0,0,182,1,2
3,1,0.41,5,2,0.68,1,1,2,1,14,7,1.9,198,105,1,1
3,2,0.52,0,0,0.0,0,3,0,2,14,6,2.41,152,118,1,1
4,3,0.7,0,0,0.0,0,1,1,0,7,5,1.23,153,87,1,2
10,5,4.17,0,0,0.0,0,3,0,2,18,6,7.5,121,79,0,0
8,5,1.57,5,2,0.98,1,1,9,0,18,10,3.52,155,47,0,0
3,1,1.03,1,1,0.34,0,0,8,7,27,15,9.31,342,63,0,0
3,1,0.47,3,2,0.47,0,1,6,5,2,1,0.31,24,136,1,3
8,6,1.58,0,0,0.0,0,3,0,2,4,2,0.79,47,201,1,2
3,2,0.49,0,0,0.0,0,0,4,12,21,12,3.45,290,65,0,0
0,0,0.0,4,3,1.78,0,3,4,2,18,11,8.0,371,33,0,1
0,0,0.0,4,2,1.59,1,3,5,5,19,6,7.57,195,90,0,1
6,4,0.95,7,4,1.11,1,1,4,9,27,19,4.29,606,83,0,0
8,4,3.29,2,1,0.82,0,0,0,7,19,7,7.81,210,107,0,0
6,4,2.47,4,2,1.65,0,2,3,3,2,1,0.82,34,200,1,2
3,1,1.45,1,1,0.48,0,0,0,3,15,6,7.24,75,118,1,2
2,1,0.26,3,2,0.39,0,2,2,1,3,1,0.39,17,136,1,3
1,1,0.16,0,0,0.0,0,1,0,3,8,3,1.25,67,180,1,3
0,0,0.0,3,2,0.73,0,1,4,0,13,10,3.16,312,88,1,1
6,4,1.59,2,1,0.53,0,2,7,3,18,8,4.76,181,86,0,0
28,20,6.83,3,1,0.73,1,1,10,19,18,6,4.39,172,196,0,0
11,9,1.65,7,4,1.05,1,1,7,1,17,6,2.56,81,47,0,0
0,0,0.0,12,6,2.01,1,1,1,1,15,9,2.51,147,55,0,1
4,2,1.29,5,2,1.61,1,1,0,11,17,12,5.46,340,112,0,0
2,2,0.66,0,0,0.0,0,1,3,4,21,9,6.9,127,26,0,1
1,1,0.39,4,2,1.54,1,3,10,1,0,0,0.0,0,152,1,3
6,4,1.01,0,0,0.0,0,1,1,5,0,0,0.0,0,183,1,2
0,0,0.0,4,3,0.61,0,1,1,1,13,4,1.97,75,171,1,3
6,2,1.67,4,3,1.11,0,2,8,13,21,7,5.85,194,74,0,0
4,3,1.88,0,0,0.0,0,0,2,2,4,2,1.88,38,187,1,2
1,1,0.4,1,1,0.4,0,0,4,8,17,7,6.82,167,165,1,1
12,9,1.54,6,4,0.77,1,3,7,4,19,10,2.43,125,52,0,0
1,1,0.27,0,0,0.0,0,2,10,1,18,7,4.77,211,48,0,1
15,7,2.27,8,3,1.21,2,1,1,7,17,12,2.57,231,106,0,0
0,0,0.0,0,0,0.0,0,2,3,2,6,4,1.04,105,104,1,3
17,9,3.96,3,2,0.7,0,0,6,0,24,13,5.59,366,147,0,0
2,1,0.62,4,2,1.24,1,2,2,4,22,10,6.8,152,56,0,1
1,1,0.37,8,3,2.93,1,1,11,2,24,11,8.8,353,97,0,1
5,3,0.88,1,1,0.18,0,1,0,4,12,6,2.11,152,224,1,2
0,0,0.0,1,1,0.15,0,1,5,0,6,4,0.9,83,95,1,3
10,8,1.71,4,3,0.68,0,0,3,6,18,9,3.07,131,50,0,0
0,0,0.0,0,0,0.0,0,0,6,3,24,16,4.63,537,81,0,1
5,3,2.22,4,3,1.78,0,3,6,4,21,15,9.33,433,100,0,0
4,3,0.51,7,4,0.9,1,1,3,2,21,9,2.69,137,26,0,1
7,4,1.03,1,1,0.15,0,1,0,3,18,10,2.65,184,108,0,2
0,0,0.0,0,0,0.0,0,0,2,1,10,3,2.66,91,143,1,3
7,4,0.89,1,1,0.13,0,0,0,1,9,4,1.14,110,134,1,2
2,1,0.36,1,1,0.18,0,2,0,4,19,9,3.39,262,105,0,1
0,0,0.0,1,1,0.18,0,1,0,0,18,7,3.28,147,124,1,3
7,3,1.08,0,0,0.0,0,1,11,2,24,17,3.7,475,156,0,0
1,1,0.15,1,1,0.15,0,0,7,5,7,3,1.02,59,141,1,3
0,0,0.0,1,1,0.17,0,2,6,5,16,8,2.69,122,20,0,1
0,0,0.0,3,2,1.08,0,0,5,0,17,10,6.14,258,149,1,1
10,7,2.48,9,6,2.23,1,0,0,10,18,11,4.47,378,95,0,0
2,1,0.26,3,2,0.4,0,1,0,4,3,1,0.4,18,168,1,3
0,0,0.0,1,1,0.3,0,0,1,6,3,2,0.9,43,137,1,3
6,4,1.42,0,0,0.0,0,0,4,7,14,8,3.31,215,82,0,2
2,1,0.44,2,1,0.44,0,2,3,1,14,7,3.05,165,147,1,1
6,3,1.29,0,0,0.0,0,2,4,2,6,2,1.29,62,208,1,2
4,2,0.7,7,3,1.23,1,3,5,8,14,7,2.47,203,83,0,1
2,1,0.26,2,1,0.26,0,1,0,2,11,7,1.44,80,105,1,3
6,4,1.74,3,2,0.87,0,0,7,1,19,11,5.52,385,96,0,0
0,0,0.0,0,0,0.0,0,0,2,1,0,0,0.0,0,150,1,3
2,1,0.63,4,2,1.26,0,3,3,2,10,5,3.14,158,196,1,1
0,0,0.0,6,3,0.82,1,1,7,9,21,7,2.87,184,16,0,1
2,1,0.34,1,1,0.17,0,2,5,7,18,6,3.06,188,34,0,1
0,0,0.0,4,2,1.08,1,0,4,3,15,7,4.04,90,140,1,1
10,8,1.45,3,2,0.44,0,1,6,4,15,9,2.18,168,147,1,0
3,2,0.42,2,2,0.28,0,0,3,2,0,0,0.0,0,170,1,3
12,6,1.7,0,0,0.0,0,1,6,1,17,7,2.4,105,75,0,0
4,2,0.53,4,2,0.53,1,3,0,2,0,0,0.0,0,129,1,3
2,1,0.57,0,0,0.0,0,3,6,5,0,0,0.0,0,161,1,3
0,0,0.0,0,0,0.0,0,1,2,0,23,11,3.52,340,83,0,1
0,0,0.0,0,0,0.0,0,1,5,3,11,4,2.31,56,96,1,3
1,1,0.14,0,0,0.0,0,3,3,5,10,4,1.42,125,178,1,3
3,2,0.47,1,1,0.16,0,2,6,1,15,6,2.35,163,162,1,1
6,3,0.9,5,4,0.75,0,0,3,7,18,6,2.7,138,104,0,2
0,0,0.0,3,1,0.51,1,1,0,7,21,8,3.54,246,40,0,1
8,5,2.61,0,0,0.0,0,0,1,2,3,1,0.98,20,117,1,2
6,4,1.14,0,0,0.0,0,1,1,5,5,3,0.95,45,168,1,2
4,3,0.51,0,0,0.0,0,1,5,1,11,5,1.39,86,103,1,2
1,1,0.13,3,2,0.39,0,1,3,3,17,13,2.23,294,24,0,1
3,2,1.33,5,2,2.21,1,1,0,8,18,7,7.97,163,98,0,0
6,5,2.01,1,1,0.33,0,0,1,0,2,1,0.67,30,178,1,2
2,1,0.72,3,1,1.08,1,1,10,13,14,6,5.02,179,47,0,1
12,5,1.89,3,2,0.47,0,3,6,2,20,6,3.15,147,153,0,0
4,2,0.58,1,1,0.14,0,2,7,1,12,8,1.74,236,114,1,1
3,1,0.91,0,0,0.0,0,0,0,3,2,1,0.61,15,171,1,3
4,2,0.79,2,1,0.4,0,3,5,4,16,12,3.18,135,173,1,2
11,8,1.56,1,1,0.14,0,3,11,12,25,18,3.55,573,77,0,0
6,3,0.94,4,3,0.63,0,0,9,0,22,12,3.44,143,119,0,0
7,4,1.33,0,0,0.0,0,0,9,15,25,14,4.76,226,95,0,0
1,1,0.18,0,0,0.0,0,2,12,0,21,12,3.79,329,16,0,1
5,2,0.99,0,0,0.0,0,3,2,0,9,4,1.78,81,171,1,2
0,0,0.0,7,3,1.85,1,3,2,3,0,0,0.0,0,92,1,3
9,5,1.67,3,2,0.56,0,3,2,7,16,5,2.97,87,149,0,0
6,3,0.98,4,2,0.65,1,2,4,0,20,6,3.26,62,68,0,2
6,4,0.83,6,3,0.83,1,1,8,0,19,10,2.62,175,81,0,0
5,3,0.86,5,2,0.86,1,0,10,0,1,1,0.17,24,150,1,3
0,0,0.0,1,1,0.15,0,0,4,0,1,1,0.15,19,152,1,3
0,0,0.0,3,1,1.01,0,1,1,4,16,6,5.4,140,142,1,1
0,0,0.0,3,2,0.63,0,2,10,6,11,7,2.31,223,163,1,1
0,0,0.0,0,0,0.0,0,1,0,3,0,0,0.0,0,87,1,3
4,2,1.15,0,0,0.0,0,2,2,0,14,7,4.02,117,124,1,2
0,0,0.0,0,0,0.0,0,0,1,0,15,7,2.36,151,178,1,3
6,5,0.75,0,0,0.0,0,1,0,7,5,2,0.63,47,101,1,2
10,8,3.85,5,2,1.93,1,0,8,10,24,9,9.25,304,97,0,0
3,2,0.68,4,3,0.91,0,1,15,0,18,9,4.08,315,108,0,1
3,2,0.44,0,0,0.0,0,2,1,3,20,13,2.94,207,78,0,1
0,0,0.0,0,0,0.0,0,2,7,0,18,9,5.58,254,88,0,1
15,8,2.81,4,3,0.75,0,3,5,6,23,12,4.31,233,158,0,0
0,0,0.0,0,0,0.0,0,0,5,5,2,1,0.31,10,98,1,3
4,3,0.7,0,0,0.0,0,1,7,8,19,12,3.34,123,75,0,2
3,2,0.96,6,4,1.92,1,0,3,18,21,11,6.71,237,30,0,0
8,6,1.94,0,0,0.0,0,1,2,11,16,7,3.87,155,87,0,0
2,1,0.3,0,0,0.0,0,3,6,1,0,0,0.0,0,124,1,3
8,4,1.5,1,1,0.19,0,2,7,0,2,1,0.38,27,172,1,2
0,0,0.0,5,2,2.46,1,3,6,5,27,11,13.29,191,58,0,1
7,4,1.07,0,0,0.0,0,0,0,9,12,5,1.83,120,81,0,2
0,0,0.0,1,1,0.45,0,3,0,4,12,8,5.43,140,159,1,1
6,3,0.93,4,3,0.62,0,0,2,5,23,7,3.55,99,130,0,2
6,5,1.87,7,5,2.18,0,3,2,1,17,13,5.29,262,25,0,0
0,0,0.0,1,1,0.13,0,0,2,3,10,4,1.29,63,137,1,3
4,2,0.95,2,2,0.48,0,0,6,6,10,7,2.38,164,140,1,2
1,1,0.25,0,0,0.0,0,1,1,1,6,3,1.51,45,181,1,3
8,4,2.76,2,1,0.69,0,3,3,2,21,11,7.26,250,127,0,0
11,6,2.87,8,4,2.09,2,0,0,6,20,14,5.22,195,136,0,0
0,0,0.0,3,1,0.41,1,1,2,4,0,0,0.0,0,158,1,3
2,2,0.25,1,1,0.13,0,3,0,5,20,11,2.51,317,29,0,1
0,0,0.0,0,0,0.0,0,1,1,0,0,0,0.0,0,187,1,3
5,3,1.07,5,4,1.07,0,0,3,0,17,5,3.62,108,42,0,0
6,4,0.95,2,1,0.32,0,1,6,8,14,6,2.21,71,44,0,2
0,0,0.0,4,2,0.55,1,1,1,10,25,15,3.42,374,20,0,1
4,2,0.72,8,5,1.44,1,3,6,0,16,6,2.88,100,86,0,1
3,2,0.69,8,4,1.84,2,2,0,7,18,6,4.14,139,95,0,1
4,3,0.89,4,1,0.89,1,1,0,22,19,9,4.25,206,52,0,0
9,7,1.46,4,3,0.65,0,3,2,6,19,11,3.08,364,111,0,0
2,2,0.99,0,0,0.0,0,1,7,3,17,11,8.42,261,49,0,0
4,2,0.7,0,0,0.0,0,0,1,0,3,1,0.52,25,134,1,3
4,2,0.97,1,1,0.24,0,0,0,4,2,1,0.48,20,96,1,3
11,5,1.63,4,3,0.59,0,1,7,3,21,15,3.1,506,135,0,0
3,2,1.17,0,0,0.0,0,0,0,5,8,3,3.13,88,113,1,2
4,2,0.72,4,2,0.72,1,3,1,3,10,7,1.81,120,191,1,1
9,7,1.84,2,1,0.41,0,2,1,2,6,4,1.23,124,141,1,2
0,0,0.0,0,0,0.0,0,0,5,0,4,3,0.68,62,149,1,3
0,0,0.0,0,0,0.0,0,1,1,8,16,6,6.7,184,68,0,1
0,0,0.0,2,1,0.36,0,2,1,0,3,2,0.55,61,184,1,3
13,10,2.42,3,2,0.56,0,3,8,2,22,14,4.1,206,56,0,0
2,1,0.37,0,0,0.0,0,3,2,5,11,6,2.05,165,111,1,3
0,0,0.0,11,6,1.96,2,1,1,3,1,1,0.18,17,173,1,3
5,2,0.83,2,1,0.33,0,2,1,4,10,4,1.65,70,165,1,2
9,6,1.32,5,3,0.73,1,1,9,0,18,6,2.64,104,116,0,0
2,1,0.55,2,1,0.55,0,1,8,2,20,11,5.53,310,65,0,1
0,0,0.0,5,3,0.72,1,0,12,5,17,10,2.45,157,40,0,1
4,3,0.8,6,5,1.2,0,0,2,0,18,8,3.61,80,36,0,1
11,5,4.47,4,3,1.62,0,1,6,13,26,13,10.56,362,114,0,0
1,1,0.43,4,2,1.7,1,0,9,0,23,11,9.78,157,85,0,1
3,3,0.75,5,3,1.25,1,0,1,0,18,11,4.49,139,65,0,1
4,2,0.6,1,1,0.15,0,2,11,3,11,8,1.64,128,129,1,2
0,0,0.0,2,2,0.32,0,0,8,3,18,7,2.88,136,31,0,1
7,5,1.04,5,4,0.74,0,1,0,12,17,8,2.53,175,36,0,0
4,3,0.78,3,2,0.59,0,1,8,6,20,7,3.92,78,25,0,0
4,3,0.86,0,0,0.0,0,3,4,4,8,5,1.72,171,93,1,2
0,0,0.0,1,1,0.35,0,1,1,6,5,3,1.73,84,191,1,3
3,2,0.76,2,1,0.5,0,0,0,2,11,8,2.77,145,117,1,1
0,0,0.0,0,0,0.0,0,1,0,7,20,9,4.34,162,38,0,1
0,0,0.0,2,1,0.79,0,3,4,2,27,20,10.67,424,89,0,1
7,5,2.11,0,0,0.0,0,3,1,2,6,2,1.81,51,198,1,2
0,0,0.0,5,3,0.89,1,1,10,8,26,15,4.65,205,11,0,1
10,8,1.56,5,3,0.78,1,0,0,10,16,5,2.49,74,109,0,0
1,1,0.13,0,0,0.0,0,3,0,3,1,1,0.13,31,185,1,3
0,0,0.0,9,4,1.18,2,0,0,9,22,12,2.9,197,23,0,1
1,1,0.17,3,2,0.51,0,2,9,0,8,5,1.37,98,128,1,3
10,6,2.21,4,3,0.88,0,1,1,12,19,13,4.2,413,88,0,0
2,1,0.34,0,0,0.0,0,0,2,11,19,7,3.27,186,60,0,1
4,2,0.6,1,1,0.15,0,0,0,8,18,6,2.68,111,53,0,1
0,0,0.0,2,1,0.74,0,0,10,14,24,17,8.86,461,25,0,1
1,1,0.22,0,0,0.0,0,2,2,2,2,1,0.45,10,143,1,3
0,0,0.0,6,4,0.85,1,3,7,7,23,8,3.27,227,99,0,1
1,1,0.23,3,2,0.7,0,0,4,16,21,11,4.88,244,80,0,1
9,7,1.66,6,3,1.1,1,3,8,3,22,13,4.05,394,62,0,0
2,1,0.36,6,4,1.09,1,0,0,8,22,7,3.98,237,44,0,1
3,2,0.97,2,1,0.64,0,1,4,4,4,2,1.29,66,113,1,3
9,7,2.16,0,0,0.0,0,0,6,7,24,8,5.75,262,51,0,0
0,0,0.0,3,2,0.75,0,3,7,3,21,10,5.24,228,159,1,1
0,0,0.0,5,2,2.32,1,2,4,2,20,14,9.27,266,64,0,1
0,0,0.0,4,1,1.86,1,2,5,4,15,11,6.99,238,73,0,1
7,6,1.0,2,1,0.29,0,3,4,11,20,12,2.86,327,82,0,0
1,1,0.27,4,2,1.1,1,2,6,1,26,10,7.15,321,36,0,1
7,6,1.37,0,0,0.0,0,3,4,9,19,13,3.72,197,54,0,0
7,4,1.85,0,0,0.0,0,2,3,0,13,7,3.43,231,208,1,2
0,0,0.0,0,0,0.0,0,3,0,0,32,12,4.19,365,41,0,1
2,1,0.56,8,6,2.25,0,1,4,1,28,20,7.87,689,40,0,1
3,2,0.66,3,2,0.66,0,0,1,4,13,8,2.84,256,177,1,1
0,0,0.0,9,5,1.24,1,1,10,7,18,11,2.49,187,34,0,1
0,0,0.0,4,2,0.57,0,0,4,1,17,11,2.41,139,18,0,1
1,1,0.32,1,1,0.32,0,1,2,0,0,0,0.0,0,163,1,3
2,1,0.29,0,0,0.0,0,1,2,3,0,0,0.0,0,164,1,3
4,2,0.84,0,0,0.0,0,2,7,2,8,5,1.68,127,201,1,2
15,10,3.06,1,1,0.2,0,0,0,13,15,6,3.06,181,55,0,0
0,0,0.0,4,2,1.43,1,0,3,0,8,4,2.86,130,116,1,1
0,0,0.0,5,3,2.01,0,1,0,5,0,0,0.0,0,106,1,3
10,4,1.57,1,1,0.16,0,3,0,3,19,12,2.98,122,76,0,0
1,1,0.2,3,1,0.6,1,1,11,0,7,4,1.41,59,85,1,3
0,0,0.0,6,2,1.3,2,1,5,7,22,14,4.76,175,30,0,1
0,0,0.0,3,2,0.47,0,2,0,6,22,15,3.45,286,81,0,1
12,7,1.82,7,3,1.06,2,2,3,0,23,14,3.49,315,111,0,0
0,0,0.0,9,6,3.05,1,0,6,3,14,6,4.74,67,29,0,1
10,5,1.77,3,2,0.53,0,1,4,0,23,10,4.06,187,75,0,0
13,6,4.62,8,6,2.84,1,0,3,0,19,8,6.76,116,82,0,0
2,1,0.31,1,1,0.15,0,3,9,7,15,5,2.3,131,30,0,1
11,6,1.85,4,2,0.67,1,0,1,1,22,9,3.7,194,146,0,0
0,0,0.0,6,4,0.78,0,1,3,1,18,7,2.33,157,69,0,1
14,6,5.8,13,10,5.39,1,0,3,1,3,2,1.24,41,244,1,0
4,3,1.71,4,2,1.71,1,0,6,0,0,0,0.0,0,120,1,2
4,3,1.08,3,2,0.81,0,2,2,1,3,1,0.81,15,160,1,2
2,1,0.56,1,1,0.28,0,0,8,1,1,1,0.28,23,150,1,3
3,2,0.86,4,3,1.15,0,0,2,0,19,12,5.46,341,17,0,0
3,2,0.4,1,1,0.13,0,1,5,0,16,5,2.15,120,162,1,3
6,5,1.72,0,0,0.0,0,0,2,0,3,2,0.86,66,128,1,2
9,6,2.48,5,4,1.38,0,0,3,9,21,12,5.78,233,83,0,0
10,5,1.53,7,4,1.07,1,3,9,1,17,8,2.59,173,169,0,0
1,1,0.21,2,2,0.43,0,2,0,2,8,5,1.7,61,157,1,3
3,2,0.45,1,1,0.15,0,3,0,2,1,1,0.15,25,196,1,3
8,7,3.34,3,2,1.25,0,3,3,5,0,0,0.0,0,171,1,2
4,3,0.81,2,1,0.41,0,2,2,1,5,2,1.02,28,138,1,3
1,1,0.45,0,0,0.0,0,0,6,1,19,13,8.63,307,142,1,1
3,2,1.26,0,0,0.0,0,2,6,0,14,7,5.89,163,113,0,2
2,2,0.27,3,2,0.4,0,3,10,11,29,17,3.9,202,24,0,1
4,3,1.41,2,1,0.71,0,2,2,1,10,4,3.53,110,123,1,2
6,3,1.16,2,1,0.39,0,1,7,4,17,10,3.27,256,104,0,2
6,2,1.34,0,0,0.0,0,0,8,5,21,14,4.7,206,77,0,0
0,0,0.0,2,1,0.49,0,3,6,6,20,10,4.9,217,52,0,1
0,0,0.0,0,0,0.0,0,2,3,0,21,12,2.84,336,99,0,1
0,0,0.0,1,1,0.47,0,3,6,3,5,3,2.35,70,128,1,3
5,2,0.84,5,2,0.84,1,0,7,10,21,15,3.51,298,84,0,0
4,3,0.51,4,2,0.51,1,0,0,0,27,14,3.47,253,28,0,0
5,3,0.93,7,4,1.31,1,0,5,1,21,14,3.92,354,101,0,0
0,0,0.0,3,1,0.39,1,2,3,8,21,14,2.76,469,68,0,1
3,2,1.3,10,4,4.32,2,0,3,1,16,8,6.92,214,54,0,1
0,0,0.0,4,2,0.89,1,0,3,10,18,7,3.99,83,11,0,1
5,3,1.4,0,0,0.0,0,3,3,5,26,13,7.3,280,80,0,0
0,0,0.0,3,2,0.47,0,0,5,11,20,13,3.13,420,11,0,1
0,0,0.0,0,0,0.0,0,3,8,5,4,2,0.51,25,136,1,3
0,0,0.0,6,5,1.7,0,1,0,3,19,10,5.37,347,65,0,1
5,4,0.84,4,2,0.68,0,3,0,0,10,7,1.69,236,88,1,2
5,4,1.57,1,1,0.31,0,1,10,6,11,5,3.45,60,122,1,2
1,1,0.19,2,1,0.37,0,3,6,5,17,10,3.15,333,69,0,1
8,7,1.67,7,3,1.46,1,3,5,9,23,9,4.81,172,29,0,0
1,1,0.13,1,1,0.13,0,0,1,9,22,8,2.81,249,38,0,1
2,1,0.35,4,2,0.71,0,0,9,6,21,14,3.72,286,34,0,1
0,0,0.0,6,2,1.46,1,0,5,0,23,8,5.61,168,62,0,1
11,9,4.1,0,0,0.0,0,2,9,3,25,11,9.31,284,85,0,0
2,1,0.69,0,0,0.0,0,3,3,13,19,13,6.53,382,84,0,0
0,0,0.0,0,0,0.0,0,1,0,0,0,0,0.0,0,191,1,3
0,0,0.0,1,1,0.29,0,2,7,4,22,16,6.28,397,173,1,1
2,2,0.28,7,3,0.99,2,0,7,3,20,15,2.82,220,17,0,1
0,0,0.0,0,0,0.0,0,3,4,2,4,2,0.75,37,163,1,3
6,3,1.17,7,3,1.36,1,3,8,0,21,7,4.09,131,129,0,0
3,2,1.12,9,5,3.35,2,0,0,6,22,14,8.18,304,35,0,1
0,0,0.0,0,0,0.0,0,1,2,4,7,4,0.98,73,124,1,3
0,0,0.0,3,1,0.47,1,0,0,11,20,7,3.16,89,19,0,1
7,3,2.91,1,1,0.42,0,1,7,2,22,14,9.14,191,88,0,0
0,0,0.0,6,3,0.96,1,1,5,16,20,6,3.2,65,71,0,1
0,0,0.0,3,1,0.57,1,0,5,1,18,12,3.42,261,68,0,1
1,1,0.4,0,0,0.0,0,1,4,0,23,8,9.24,271,88,0,1
0,0,0.0,0,0,0.0,0,0,10,2,1,1,0.21,13,83,1,3
6,5,1.22,0,0,0.0,0,1,6,0,22,8,4.48,269,31,0,0
0,0,0.0,3,2,1.0,0,1,0,5,7,5,2.34,142,159,1,3
5,3,0.65,4,2,0.52,0,0,6,6,20,12,2.61,311,91,0,0
1,1,0.14,5,2,0.7,1,2,2,4,20,13,2.82,340,65,0,1
0,0,0.0,7,4,1.16,1,2,1,11,22,11,3.66,337,58,0,1
2,1,0.42,8,4,1.68,1,1,3,15,24,11,5.03,139,81,0,1
2,1,0.45,4,2,0.89,1,0,8,9,13,5,2.91,113,81,0,1
8,6,1.35,10,4,1.69,2,2,5,0,14,7,2.37,192,107,0,0
2,1,0.38,4,2,0.76,1,3,4,2,17,9,3.22,222,181,1,1
15,11,6.32,4,2,1.69,1,0,10,5,14,8,5.9,247,131,0,0
0,0,0.0,1,1,0.2,0,0,3,4,14,6,2.76,71,91,1,3
3,1,0.44,5,2,0.73,1,0,11,9,23,17,3.36,464,91,0,0
7,3,1.47,2,1,0.42,0,1,2,3,10,4,2.1,93,217,1,2
0,0,0.0,3,2,1.3,0,0,2,0,22,16,9.52,312,84,1,1
10,7,1.49,0,0,0.0,0,1,10,9,21,6,3.13,111,122,0,0
8,5,2.49,0,0,0.0,0,2,1,1,22,11,6.86,281,119,0,0
0,0,0.0,0,0,0.0,0,1,5,9,9,4,2.53,129,120,1,3
5,4,1.67,1,1,0.33,0,1,0,1,19,10,6.36,224,75,0,0
4,2,1.0,5,4,1.26,0,1,11,5,21,12,5.27,367,36,0,0
0,0,0.0,1,1,0.15,0,1,6,6,21,10,3.21,201,97,0,1
0,0,0.0,0,0,0.0,0,0,6,12,16,8,3.13,100,83,0,1
0,0,0.0,0,0,0.0,0,0,8,0,1,1,0.31,12,124,1,3
4,3,0.55,4,3,0.55,0,3,1,2,20,12,2.75,135,100,1,1
7,6,0.96,4,3,0.55,0,0,6,5,18,12,2.47,234,70,0,0
10,8,1.38,1,1,0.14,0,2,4,2,16,7,2.22,129,64,0,0
4,2,1.17,3,1,0.87,1,3,2,1,14,8,4.08,224,35,0,0
0,0,0.0,6,3,1.27,1,0,4,3,18,10,3.82,286,59,0,1
3,2,0.38,5,3,0.63,1,1,11,14,15,7,1.9,79,53,0,1
1,1,0.15,1,1,0.15,0,1,2,1,5,3,0.75,47,178,1,3
6,4,2.77,5,3,2.31,0,3,0,1,18,8,8.32,135,96,0,0
2,2,0.84,4,3,1.67,0,3,8,3,23,8,9.62,190,92,0,0
11,7,2.3,1,1,0.21,0,2,9,3,21,8,4.39,109,137,0,0
4,2,0.54,4,3,0.54,0,0,11,2,2,1,0.27,13,168,1,3
0,0,0.0,7,4,1.34,1,2,3,6,19,12,3.63,403,29,0,1
4,2,0.8,1,1,0.2,0,1,6,4,6,4,1.2,120,146,1,2
9,4,3.42,5,3,1.9,1,1,3,3,27,20,10.26,290,91,0,0
4,2,0.67,0,0,0.0,0,0,6,10,17,11,2.86,222,94,0,2
0,0,0.0,4,2,0.58,1,0,0,8,16,5,2.31,94,95,0,1
0,0,0.0,7,3,1.63,1,2,2,4,20,14,4.67,417,75,0,1
0,0,0.0,1,1,0.15,0,1,0,1,5,3,0.75,68,194,1,3
0,0,0.0,4,2,0.51,0,0,1,1,20,10,2.57,132,67,0,1
0,0,0.0,0,0,0.0,0,1,1,0,7,4,2.17,114,85,1,3
7,4,1.36,5,3,0.97,0,3,6,3,23,17,4.47,339,92,0,0
13,10,3.49,1,1,0.27,0,2,12,3,21,11,5.64,182,53,0,0
6,4,0.89,0,0,0.0,0,0,8,2,5,4,0.74,78,142,1,2
3,2,0.55,4,2,0.73,1,0,4,13,19,6,3.48,135,83,0,1
0,0,0.0,2,1,0.34,0,0,3,0,20,8,3.44,149,49,0,1
2,1,0.29,1,1,0.15,0,3,3,1,19,9,2.8,144,72,0,1
0,0,0.0,0,0,0.0,0,1,15,3,0,0,0.0,0,199,1,3
5,2,0.67,0,0,0.0,0,1,0,0,0,0,0.0,0,149,1,3
10,5,1.92,0,0,0.0,0,1,3,1,12,9,2.31,264,247,1,2
0,0,0.0,2,1,0.68,0,1,4,2,17,8,5.77,114,52,0,1
4,2,0.65,2,1,0.32,0,3,0,0,17,5,2.75,55,61,0,1
2,1,0.3,0,0,0.0,0,1,4,0,11,7,1.63,184,181,1,3
1,1,0.26,0,0,0.0,0,0,2,0,19,11,4.87,323,51,0,1
10,5,1.4,7,5,0.98,1,0,5,8,18,7,2.52,212,117,0,0
1,1,0.13,3,1,0.4,0,1,2,5,11,6,1.48,134,144,1,3
0,0,0.0,2,2,0.55,0,3,8,5,14,9,3.82,136,115,1,1
4,3,0.51,0,0,0.0,0,0,6,5,19,12,2.4,341,96,0,2
0,0,0.0,9,5,3.16,2,3,7,11,18,9,6.33,247,34,0,1
0,0,0.0,4,2,1.25,1,2,1,6,26,11,8.09,178,13,0,1
3,2,0.97,1,1,0.32,0,0,0,7,18,13,5.8,424,40,0,0
0,0,0.0,3,2,0.41,0,0,4,5,21,13,2.85,164,35,0,1
1,1,0.17,6,3,1.01,1,0,8,13,23,11,3.88,380,92,0,1
1,1,0.34,1,1,0.34,0,2,5,7,4,2,1.37,63,185,1,3
0,0,0.0,2,1,0.43,0,0,5,3,18,11,3.88,299,17,0,1
5,3,0.88,0,0,0.0,0,1,10,1,18,7,3.16,234,33,0,2
7,5,2.8,4,3,1.6,0,1,0,5,24,9,9.6,253,54,0,0
10,7,1.37,0,0,0.0,0,2,0,9,24,13,3.29,192,83,0,0
6,3,0.88,0,0,0.0,0,0,2,1,6,3,0.88,63,204,1,2
0,0,0.0,0,0,0.0,0,1,0,8,19,11,3.78,130,87,0,1
0,0,0.0,2,1,0.26,0,1,2,5,9,3,1.15,59,125,1,3
6,4,1.33,4,3,0.89,0,1,4,4,14,8,3.11,228,173,1,2
0,0,0.0,1,1,0.13,0,3,0,1,11,5,1.39,98,82,1,3
4,2,0.67,3,1,0.5,1,0,1,5,16,5,2.66,91,56,0,1
0,0,0.0,6,2,1.03,1,3,8,5,22,8,3.79,199,42,0,1
2,1,0.67,10,7,3.34,1,2,11,5,21,15,7.01,477,98,0,1
9,4,1.23,4,3,0.55,0,1,9,4,18,12,2.47,134,120,0,0
9,5,1.97,4,3,0.88,0,2,4,6,21,9,4.6,177,108,0,0
0,0,0.0,3,2,1.01,0,1,0,4,20,13,6.73,181,54,0,1
1,1,0.48,1,1,0.48,0,0,1,2,16,9,7.71,246,115,1,1
7,4,1.31,5,3,0.93,0,2,12,13,19,14,3.55,177,44,0,0
9,6,1.74,7,4,1.36,1,1,3,3,23,11,4.45,293,87,0,0
3,1,0.47,3,1,0.47,1,2,2,1,25,15,3.96,257,99,0,1
0,0,0.0,2,1,0.27,0,0,0,4,19,6,2.59,90,29,0,1
0,0,0.0,2,2,0.81,0,3,15,1,0,0,0.0,0,117,1,3
0,0,0.0,8,3,1.25,1,1,2,5,21,15,3.29,157,83,0,1
3,2,0.96,1,1,0.32,0,0,4,7,21,11,6.72,230,59,0,0
7,4,0.98,0,0,0.0,0,1,2,11,21,9,2.94,95,109,0,2
3,1,0.43,0,0,0.0,0,2,3,3,5,2,0.72,44,189,1,3
5,3,0.95,5,4,0.95,0,2,4,2,0,0,0.0,0,217,1,3
15,7,2.4,0,0,0.0,0,1,7,8,21,12,3.35,216,162,0,0
0,0,0.0,9,5,2.32,2,3,13,3,18,8,4.63,106,99,0,1
0,0,0.0,7,5,1.45,1,0,6,2,15,11,3.11,214,41,0,1
3,2,0.43,6,3,0.87,1,1,7,7,22,7,3.17,188,58,0,1
5,3,1.05,3,2,0.63,0,3,2,0,0,0,0.0,0,160,1,2
5,4,1.21,5,3,1.21,1,3,3,4,25,18,6.03,419,36,0,0
6,5,1.21,5,3,1.01,1,2,1,7,26,12,5.24,297,79,0,0
0,0,0.0,1,1,0.14,0,3,1,2,0,0,0.0,0,183,1,3
5,2,1.25,1,1,0.25,0,0,10,5,19,10,4.74,172,80,0,2
6,4,1.97,0,0,0.0,0,3,6,6,11,7,3.62,98,181,1,2
0,0,0.0,0,0,0.0,0,0,2,1,2,1,0.32,16,124,1,3
9,7,1.29,3,1,0.43,1,0,15,19,22,16,3.16,250,64,0,0
12,7,4.61,2,1,0.77,0,0,17,6,22,14,8.45,322,99,0,0
3,1,0.87,2,1,0.58,0,1,0,7,4,2,1.16,48,144,1,3
4,2,1.4,6,3,2.1,1,0,2,4,25,16,8.77,538,104,0,0
2,1,0.49,0,0,0.0,0,0,0,4,4,2,0.98,30,113,1,3
4,3,0.85,0,0,0.0,0,0,1,1,15,7,3.19,182,72,0,2
2,1,0.31,2,2,0.31,0,0,9,7,19,12,2.93,365,87,0,1
6,3,1.02,3,2,0.51,0,1,3,11,24,18,4.06,432,52,0,0
5,4,0.87,5,3,0.87,0,1,6,0,15,5,2.62,82,125,1,2
0,0,0.0,4,1,0.97,1,0,1,3,16,8,3.89,133,70,0,1
0,0,0.0,3,1,0.43,1,2,3,7,17,9,2.41,99,171,1,1
1,1,0.21,3,2,0.62,0,3,1,8,13,6,2.69,106,119,1,1
0,0,0.0,0,0,0.0,0,2,5,0,16,7,2.03,200,41,0,1
2,1,0.34,8,6,1.38,1,0,0,8,16,5,2.76,56,93,0,1
4,2,1.45,0,0,0.0,0,2,4,0,0,0,0.0,0,132,1,2
5,2,0.83,9,3,1.49,2,0,6,1,23,11,3.8,304,59,0,0
1,1,0.25,1,1,0.25,0,0,2,1,17,7,4.3,207,90,1,1
7,3,1.14,0,0,0.0,0,0,0,4,10,7,1.63,150,232,1,2
1,1,0.41,6,2,2.48,1,3,13,15,20,13,8.27,357,18,0,1
4,2,1.31,1,1,0.33,0,0,7,9,21,11,6.89,217,86,0,0
0,0,0.0,0,0,0.0,0,0,6,1,4,2,0.56,28,163,1,3
5,3,1.49,5,3,1.49,1,0,10,12,24,14,7.14,279,69,0,0
0,0,0.0,0,0,0.0,0,3,0,0,21,9,2.99,220,78,0,1
0,0,0.0,0,0,0.0,0,2,0,1,20,8,5.44,270,36,0,1
1,1,0.17,1,1,0.17,0,0,10,10,22,14,3.76,164,79,0,1
8,7,1.3,0,0,0.0,0,1,2,0,23,7,3.73,159,83,0,0
1,1,0.2,9,5,1.77,2,1,9,0,22,8,4.33,146,32,0,1
6,5,1.57,1,1,0.26,0,2,2,2,18,5,4.7,114,173,1,2
9,5,2.75,5,2,1.53,1,0,8,3,19,7,5.8,74,110,0,0
7,3,3.18,0,0,0.0,0,3,9,9,21,7,9.55,125,101,0,0
3,2,0.78,0,0,0.0,0,0,6,2,17,13,4.45,396,159,1,2
0,0,0.0,3,2,0.51,0,2,0,0,2,1,0.34,24,161,1,3
9,6,1.18,5,3,0.66,1,0,4,1,19,7,2.49,149,121,0,0
0,0,0.0,5,4,0.69,0,1,3,2,10,4,1.38,69,91,1,3
2,1,0.3,5,3,0.76,1,1,10,7,15,11,2.27,192,40,0,1
11,8,1.63,3,1,0.45,1,1,2,0,18,10,2.67,196,95,0,0
2,1,0.33,0,0,0.0,0,0,13,6,10,5,1.67,154,168,1,3
3,2,0.84,4,3,1.12,0,2,1,9,20,14,5.62,479,72,0,0
10,6,1.34,2,1,0.27,0,0,3,1,18,9,2.42,189,121,1,0
18,11,2.99,2,1,0.33,0,2,6,6,19,9,3.15,179,126,0,0
0,0,0.0,13,6,2.42,3,3,7,3,22,9,4.1,280,83,0,1
14,6,5.25,5,3,1.88,1,1,0,3,24,11,9.0,227,123,0,0
7,5,1.49,3,1,0.64,1,2,4,3,5,2,1.07,48,123,1,2
3,2,0.63,4,3,0.84,0,2,3,2,12,7,2.52,110,187,1,1
2,1,0.28,1,1,0.14,0,1,5,5,19,8,2.64,229,132,1,1
5,2,0.95,0,0,0.0,0,3,0,4,9,5,1.7,116,175,1,2
2,1,0.47,10,5,2.34,1,0,0,5,18,6,4.2,181,33,0,1
10,6,1.27,4,3,0.51,0,1,5,11,15,6,1.91,177,93,0,0
0,0,0.0,5,3,1.88,1,2,6,0,17,8,6.38,123,33,0,1
0,0,0.0,0,0,0.0,0,1,2,2,0,0,0.0,0,153,1,3
5,2,2.22,1,1,0.44,0,0,0,7,6,3,2.66,90,210,1,2
2,1,0.31,0,0,0.0,0,1,9,9,19,11,2.95,205,36,0,1
3,3,0.4,9,7,1.2,1,3,1,10,21,9,2.8,129,89,0,1
0,0,0.0,3,2,0.82,0,3,2,1,8,3,2.17,30,173,1,3
8,6,1.12,7,3,0.98,1,1,4,5,18,6,2.52,128,109,0,0
5,3,1.33,0,0,0.0,0,2,8,3,10,4,2.66,75,111,1,2
0,0,0.0,3,2,0.4,0,3,0,8,20,7,2.68,167,40,0,1
7,5,1.07,5,2,0.77,1,0,0,5,26,10,3.99,147,35,0,0
0,0,0.0,2,1,0.29,0,0,9,0,20,13,2.93,409,25,0,1
2,1,0.95,2,1,0.95,0,2,0,5,6,2,2.85,33,167,1,3
0,0,0.0,5,3,0.64,1,3,4,8,17,9,2.19,141,60,0,1
2,1,0.31,6,5,0.94,0,3,8,2,16,8,2.52,176,30,0,1
11,9,2.87,1,1,0.26,0,1,0,6,17,9,4.44,202,33,0,0
11,9,1.58,6,3,0.86,1,0,3,1,20,11,2.87,169,28,0,0
13,11,3.52,2,1,0.54,0,1,5,2,22,10,5.96,168,90,0,0
1,1,0.14,7,4,0.97,1,0,13,1,17,7,2.35,100,74,0,1
0,0,0.0,2,1,0.75,0,0,0,3,11,7,4.11,196,133,1,1
0,0,0.0,11,6,1.77,1,2,4,8,23,16,3.7,468,60,0,1
0,0,0.0,0,0,0.0,0,0,13,4,1,1,0.19,22,128,1,3
0,0,0.0,6,5,2.33,0,3,9,3,19,7,7.37,195,91,0,1
9,7,2.61,6,3,1.74,1,1,13,22,22,15,6.37,426,112,0,0
5,3,2.41,3,2,1.45,0,1,3,3,18,8,8.68,108,93,0,0
2,2,0.42,4,3,0.83,0,0,4,5,13,7,2.7,239,131,1,1
0,0,0.0,0,0,0.0,0,0,2,5,22,10,5.78,305,83,0,1
8,6,1.43,3,1,0.54,1,0,1,3,20,7,3.58,106,203,1,2
1,1,0.26,1,1,0.26,0,3,4,0,4,2,1.06,29,112,1,3
2,1,0.53,1,1,0.26,0,3,0,2,11,6,2.9,79,139,1,3
0,0,0.0,3,1,0.46,1,1,0,0,23,9,3.56,121,30,0,1
0,0,0.0,4,3,1.75,0,0,3,4,28,14,12.23,402,39,0,1
6,4,0.81,6,3,0.81,1,3,0,6,20,13,2.7,283,81,0,0
2,1,0.28,5,3,0.7,1,0,0,2,11,6,1.55,177,169,1,1
8,4,1.33,5,2,0.83,1,0,7,6,20,7,3.33,201,90,0,0
0,0,0.0,5,3,0.9,0,1,0,4,13,7,2.34,176,141,1,1
0,0,0.0,0,0,0.0,0,3,7,3,0,0,0.0,0,143,1,3
0,0,0.0,7,5,2.25,1,0,10,6,18,12,5.78,126,63,0,1
0,0,0.0,0,0,0.0,0,0,9,4,4,2,1.62,36,135,1,3
2,1,0.58,1,1,0.29,0,3,6,1,19,7,5.53,182,84,0,1
2,1,0.3,3,2,0.44,0,0,1,7,3,2,0.44,20,121,1,3
2,1,0.91,1,1,0.45,0,0,0,6,9,5,4.08,54,199,1,3
11,8,2.0,7,5,1.27,1,1,7,5,20,6,3.64,188,94,0,0
11,7,1.38,0,0,0.0,0,3,15,0,24,12,3.01,325,64,0,0
6,3,0.84,5,2,0.7,1,1,1,0,26,12,3.64,200,128,0,0
5,4,0.97,1,1,0.19,0,3,6,4,5,3,0.97,82,179,1,2
0,0,0.0,6,4,2.52,1,2,3,8,22,9,9.24,268,18,0,1
9,6,1.29,0,0,0.0,0,0,0,6,16,9,2.29,159,115,0,2
7,6,1.25,4,2,0.72,1,3,1,0,25,18,4.47,196,35,0,0
2,1,0.74,0,0,0.0,0,1,7,0,2,1,0.74,33,197,1,3
3,1,1.17,5,4,1.95,0,0,8,6,20,14,7.8,261,24,0,0
0,0,0.0,1,1,0.13,0,1,9,2,4,3,0.54,38,166,1,3
3,2,0.5,0,0,0.0,0,0,0,9,6,2,1.0,45,197,1,3
10,6,1.43,6,4,0.86,0,0,6,4,17,10,2.44,292,68,0,0
6,3,0.82,2,1,0.27,0,0,0,2,15,7,2.06,109,109,0,2
11,8,2.03,5,2,0.92,1,1,0,3,24,16,4.42,268,128,0,0
1,1,0.2,0,0,0.0,0,3,3,6,9,4,1.76,64,83,1,3
3,2,0.65,2,1,0.44,0,1,5,0,10,7,2.18,244,140,1,1
0,0,0.0,2,1,0.51,0,3,10,1,12,7,3.08,105,187,1,3
3,2,0.65,0,0,0.0,0,0,0,2,10,7,2.17,171,119,1,2
4,2,0.6,5,2,0.75,1,0,2,2,21,7,3.16,232,42,0,1
4,2,0.71,1,1,0.18,0,0,6,3,2,1,0.36,14,143,1,3
5,3,0.68,3,2,0.41,0,0,6,3,14,9,1.9,308,173,1,2
0,0,0.0,4,2,0.86,0,0,0,5,17,5,3.65,168,65,0,1
0,0,0.0,1,1,0.18,0,2,5,4,16,11,2.84,353,167,1,1
1,1,0.17,5,2,0.86,1,3,5,9,23,7,3.97,108,59,0,1
4,3,0.72,7,4,1.26,1,3,4,4,10,6,1.8,155,175,1,1
2,2,0.32,7,4,1.13,1,0,6,7,25,12,4.02,348,94,0,1
7,4,2.04,6,3,1.75,1,3,0,8,22,13,6.42,450,79,0,0
0,0,0.0,0,0,0.0,0,0,3,2,16,10,3.15,145,112,1,3
0,0,0.0,4,2,1.52,1,0,1,3,8,4,3.05,117,98,1,1
0,0,0.0,0,0,0.0,0,3,3,2,14,5,3.25,92,91,1,3
5,2,1.02,8,4,1.62,1,2,9,3,17,6,3.45,86,46,0,1
9,5,1.52,0,0,0.0,0,0,6,3,23,13,3.89,267,78,0,0
3,2,0.39,1,1,0.13,0,1,2,0,4,2,0.52,60,104,1,3
2,1,0.36,0,0,0.0,0,0,0,3,0,0,0.0,0,123,1,3
0,0,0.0,6,4,0.93,0,2,1,2,17,9,2.63,211,26,0,1
7,5,1.39,0,0,0.0,0,1,7,5,20,10,3.97,349,113,0,0
0,0,0.0,0,0,0.0,0,3,7,6,17,8,2.93,160,79,0,1
1,1,0.41,2,2,0.82,0,0,1,0,7,2,2.89,51,171,1,3
8,6,2.27,2,1,0.57,0,1,0,13,17,8,4.82,153,99,0,0
2,1,0.48,2,1,0.48,0,1,8,7,20,15,4.79,297,102,0,1
0,0,0.0,5,2,1.03,1,1,0,3,10,7,2.07,192,196,1,3
7,4,3.08,0,0,0.0,0,0,1,3,0,0,0.0,0,116,1,2
8,4,2.82,3,2,1.06,0,2,12,9,19,11,6.69,259,97,0,0
12,10,3.28,3,1,0.82,1,3,2,3,22,15,6.01,438,106,0,0
0,0,0.0,0,0,0.0,0,3,6,7,21,10,2.68,122,13,0,1
0,0,0.0,2,1,0.5,0,3,10,3,20,6,5.01,92,121,1,1
7,4,1.43,3,1,0.61,0,3,0,4,20,7,4.09,158,89,0,0
7,6,2.2,2,2,0.63,0,1,3,3,11,6,3.46,63,172,1,2
0,0,0.0,5,2,0.88,1,3,0,0,0,0,0.0,0,151,1,3
4,3,1.09,4,2,1.09,1,0,3,9,24,15,6.51,344,31,0,0
4,3,1.23,4,2,1.23,0,1,5,4,23,8,7.09,83,88,0,0
0,0,0.0,5,3,0.98,0,0,0,3,3,1,0.59,17,168,1,3
4,2,1.97,3,1,1.48,1,1,12,5,20,13,9.84,297,73,0,0
6,5,2.93,0,0,0.0,0,0,0,0,20,14,9.78,341,108,0,0
3,2,0.91,4,2,1.21,1,3,0,1,4,2,1.21,66,148,1,3
14,9,6.31,4,2,1.8,1,0,8,4,20,12,9.01,314,79,0,0
4,3,1.51,0,0,0.0,0,0,0,4,4,1,1.51,20,170,1,2
1,1,0.25,5,3,1.24,0,1,0,7,17,11,4.22,366,49,0,1
5,4,0.73,3,1,0.44,1,0,0,1,18,12,2.64,355,67,0,0
0,0,0.0,3,2,0.55,0,0,3,4,23,10,4.23,150,15,0,1
5,3,0.99,7,5,1.38,1,0,3,4,27,17,5.32,226,84,0,0
2,1,0.53,2,2,0.53,0,1,2,0,19,8,5.05,215,101,1,1
0,0,0.0,4,2,0.53,1,1,6,0,19,6,2.5,144,84,0,1
10,7,2.28,4,3,0.91,0,2,4,1,15,6,3.42,178,119,0,0
0,0,0.0,4,2,1.59,1,2,5,4,13,5,5.15,142,195,1,1
4,3,0.7,0,0,0.0,0,1,6,2,7,3,1.23,77,104,1,2
3,2,1.12,0,0,0.0,0,0,1,3,5,2,1.86,69,172,1,2
4,2,0.98,7,3,1.72,2,0,13,15,20,11,4.91,257,78,0,0
0,0,0.0,6,4,1.19,1,2,4,1,23,12,4.56,154,36,0,1
0,0,0.0,0,0,0.0,0,0,9,3,0,0,0.0,0,141,1,3
1,1,0.2,0,0,0.0,0,0,2,0,9,3,1.81,49,136,1,3
4,3,0.64,9,6,1.45,1,2,2,3,20,11,3.22,324,24,0,1
1,1,0.13,3,1,0.38,1,1,4,1,12,6,1.51,204,193,1,3
4,3,1.43,1,1,0.36,0,0,4,3,7,3,2.51,82,186,1,2
0,0,0.0,4,2,1.1,1,0,6,0,10,7,2.74,174,152,1,1
7,4,1.6,2,1,0.46,0,3,5,1,14,9,3.21,194,151,1,2
0,0,0.0,1,1,0.22,0,3,7,4,9,6,1.99,115,123,1,3
2,1,0.45,5,3,1.12,1,2,6,7,15,8,3.36,151,62,0,1
0,0,0.0,1,1,0.13,0,1,1,0,10,4,1.34,104,152,1,3
6,2,0.95,3,2,0.48,0,1,0,1,23,14,3.66,403,80,0,0
0,0,0.0,3,2,0.53,0,3,1,4,20,8,3.54,216,23,0,1
5,3,1.3,3,1,0.78,1,3,6,16,28,14,7.26,209,87,0,0
0,0,0.0,3,1,0.43,0,0,8,11,24,8,3.46,179,94,0,1
1,1,0.13,0,0,0.0,0,3,1,0,3,2,0.39,60,118,1,3
2,1,0.29,3,2,0.43,0,0,7,6,18,6,2.6,131,88,0,1
3,2,1.49,2,1,1.0,0,0,0,2,4,3,1.99,70,102,1,2
0,0,0.0,0,0,0.0,0,2,3,9,20,14,3.44,410,44,0,1
0,0,0.0,0,0,0.0,0,1,4,2,15,8,6.5,212,83,1,1
8,4,2.26,2,1,0.56,0,3,7,7,24,15,6.77,304,67,0,0
1,1,0.42,3,2,1.27,0,0,6,2,6,3,2.55,97,97,1,3
1,1,0.18,4,3,0.71,0,1,0,2,14,9,2.49,127,44,0,1
3,1,0.49,0,0,0.0,0,3,6,3,12,6,1.96,209,62,0,1
5,3,1.86,2,1,0.74,0,3,12,5,21,14,7.82,182,53,0,0
3,2,0.7,7,3,1.63,2,0,7,8,19,10,4.42,104,84,0,1
4,3,0.84,0,0,0.0,0,1,9,12,22,16,4.64,516,103,0,0
1,1,0.24,1,1,0.24,0,2,5,2,5,3,1.19,48,101,1,3
4,3,1.47,2,2,0.73,0,0,3,4,13,7,4.77,198,192,1,2
3,2,0.66,4,3,0.89,0,3,0,7,6,4,1.33,121,138,1,1
5,2,0.77,1,1,0.15,0,3,13,12,16,11,2.46,346,112,0,2
2,1,0.82,1,1,0.41,0,0,4,2,3,2,1.24,70,107,1,3
4,2,1.61,4,2,1.61,0,0,2,6,4,2,1.61,35,139,1,2
5,4,1.21,5,3,1.21,0,0,4,6,17,9,4.12,250,38,0,0
0,0,0.0,5,2,0.65,1,3,8,7,26,19,3.4,245,50,0,1
0,0,0.0,5,3,0.83,1,0,0,5,0,0,0.0,0,194,1,3
3,1,0.49,2,2,0.33,0,1,7,2,20,13,3.29,406,108,0,1
0,0,0.0,0,0,0.0,0,1,8,3,4,1,0.96,19,97,1,3
2,1,0.36,2,1,0.36,0,1,3,5,21,11,3.78,273,24,0,1
1,1,0.49,4,2,1.94,1,0,8,9,18,11,8.73,249,56,0,1
0,0,0.0,0,0,0.0,0,0,2,1,1,1,0.17,26,127,1,3
1,1,0.13,0,0,0.0,0,3,11,2,23,7,3.07,240,47,0,1
2,1,0.35,6,4,1.06,1,3,7,6,8,5,1.41,57,121,1,1
6,5,0.83,1,1,0.14,0,2,4,0,20,11,2.76,268,66,0,2
2,1,0.32,6,4,0.95,1,0,8,8,14,5,2.21,158,46,0,1
4,2,1.47,4,2,1.47,1,0,2,2,18,8,6.61,176,47,0,0
5,2,0.67,0,0,0.0,0,2,2,13,21,9,2.83,108,127,0,2
1,1,0.42,3,2,1.25,0,0,9,6,24,13,10.01,312,66,0,1
4,3,0.77,4,2,0.77,1,3,6,3,1,1,0.19,18,184,1,3
10,4,3.51,6,4,2.1,1,2,0,0,19,7,6.66,97,231,1,0
0,0,0.0,0,0,0.0,0,0,1,5,13,9,6.28,281,172,1,1
12,7,2.65,4,3,0.88,0,3,7,9,17,6,3.75,138,196,1,0
3,2,0.8,3,2,0.8,0,3,9,3,12,5,3.18,167,183,1,1
0,0,0.0,10,5,2.03,2,0,7,0,23,12,4.68,362,46,0,1
11,6,2.01,0,0,0.0,0,1,2,0,19,10,3.48,273,86,0,0
7,5,3.09,0,0,0.0,0,0,0,9,5,3,2.21,30,187,1,2
4,2,1.46,0,0,0.0,0,1,4,7,15,8,5.48,166,70,0,2
5,2,0.93,4,3,0.75,0,0,3,1,14,9,2.62,134,236,1,2
6,5,1.48,1,1,0.25,0,1,9,2,12,7,2.96,229,137,1,2
6,5,0.94,4,2,0.63,1,3,4,3,20,7,3.14,101,83,0,2
3,2,0.51,3,2,0.51,0,1,0,4,18,7,3.04,120,88,0,1
5,3,0.71,2,1,0.28,0,0,1,8,23,11,3.25,252,114,0,0
0,0,0.0,6,3,0.97,1,2,3,3,10,5,1.62,83,176,1,3
8,5,1.75,0,0,0.0,0,0,5,4,21,13,4.59,198,47,0,0
3,1,0.5,0,0,0.0,0,3,4,4,20,11,3.31,275,125,0,1
0,0,0.0,3,2,0.82,0,1,7,1,2,1,0.55,12,134,1,3
2,1,0.52,1,1,0.26,0,0,3,7,22,8,5.73,92,80,0,1
2,1,0.3,3,2,0.45,0,0,7,11,21,8,3.12,154,82,0,1
8,3,1.71,6,4,1.28,1,2,10,7,26,15,5.56,420,99,0,0
0,0,0.0,3,1,0.44,1,0,7,0,20,10,2.95,239,28,0,1
1,1,0.14,0,0,0.0,0,2,4,3,10,5,1.44,103,131,1,3
6,4,0.84,5,3,0.7,1,0,1,10,23,9,3.22,217,104,0,0
0,0,0.0,0,0,0.0,0,0,0,6,16,10,2.13,191,153,1,3
2,1,0.44,0,0,0.0,0,1,4,19,23,16,5.02,534,60,0,0
4,3,1.02,0,0,0.0,0,3,0,5,20,8,5.11,91,34,0,2
0,0,0.0,0,0,0.0,0,3,1,1,17,9,3.09,242,138,1,3
0,0,0.0,0,0,0.0,0,0,0,2,29,21,6.86,678,41,0,1
0,0,0.0,3,2,0.54,0,1,10,1,19,9,3.39,271,38,0,1
0,0,0.0,4,3,0.64,0,0,5,2,8,5,1.28,73,199,1,3
0,0,0.0,4,2,0.65,1,1,2,2,18,6,2.94,104,129,1,1
8,6,1.88,1,1,0.24,0,1,0,2,7,4,1.65,112,91,1,2
4,3,1.33,5,3,1.67,1,3,2,4,18,6,6.0,73,70,0,0
0,0,0.0,0,0,0.0,0,3,8,8,19,14,4.15,424,25,0,1
0,0,0.0,0,0,0.0,0,1,4,0,16,10,5.6,280,98,0,1
14,10,1.91,5,3,0.68,1,1,2,0,21,14,2.86,395,84,0,0
0,0,0.0,9,6,2.21,1,3,0,12,14,9,3.44,113,20,0,1
3,2,1.03,5,2,1.71,1,3,7,1,20,11,6.83,307,69,0,0
1,1,0.46,4,3,1.86,0,0,0,14,19,10,8.83,270,89,0,1
11,4,1.87,6,4,1.02,1,0,5,13,19,13,3.23,400,179,0,0
1,1,0.17,2,1,0.34,0,1,3,4,18,13,3.09,144,11,0,1
2,1,0.49,2,1,0.49,0,0,3,5,9,5,2.23,53,103,1,3
6,2,2.47,0,0,0.0,0,0,7,0,0,0,0.0,0,172,1,2
9,4,2.02,2,2,0.45,0,0,6,7,21,12,4.71,165,42,0,0
1,1,0.26,0,0,0.0,0,2,4,1,2,1,0.52,24,131,1,3
5,3,0.82,1,1,0.16,0,0,0,0,17,9,2.8,296,108,0,2
9,7,1.6,3,2,0.53,0,0,3,0,18,7,3.19,139,74,0,0
1,1,0.24,7,4,1.67,1,0,4,4,19,6,4.54,187,62,0,1
6,3,1.81,0,0,0.0,0,3,0,0,4,2,1.21,20,183,1,2
5,3,0.63,8,5,1.01,1,3,9,4,21,11,2.65,156,107,0,0
0,0,0.0,0,0,0.0,0,1,0,8,14,7,2.96,75,128,1,3
7,5,1.14,5,2,0.82,1,1,7,3,26,13,4.24,237,81,0,0
5,3,1.76,4,2,1.41,1,3,7,13,21,16,7.39,523,123,0,0
0,0,0.0,4,1,0.81,1,0,3,8,21,10,4.27,124,100,0,1
6,4,2.77,6,5,2.77,0,0,5,6,22,11,10.16,277,35,0,0
0,0,0.0,1,1,0.2,0,0,11,9,22,8,4.37,170,86,0,1
2,1,0.26,2,1,0.26,0,0,2,5,22,7,2.83,234,66,0,1
4,2,0.93,0,0,0.0,0,1,3,0,22,14,5.11,183,70,0,2
0,0,0.0,3,2,1.34,0,3,0,7,7,4,3.13,61,125,1,3
0,0,0.0,1,1,0.46,0,2,0,5,2,1,0.92,11,171,1,3
0,0,0.0,1,1,0.23,0,1,4,2,14,5,3.23,104,144,1,3
5,4,1.69,1,1,0.34,0,3,2,1,23,13,7.77,220,103,0,0
6,4,2.8,2,1,0.93,0,0,0,9,21,9,9.81,286,50,0,0
2,2,0.31,7,5,1.07,1,0,0,2,15,6,2.29,151,48,0,1
0,0,0.0,1,1,0.21,0,1,17,7,19,6,4.0,152,95,0,1
12,7,3.21,0,0,0.0,0,2,4,0,17,6,4.55,140,93,0,0
4,2,0.54,9,3,1.22,2,0,6,12,20,9,2.7,111,68,0,1
1,1,0.37,0,0,0.0,0,1,10,1,14,5,5.19,106,92,1,1
3,2,0.39,0,0,0.0,0,2,6,1,9,7,1.16,245,166,1,3
6,4,1.54,2,1,0.51,0,2,8,1,13,6,3.35,185,102,1,2
1,1,0.14,3,1,0.41,1,2,0,1,24,9,3.27,291,82,0,1
4,2,0.71,3,2,0.53,0,0,0,2,23,9,4.09,275,81,0,0
6,5,0.86,0,0,0.0,0,0,0,1,11,6,1.58,75,169,1,2
4,3,0.51,3,2,0.38,0,1,1,2,16,5,2.02,78,63,0,1
2,1,0.54,6,3,1.61,1,0,1,7,13,9,3.48,91,54,0,1
5,2,0.64,2,1,0.26,0,3,4,7,32,23,4.12,405,112,0,0
4,2,0.92,0,0,0.0,0,1,1,2,0,0,0.0,0,158,1,3
1,1,0.23,5,3,1.16,1,0,2,2,22,11,5.1,240,60,0,1
4,3,0.99,4,2,0.99,1,2,8,5,24,7,5.94,188,25,0,0
0,0,0.0,7,3,1.33,1,1,3,6,17,10,3.24,319,25,0,1
0,0,0.0,1,1,0.34,0,0,3,9,21,10,7.18,287,174,1,1
1,1,0.19,0,0,0.0,0,3,2,0,8,3,1.5,100,116,1,3
9,6,1.71,5,4,0.95,0,3,5,5,16,6,3.05,68,98,0,0
7,5,1.07,3,1,0.46,0,2,9,7,25,15,3.8,155,25,0,0
0,0,0.0,3,2,0.43,0,0,1,4,23,11,3.28,292,78,0,1
7,3,1.51,3,1,0.65,0,1,6,6,17,6,3.66,103,68,0,2
1,1,0.26,4,1,1.05,1,2,0,3,16,10,4.2,163,38,0,1
6,3,1.69,2,1,0.56,0,0,5,0,12,7,3.37,128,99,0,2
3,2,0.95,3,2,0.95,0,0,0,6,19,13,6.0,218,39,0,0
4,3,1.71,3,1,1.28,1,3,2,6,15,5,6.39,114,93,1,2
8,5,1.97,0,0,0.0,0,0,0,7,25,16,6.17,336,61,0,0
0,0,0.0,1,1,0.28,0,2,0,5,17,10,4.69,228,50,0,1
11,8,1.41,0,0,0.0,0,1,5,3,17,6,2.18,161,107,0,0
8,4,1.5,2,2,0.37,0,1,10,3,20,12,3.74,236,122,1,0
2,2,0.49,1,1,0.24,0,0,10,7,12,6,2.94,98,36,0,1
5,3,0.91,0,0,0.0,0,3,8,6,7,5,1.28,71,216,1,2
2,1,0.71,3,2,1.06,0,1,5,8,22,8,7.76,150,82,0,1
0,0,0.0,0,0,0.0,0,1,4,2,19,11,4.07,314,98,0,1
2,1,0.35,2,1,0.35,0,2,0,0,18,8,3.13,231,123,1,1
8,4,1.62,0,0,0.0,0,2,3,2,19,14,3.85,373,90,0,0
0,0,0.0,3,1,0.68,1,3,8,12,16,7,3.63,111,100,0,1
0,0,0.0,4,2,0.5,1,1,0,5,22,16,2.76,395,10,0,1
3,2,0.41,3,2,0.41,0,1,7,5,18,13,2.47,315,25,0,1
5,3,0.87,4,1,0.7,1,3,1,2,20,8,3.48,177,99,0,2
3,2,0.55,3,2,0.55,0,2,7,4,22,15,4.06,356,33,0,0
1,1,0.17,8,3,1.4,1,0,4,8,18,13,3.14,290,15,0,1
4,2,1.25,1,1,0.31,0,0,10,4,16,7,4.99,169,48,0,2
3,2,0.69,9,4,2.06,2,3,10,0,17,8,3.89,223,56,0,1
4,2,1.79,3,1,1.34,1,1,0,8,20,11,8.94,140,104,0,0
6,4,1.24,2,1,0.41,0,2,4,11,20,9,4.12,259,88,0,0
3,2,0.57,8,4,1.52,1,1,8,1,20,6,3.8,80,39,0,1
9,6,2.67,3,2,0.89,0,0,2,7,20,8,5.94,93,97,0,0
6,5,0.77,4,2,0.51,1,2,3,10,22,9,2.83,310,108,0,0
5,4,0.67,4,2,0.54,0,0,2,7,22,11,2.95,373,89,0,0
1,1,0.16,2,1,0.32,0,1,0,4,6,2,0.95,23,132,1,3
3,1,0.58,2,1,0.38,0,1,11,13,25,17,4.81,358,116,0,0
0,0,0.0,2,2,0.28,0,1,8,0,17,10,2.35,147,74,0,1
17,11,6.11,0,0,0.0,0,2,2,3,4,1,1.44,22,238,1,0
2,1,0.3,5,3,0.74,1,3,10,5,19,11,2.82,338,28,0,1
1,1,0.36,5,2,1.82,1,2,11,9,12,7,4.37,236,25,0,1
0,0,0.0,3,2,0.44,0,0,2,4,18,13,2.66,336,76,0,1
4,2,1.09,7,5,1.92,1,0,6,10,21,6,5.75,113,38,0,0
0,0,0.0,6,4,0.83,1,1,2,2,20,8,2.75,201,56,0,1
8,4,1.04,2,1,0.26,0,3,6,7,24,17,3.13,303,39,0,0
0,0,0.0,0,0,0.0,0,3,1,1,2,1,0.69,33,149,1,3
4,3,0.84,1,1,0.21,0,3,3,7,18,11,3.77,349,47,0,0
3,2,0.38,7,5,0.89,1,0,7,10,19,12,2.41,287,101,0,1
0,0,0.0,4,2,0.82,1,1,6,0,10,3,2.04,54,121,1,3
7,4,0.97,0,0,0.0,0,1,0,2,21,11,2.92,191,51,0,2
0,0,0.0,0,0,0.0,0,0,10,3,25,10,4.52,108,52,0,1
0,0,0.0,0,0,0.0,0,0,4,5,23,9,5.41,274,12,0,1
0,0,0.0,9,3,2.42,1,3,4,4,17,11,4.58,234,92,0,1
2,1,0.62,3,1,0.93,1,0,10,6,18,6,5.59,109,69,0,1
0,0,0.0,0,0,0.0,0,0,0,2,18,9,2.74,196,17,0,1
0,0,0.0,6,2,1.39,1,0,2,7,24,17,5.56,518,20,0,1
8,4,1.58,3,2,0.59,0,3,6,7,17,7,3.35,92,93,0,0
9,4,1.82,4,2,0.81,1,1,6,6,24,18,4.84,566,139,0,0
0,0,0.0,3,2,0.55,0,2,0,7,25,19,4.58,616,72,0,1
6,3,0.83,2,1,0.28,0,3,2,10,26,14,3.61,471,116,0,0
4,3,0.51,5,3,0.63,1,0,0,1,4,2,0.51,40,121,1,3
4,2,0.9,6,3,1.35,1,2,9,0,23,10,5.17,154,33,0,0
6,3,0.86,0,0,0.0,0,0,0,2,10,5,1.44,97,154,1,2
4,3,0.61,1,1,0.15,0,0,0,2,5,2,0.76,37,200,1,3
8,6,1.47,2,1,0.37,0,3,0,0,10,4,1.84,58,172,1,2
0,0,0.0,0,0,0.0,0,2,13,10,0,0,0.0,0,121,1,3
3,2,0.94,0,0,0.0,0,1,5,3,7,3,2.19,66,151,1,2
2,1,0.75,0,0,0.0,0,1,7,6,1,1,0.38,32,191,1,3
2,1,0.28,0,0,0.0,0,1,8,5,14,4,1.97,43,200,1,3
6,5,1.29,3,2,0.65,0,0,4,5,18,10,3.88,261,106,0,0
0,0,0.0,2,1,0.28,0,0,8,4,6,4,0.85,116,121,1,3
0,0,0.0,5,2,0.68,1,0,3,3,21,9,2.85,261,26,0,1
9,4,3.79,2,1,0.84,0,0,0,0,18,7,7.58,225,133,0,0
8,7,1.1,2,1,0.27,0,3,4,0,2,1,0.27,28,164,1,2
0,0,0.0,1,1,0.21,0,0,6,3,8,5,1.71,166,183,1,3
5,2,0.99,1,1,0.2,0,0,5,2,10,6,1.98,110,148,1,2
0,0,0.0,6,4,1.04,0,1,5,7,20,9,3.47,203,96,0,1
0,0,0.0,0,0,0.0,0,3,8,2,2,1,0.26,10,155,1,3
0,0,0.0,0,0,0.0,0,0,9,9,20,15,9.46,153,86,0,1
10,7,2.06,0,0,0.0,0,0,1,5,3,2,0.62,32,126,1,2
4,3,0.65,0,0,0.0,0,1,1,0,7,4,1.14,50,180,1,2
0,0,0.0,7,3,1.1,2,2,5,1,21,14,3.31,231,98,0,1
13,9,2.11,0,0,0.0,0,1,4,0,24,12,3.9,173,114,0,0
0,0,0.0,0,0,0.0,0,3,1,4,11,5,3.92,54,82,1,3
7,6,1.84,5,3,1.32,1,3,3,3,19,7,5.0,229,110,0,0
0,0,0.0,0,0,0.0,0,2,2,1,4,2,0.96,20,88,1,3
0,0,0.0,3,2,0.44,0,2,6,7,9,5,1.32,142,148,1,3
5,3,1.36,0,0,0.0,0,1,7,11,23,7,6.26,97,27,0,0
0,0,0.0,4,2,1.23,1,0,5,4,14,7,4.29,230,93,1,1
5,4,0.65,0,0,0.0,0,3,1,2,14,9,1.81,291,189,1,2
1,1,0.49,3,2,1.46,0,1,1,1,15,9,7.31,237,147,1,1
3,2,0.38,2,1,0.25,0,0,0,0,2,1,0.25,27,172,1,3
0,0,0.0,6,4,0.99,1,2,5,7,16,11,2.64,111,37,0,1
1,1,0.14,4,2,0.57,0,0,3,3,14,4,2.01,138,42,0,1
0,0,0.0,0,0,0.0,0,1,9,7,15,8,3.98,256,48,0,1
0,0,0.0,0,0,0.0,0,1,1,1,1,1,0.48,32,95,1,3
4,2,0.62,0,0,0.0,0,1,3,4,21,11,3.27,291,39,0,2
5,4,0.71,5,4,0.71,0,3,3,10,22,10,3.14,186,77,0,0
0,0,0.0,1,1,0.16,0,0,4,6,4,1,0.62,32,189,1,3
8,6,2.8,2,1,0.7,0,1,3,2,14,10,4.9,173,65,0,0
9,4,1.38,3,2,0.46,0,1,1,0,21,11,3.22,265,135,0,0
6,3,0.91,5,3,0.76,1,2,3,0,26,18,3.93,225,109,0,0
3,2,0.5,3,2,0.5,0,2,7,5,23,13,3.86,430,57,0,0
4,3,0.61,5,2,0.76,1,1,0,4,12,7,1.82,95,106,1,1
2,1,0.28,1,1,0.14,0,2,0,2,21,14,2.97,219,103,0,1
3,2,0.53,2,1,0.35,0,0,5,2,21,13,3.7,311,93,0,1
2,2,0.79,1,1,0.4,0,3,3,0,19,9,7.51,262,134,1,2
14,9,2.84,7,4,1.42,1,1,3,3,17,9,3.45,229,111,0,0
0,0,0.0,0,0,0.0,0,2,0,1,9,6,3.65,95,141,1,3
0,0,0.0,3,2,0.67,0,0,8,4,5,2,1.12,20,193,1,3
0,0,0.0,6,4,1.35,1,0,0,1,22,10,4.95,289,98,0,1
3,1,1.25,2,1,0.83,0,1,11,2,15,5,6.26,173,80,0,2
0,0,0.0,3,2,0.73,0,3,4,9,19,14,4.64,423,93,0,1
6,4,2.25,6,4,2.25,1,1,5,10,15,5,5.63,108,59,0,0
7,6,1.02,4,3,0.58,0,3,7,2,15,9,2.19,293,113,0,0
0,0,0.0,3,2,0.39,0,1,6,0,16,8,2.08,162,62,0,1
0,0,0.0,7,5,2.88,1,1,6,7,15,7,6.16,162,14,0,1
7,4,0.91,5,2,0.65,1,0,10,1,9,5,1.16,110,175,1,2
0,0,0.0,0,0,0.0,0,3,9,3,18,6,3.51,127,183,1,3
4,2,1.05,2,1,0.53,0,0,5,5,5,3,1.32,88,199,1,2
4,2,1.63,7,5,2.84,1,3,7,13,18,12,7.31,278,107,0,0
10,7,2.0,0,0,0.0,0,3,8,5,22,15,4.4,269,51,0,0
0,0,0.0,0,0,0.0,0,3,5,4,5,2,0.74,33,130,1,3
0,0,0.0,0,0,0.0,0,1,3,4,19,13,3.04,142,110,1,1
5,4,2.17,4,3,1.74,0,2,4,2,17,10,7.39,246,37,0,0
4,2,1.64,2,1,0.82,0,2,7,2,8,6,3.28,94,158,1,2
4,2,0.91,5,4,1.13,0,0,6,7,0,0,0.0,0,196,1,3
0,0,0.0,0,0,0.0,0,2,4,5,23,13,6.1,342,64,0,1
6,3,1.77,0,0,0.0,0,0,3,2,4,3,1.18,81,125,1,2
0,0,0.0,3,2,0.81,0,1,1,4,0,0,0.0,0,139,1,3
9,5,1.32,3,2,0.44,0,0,3,7,18,9,2.64,203,143,0,0
0,0,0.0,4,3,0.53,0,0,0,0,9,4,1.19,129,171,1,3
4,2,0.9,1,1,0.23,0,1,1,1,9,4,2.03,134,127,1,2
0,0,0.0,0,0,0.0,0,1,9,0,23,11,3.09,332,88,0,1
3,1,0.76,0,0,0.0,0,2,4,10,17,7,4.33,181,47,0,1
2,1,0.41,2,1,0.41,0,0,0,8,20,8,4.12,141,73,0,1
5,4,1.49,0,0,0.0,0,1,11,1,0,0,0.0,0,182,1,2
5,3,0.86,2,1,0.34,0,0,5,0,17,6,2.91,101,83,0,2
3,2,0.38,8,4,1.02,2,1,5,9,21,13,2.67,196,98,0,1
9,6,1.6,0,0,0.0,0,2,4,4,18,7,3.2,147,99,0,0
4,2,0.96,3,2,0.72,0,1,3,3,3,1,0.72,11,174,1,3
5,4,0.85,5,2,0.85,1,2,0,0,16,5,2.72,172,102,0,2
0,0,0.0,4,3,1.46,0,0,6,5,18,8,6.58,198,35,0,1
0,0,0.0,2,1,0.27,0,2,24,1,14,9,1.91,215,110,1,1
4,2,0.8,3,2,0.6,0,1,3,1,19,13,3.79,343,73,0,0
2,2,0.43,1,1,0.21,0,1,10,7,8,3,1.7,67,166,1,3
0,0,0.0,4,2,0.73,1,2,8,1,7,4,1.27,43,157,1,3
1,1,0.17,7,3,1.22,1,0,7,0,20,10,3.48,253,10,0,1
2,1,0.82,6,2,2.47,1,2,7,5,17,12,6.99,335,56,0,1
6,3,0.98,1,1,0.16,0,2,9,2,6,4,0.98,82,106,1,2
0,0,0.0,5,4,1.45,0,0,7,0,21,11,6.08,318,73,0,1
0,0,0.0,2,1,0.32,0,0,0,0,8,5,1.27,78,161,1,3
5,4,0.72,0,0,0.0,0,0,6,0,16,11,2.31,171,149,1,2
6,4,0.88,0,0,0.0,0,3,0,1,16,5,2.34,70,218,1,2
0,0,0.0,3,2,0.56,0,2,4,1,25,12,4.7,232,25,0,1
0,0,0.0,3,2,0.59,0,0,0,0,15,11,2.93,343,20,0,1
6,3,2.1,10,5,3.5,2,1,3,7,21,13,7.35,399,121,0,0
9,4,1.35,4,2,0.6,1,1,10,3,25,14,3.76,274,167,0,0
1,1,0.28,4,1,1.1,1,3,5,14,22,12,6.06,297,25,0,1
0,0,0.0,4,2,0.8,1,0,5,5,22,10,4.42,280,15,0,1
4,3,1.08,2,1,0.54,0,0,4,1,0,0,0.0,0,115,1,3
3,2,1.07,1,1,0.36,0,3,14,9,23,14,8.21,199,66,0,0
4,2,0.69,0,0,0.0,0,0,9,6,19,9,3.29,309,42,0,2
1,1,0.43,0,0,0.0,0,0,2,2,16,10,6.88,254,37,0,1
8,6,1.23,4,2,0.62,0,3,3,12,21,14,3.23,483,40,0,0
0,0,0.0,0,0,0.0,0,2,5,2,16,6,4.1,111,177,1,3
3,3,1.5,2,1,1.0,0,0,4,11,29,15,14.49,414,74,0,0
0,0,0.0,8,5,1.58,1,0,3,9,17,8,3.36,125,67,0,1
0,0,0.0,9,7,3.95,1,0,0,14,18,11,7.89,182,45,0,1
0,0,0.0,4,1,1.09,1,0,2,1,20,8,5.47,182,92,0,1
4,3,0.64,5,4,0.8,0,3,7,1,20,12,3.2,216,107,0,0
0,0,0.0,4,2,1.68,1,1,9,0,19,13,8.0,184,26,0,1
5,4,0.71,1,1,0.14,0,2,0,2,25,12,3.55,199,39,0,0
1,1,0.49,9,5,4.45,2,3,8,3,20,14,9.89,153,57,0,1
5,3,1.44,1,1,0.29,0,1,3,13,22,16,6.32,442,42,0,0
3,2,0.47,0,0,0.0,0,0,1,1,15,5,2.33,112,61,0,1
2,1,0.51,1,1,0.26,0,1,0,6,10,4,2.57,49,93,1,3
0,0,0.0,2,1,0.77,0,3,5,5,16,12,6.13,172,57,0,1
2,1,0.48,4,3,0.96,0,3,0,11,17,12,4.09,151,47,0,1
0,0,0.0,0,0,0.0,0,0,2,4,28,10,7.73,253,59,0,1
5,3,0.71,6,2,0.85,1,2,6,2,20,6,2.83,74,122,0,1
4,2,1.03,8,5,2.06,1,1,8,9,21,8,5.41,231,48,0,0
3,2,0.45,0,0,0.0,0,3,3,0,15,11,2.23,116,160,1,2
1,1,0.14,4,2,0.54,1,0,1,11,22,8,2.99,130,14,0,1
0,0,0.0,1,1,0.22,0,1,4,2,19,10,4.13,323,16,0,1
0,0,0.0,3,2,0.4,0,3,7,5,17,12,2.28,336,60,0,1
2,1,0.47,1,1,0.23,0,1,4,10,15,5,3.52,59,29,0,1
2,1,0.26,0,0,0.0,0,1,6,5,6,3,0.77,92,99,1,3
8,4,3.15,1,1,0.39,0,0,0,4,0,0,0.0,0,205,1,2
0,0,0.0,2,2,0.33,0,0,8,6,21,14,3.43,436,61,0,1
5,3,1.01,3,1,0.6,1,0,6,9,20,9,4.03,225,96,0,0
0,0,0.0,2,1,0.46,0,3,0,3,18,11,4.16,298,28,0,1
1,1,0.17,5,2,0.86,1,0,3,7,14,8,2.42,279,70,0,1
2,1,0.32,7,3,1.12,1,1,7,5,23,9,3.7,142,39,0,1
2,1,0.99,0,0,0.0,0,2,1,1,13,4,6.42,102,173,1,2
2,1,0.67,0,0,0.0,0,0,1,3,0,0,0.0,0,198,1,3
5,4,0.8,4,2,0.64,1,1,2,0,6,3,0.96,33,129,1,2
1,1,0.17,2,1,0.33,0,2,4,8,6,4,1.0,41,126,1,3
2,2,0.26,4,3,0.51,0,3,4,3,4,3,0.51,39,154,1,3
2,1,0.3,0,0,0.0,0,2,7,0,8,4,1.22,105,164,1,3
3,2,0.39,3,2,0.39,0,2,7,4,9,5,1.17,121,150,1,3
3,2,0.48,1,1,0.16,0,0,0,3,2,1,0.32,24,139,1,3
4,3,1.06,7,4,1.85,1,3,2,9,19,13,5.02,140,106,0,0
4,2,1.52,1,1,0.38,0,0,0,3,0,0,0.0,0,204,1,2
4,3,0.6,2,1,0.3,0,2,5,7,22,9,3.29,298,57,0,0
2,1,0.34,0,0,0.0,0,0,3,3,10,4,1.71,80,178,1,3
1,1,0.44,2,2,0.87,0,3,8,8,20,11,8.74,282,20,0,1
0,0,0.0,3,2,0.72,0,2,8,8,11,6,2.64,177,92,1,1
4,3,0.52,0,0,0.0,0,2,2,4,4,2,0.52,59,136,1,3
0,0,0.0,1,1,0.2,0,0,0,0,3,1,0.6,23,128,1,3
0,0,0.0,0,0,0.0,0,1,5,4,18,11,3.92,346,74,0,1
4,3,0.84,3,2,0.63,0,2,0,5,12,5,2.53,99,89,0,2
5,4,1.54,2,1,0.61,0,2,2,6,16,6,4.92,193,41,0,0
0,0,0.0,5,2,1.19,1,0,7,5,8,4,1.9,64,150,1,3
5,4,1.19,7,5,1.66,1,3,7,0,24,10,5.69,170,19,0,0
0,0,0.0,1,1,0.43,0,3,0,0,2,1,0.86,11,101,1,3
0,0,0.0,0,0,0.0,0,0,10,6,16,7,2.42,209,187,1,3
4,3,0.89,2,1,0.44,0,3,2,5,23,12,5.11,245,29,0,0
11,5,1.59,3,2,0.43,0,1,7,3,18,10,2.6,157,97,0,0
3,2,0.42,8,6,1.13,1,1,2,5,7,3,0.99,47,212,1,1
0,0,0.0,3,2,0.92,0,0,3,3,9,3,2.75,98,125,1,3
1,1,0.17,9,5,1.51,2,1,1,2,18,13,3.03,401,23,0,1
2,2,0.41,0,0,0.0,0,2,0,2,5,2,1.03,48,183,1,3
6,3,0.82,0,0,0.0,0,1,4,7,21,10,2.88,254,102,0,2
6,3,1.82,7,4,2.12,1,2,5,2,17,5,5.16,109,84,0,0
0,0,0.0,4,2,0.66,1,2,3,2,12,6,1.98,119,175,1,3
0,0,0.0,4,2,0.71,1,2,10,4,19,10,3.36,329,39,0,1
2,2,0.53,0,0,0.0,0,0,0,0,0,0,0.0,0,123,1,3
3,2,1.06,0,0,0.0,0,3,11,15,23,14,8.16,286,52,0,0
5,3,0.85,4,2,0.68,1,1,6,0,19,7,3.21,130,48,0,0
10,4,1.55,3,1,0.47,0,0,12,7,16,7,2.49,157,129,0,0
0,0,0.0,15,6,3.85,4,0,0,1,26,17,6.68,364,72,0,1
0,0,0.0,0,0,0.0,0,1,4,5,4,3,0.68,69,120,1,3
1,1,0.23,1,1,0.23,0,3,5,3,18,7,4.12,94,97,1,1
5,3,0.8,2,1,0.32,0,1,5,8,17,9,2.71,205,57,0,2
6,3,1.88,7,4,2.19,1,2,7,0,20,8,6.26,128,125,0,0
7,5,0.95,0,0,0.0,0,0,2,0,22,7,3.0,102,43,0,2
3,2,0.81,6,5,1.61,0,1,0,3,18,8,4.83,93,81,0,1
13,10,3.09,0,0,0.0,0,3,4,11,20,7,4.75,203,99,0,0
0,0,0.0,0,0,0.0,0,2,3,1,8,5,3.41,103,154,1,3
0,0,0.0,3,1,1.12,1,0,4,0,17,9,6.37,231,37,0,1
0,0,0.0,0,0,0.0,0,1,1,3,2,1,0.39,28,106,1,3
1,1,0.28,3,2,0.83,0,0,10,2,10,3,2.77,81,100,1,1
3,2,0.43,4,3,0.57,0,1,5,2,16,11,2.28,239,114,1,1
8,5,3.83,2,1,0.96,0,2,1,0,23,9,11.01,177,57,0,0
10,8,2.34,1,1,0.23,0,2,0,0,24,14,5.61,272,39,0,0
5,2,1.24,0,0,0.0,0,0,8,2,21,9,5.22,234,94,0,2
0,0,0.0,1,1,0.47,0,3,4,5,20,11,9.45,246,86,0,1
10,7,3.64,6,2,2.18,1,1,0,5,21,9,7.65,281,57,0,0
2,1,0.45,0,0,0.0,0,1,13,3,19,6,4.24,191,107,0,1
6,3,1.21,10,7,2.02,1,1,0,0,21,8,4.24,114,140,0,0
6,4,1.36,2,1,0.45,0,2,11,2,14,5,3.16,67,176,1,2
2,1,0.39,1,1,0.19,0,1,0,6,21,10,4.05,258,99,0,1
3,2,0.54,3,2,0.54,0,1,9,7,21,13,3.77,228,50,0,1
0,0,0.0,3,2,1.46,0,1,2,4,17,7,8.25,73,17,0,1
6,4,1.25,2,1,0.42,0,0,2,8,22,7,4.6,226,84,0,0
11,5,1.41,1,1,0.13,0,3,4,1,0,0,0.0,0,153,1,2
1,1,0.2,1,1,0.2,0,1,4,0,0,0,0.0,0,120,1,3
0,0,0.0,0,0,0.0,0,0,5,14,25,18,4.12,503,100,0,1
1,1,0.26,6,3,1.55,1,2,5,0,4,2,1.03,58,191,1,3
7,5,1.05,1,1,0.15,0,3,0,0,17,9,2.56,135,55,0,2
3,1,0.45,5,3,0.75,1,3,6,11,26,15,3.92,238,50,0,1
4,3,0.78,5,4,0.98,0,1,4,4,20,14,3.9,322,25,0,0
6,2,0.76,1,1,0.13,0,0,6,8,21,14,2.67,200,76,0,0
4,2,1.45,6,2,2.18,1,1,4,1,22,10,7.99,176,81,0,0
0,0,0.0,3,2,1.43,0,0,4,1,23,9,10.94,162,84,0,1
3,2,0.45,3,1,0.45,1,3,5,8,16,7,2.42,98,70,0,1
0,0,0.0,0,0,0.0,0,0,10,13,20,11,2.92,166,92,0,1
2,1,0.73,2,1,0.73,0,0,8,5,5,3,1.84,89,204,1,3
0,0,0.0,2,1,0.56,0,1,7,9,23,12,6.4,170,86,0,1
8,4,3.8,4,2,1.9,1,1,4,2,24,8,11.4,86,54,0,0
0,0,0.0,2,1,0.53,0,2,3,0,21,13,5.59,335,152,1,1
0,0,0.0,4,2,0.6,1,1,1,1,15,10,2.26,344,183,1,1
4,2,0.78,3,2,0.59,0,0,2,2,18,8,3.52,146,36,0,1
10,5,2.45,0,0,0.0,0,0,3,1,8,5,1.96,65,215,1,2
4,3,0.95,3,1,0.71,1,1,0,3,8,4,1.89,97,137,1,2
2,1,1.0,2,1,1.0,0,0,3,5,18,13,8.96,425,23,0,0
3,1,0.79,2,1,0.53,0,2,1,4,0,0,0.0,0,141,1,3
2,1,0.34,1,1,0.17,0,1,2,0,19,10,3.23,256,53,0,1
2,1,0.25,1,1,0.13,0,2,0,1,4,2,0.51,36,177,1,3
5,3,0.71,0,0,0.0,0,3,5,6,18,13,2.54,306,99,0,2
0,0,0.0,5,2,2.33,1,3,4,2,14,7,6.54,86,117,1,1
0,0,0.0,0,0,0.0,0,3,4,17,19,8,2.57,216,48,0,1
2,1,0.3,0,0,0.0,0,0,0,1,0,0,0.0,0,190,1,3
0,0,0.0,1,1,0.15,0,0,3,5,5,2,0.75,68,139,1,3
7,6,1.47,1,1,0.21,0,0,5,3,0,0,0.0,0,156,1,2
0,0,0.0,4,2,0.91,0,3,2,2,0,0,0.0,0,148,1,3
6,4,1.57,1,1,0.26,0,3,0,5,26,16,6.81,378,58,0,0
0,0,0.0,2,1,0.84,0,3,1,0,6,3,2.51,83,103,1,3
3,2,0.89,0,0,0.0,0,0,3,12,22,9,6.53,268,85,0,0
6,5,1.72,2,1,0.57,0,3,6,11,20,9,5.75,134,34,0,0
0,0,0.0,5,2,1.02,1,1,0,0,8,3,1.63,50,92,1,3
7,6,1.08,3,2,0.46,0,0,5,11,21,8,3.24,183,29,0,0
6,3,1.24,6,4,1.24,1,1,2,3,10,6,2.06,110,124,1,2
3,1,1.28,4,2,1.7,1,0,0,4,12,5,5.11,158,130,1,1
6,2,0.77,0,0,0.0,0,1,7,2,8,4,1.03,87,184,1,2
4,3,0.52,0,0,0.0,0,0,5,0,22,10,2.87,300,81,0,2
2,1,0.3,1,1,0.15,0,1,2,8,2,1,0.3,25,170,1,3
2,2,0.25,0,0,0.0,0,2,9,7,10,5,1.26,147,155,1,3
1,1,0.19,5,3,0.95,1,3,9,4,21,7,3.99,128,72,0,1
4,3,0.51,0,0,0.0,0,2,10,5,0,0,0.0,0,179,1,2
0,0,0.0,0,0,0.0,0,1,0,12,21,12,8.56,202,97,0,1
8,6,1.91,1,1,0.24,0,3,4,9,25,14,5.96,331,59,0,0
5,4,1.49,3,2,0.89,0,3,6,5,1,1,0.3,15,143,1,2
8,6,2.52,0,0,0.0,0,0,7,8,25,12,7.87,263,49,0,0
10,8,3.52,6,3,2.11,1,1,5,12,22,7,7.73,126,92,0,0
2,1,0.35,6,3,1.05,1,0,8,0,21,11,3.66,183,81,0,1
9,6,1.35,2,2,0.3,0,0,7,17,19,10,2.84,342,99,0,0
7,3,1.28,1,1,0.18,0,2,4,6,0,0,0.0,0,119,1,2
0,0,0.0,2,1,0.69,0,3,2,8,16,6,5.55,178,25,0,1
4,3,0.58,5,3,0.73,1,0,0,1,0,0,0.0,0,115,1,3
0,0,0.0,3,2,0.52,0,3,7,10,18,6,3.1,63,54,0,1
0,0,0.0,4,2,0.92,1,3,0,2,5,3,1.16,82,144,1,3
10,6,1.65,5,2,0.83,1,3,2,8,19,7,3.14,114,78,0,0
1,1,0.28,1,1,0.28,0,0,8,6,16,7,4.5,77,40,0,1
0,0,0.0,3,2,0.74,0,3,0,0,8,3,1.97,60,106,1,3
6,4,0.8,6,3,0.8,1,0,8,12,15,11,2.0,367,48,0,0
1,1,0.27,1,1,0.27,0,1,10,3,12,8,3.21,82,141,1,1
14,7,2.9,5,4,1.04,0,0,0,2,25,10,5.19,247,90,0,0
5,3,0.68,4,2,0.54,1,0,4,5,1,1,0.14,23,203,1,3
0,0,0.0,1,1,0.16,0,2,2,3,8,3,1.28,96,189,1,3
4,3,1.69,0,0,0.0,0,1,0,4,5,3,2.11,36,146,1,2
8,4,2.77,7,3,2.43,2,0,4,3,20,6,6.94,162,120,0,0
6,5,2.93,7,5,3.42,1,0,6,0,20,12,9.77,324,53,0,0
2,1,0.35,6,3,1.04,1,2,3,1,18,10,3.11,267,75,0,1
0,0,0.0,1,1,0.21,0,0,2,11,21,15,4.48,503,75,0,1
0,0,0.0,5,3,1.78,1,3,1,2,3,1,1.07,31,132,1,3
6,3,0.77,5,3,0.65,1,0,6,12,15,10,1.94,110,122,0,2
8,5,1.55,2,1,0.39,0,0,3,9,20,13,3.86,283,41,0,0
10,6,2.9,1,1,0.29,0,1,8,0,18,6,5.22,120,136,0,0
0,0,0.0,8,6,1.6,1,1,8,5,11,5,2.2,89,81,1,1
0,0,0.0,5,4,0.82,0,1,4,5,7,3,1.15,64,83,1,3
5,4,2.03,0,0,0.0,0,0,5,2,7,3,2.85,59,95,1,2
5,4,1.37,0,0,0.0,0,3,2,0,13,5,3.56,104,53,0,2
3,2,0.44,0,0,0.0,0,2,6,2,13,7,1.9,241,118,1,1
7,3,1.47,2,1,0.42,0,0,3,1,5,2,1.05,24,147,1,2
4,2,0.76,2,1,0.38,0,1,3,4,20,15,3.79,496,101,0,0
0,0,0.0,2,1,0.44,0,3,6,5,4,1,0.87,22,117,1,3
1,1,0.44,0,0,0.0,0,0,3,8,8,6,3.53,154,95,1,3
0,0,0.0,5,3,1.67,0,0,4,1,15,6,5.01,185,145,1,1
11,5,2.35,5,2,1.07,1,2,5,13,16,10,3.42,190,107,0,0
1,1,0.31,1,1,0.31,0,2,6,5,17,8,5.22,166,161,1,1
0,0,0.0,5,2,2.17,1,1,3,2,21,8,9.13,162,79,0,1
2,1,0.28,4,3,0.57,0,0,1,2,17,12,2.41,232,30,0,1
3,2,0.38,8,4,1.01,2,0,9,5,20,9,2.54,298,80,0,1
0,0,0.0,5,2,0.74,1,2,9,14,19,11,2.81,338,31,0,1
1,1,0.14,3,2,0.42,0,0,0,0,3,2,0.42,25,160,1,3
5,3,1.45,3,2,0.87,0,1,4,0,22,11,6.37,140,122,0,0
5,2,0.64,4,3,0.52,0,1,11,2,1,1,0.13,21,222,1,3
0,0,0.0,2,1,0.63,0,0,3,11,14,9,4.4,112,46,0,1
2,1,0.26,5,3,0.65,1,3,0,9,19,6,2.46,153,42,0,1
7,3,0.88,0,0,0.0,0,3,3,0,20,12,2.51,163,88,0,2
2,1,0.32,2,1,0.32,0,2,12,3,12,8,1.91,184,188,1,1
3,1,0.38,2,1,0.25,0,0,4,5,15,5,1.9,51,38,0,1
5,3,0.92,0,0,0.0,0,0,3,8,25,9,4.61,161,82,0,2
0,0,0.0,10,8,2.81,1,1,1,11,21,13,5.9,350,10,0,1
0,0,0.0,6,3,1.3,1,0,2,6,5,2,1.08,44,136,1,3
5,2,0.9,1,1,0.18,0,3,1,1,14,7,2.52,241,225,1,2
9,4,3.69,3,1,1.23,0,0,0,0,24,9,9.84,287,137,0,0
4,2,0.7,4,2,0.7,1,1,0,0,0,0,0.0,0,151,1,3
2,1,0.25,0,0,0.0,0,1,6,2,8,3,1.01,33,105,1,3
0,0,0.0,4,2,1.27,0,2,0,0,10,5,3.18,156,127,1,1
0,0,0.0,9,3,1.33,2,0,4,2,20,13,2.96,426,57,0,1
1,1,0.13,3,2,0.4,0,1,2,3,11,5,1.48,153,124,1,3
12,5,1.57,4,3,0.52,0,0,5,1,22,11,2.87,145,159,0,0
0,0,0.0,4,2,0.52,1,3,0,1,13,10,1.68,349,199,1,1
3,2,0.58,2,1,0.39,0,0,13,0,19,12,3.7,198,71,0,1
7,6,0.89,0,0,0.0,0,3,5,8,23,16,2.92,450,78,0,0
1,1,0.15,0,0,0.0,0,3,6,1,12,6,1.83,196,167,1,3
0,0,0.0,11,7,3.7,2,0,6,4,20,13,6.73,207,93,0,1
0,0,0.0,5,4,1.03,0,2,4,3,23,7,4.73,229,94,0,1
0,0,0.0,4,3,0.63,0,0,0,4,20,7,3.17,124,56,0,1
6,3,1.72,1,1,0.29,0,3,6,9,26,10,7.46,344,60,0,0
3,2,0.51,2,2,0.34,0,1,1,2,8,4,1.37,68,203,1,3
0,0,0.0,1,1,0.17,0,0,4,3,12,8,2.0,271,103,1,3
0,0,0.0,0,0,0.0,0,1,5,3,16,7,5.38,79,99,1,1
2,1,0.37,1,1,0.19,0,0,9,5,0,0,0.0,0,120,1,3
8,6,1.21,2,1,0.3,0,3,4,7,19,12,2.87,280,38,0,0
0,0,0.0,0,0,0.0,0,0,3,4,7,4,1.4,88,148,1,3
6,4,2.89,2,1,0.96,0,2,7,14,22,10,10.61,156,70,0,0
2,1,0.97,5,3,2.43,1,1,4,10,21,12,10.22,332,95,0,0
0,0,0.0,1,1,0.24,0,3,7,2,4,2,0.97,30,117,1,3
4,2,0.53,4,2,0.53,1,0,5,3,19,6,2.51,143,88,0,1
4,2,1.19,0,0,0.0,0,1,3,4,7,5,2.08,82,169,1,2
2,2,0.34,0,0,0.0,0,1,0,7,13,5,2.24,169,132,1,3
7,3,2.1,6,3,1.8,1,2,8,3,24,8,7.2,86,81,0,0
0,0,0.0,2,1,0.51,0,0,2,0,6,4,1.53,60,178,1,3
4,2,0.56,2,2,0.28,0,0,2,2,19,8,2.68,128,27,0,1
0,0,0.0,2,1,0.31,0,0,4,1,23,14,3.61,285,121,1,1
0,0,0.0,4,3,1.55,0,2,8,6,22,10,8.55,158,37,0,1
6,4,1.31,4,2,0.87,1,0,2,0,20,10,4.37,223,62,0,0
5,3,2.3,1,1,0.46,0,1,4,2,20,8,9.2,254,123,0,0
0,0,0.0,2,1,0.41,0,0,5,9,20,9,4.09,250,26,0,1
0,0,0.0,0,0,0.0,0,3,10,0,19,9,3.18,220,38,0,1
8,4,2.95,1,1,0.37,0,3,3,6,21,13,7.75,159,108,0,0
1,1,0.27,0,0,0.0,0,1,8,1,2,1,0.54,27,190,1,3
1,1,0.23,4,2,0.91,1,1,4,4,20,14,4.56,198,48,0,1
7,5,0.93,6,2,0.8,2,0,4,8,22,7,2.93,208,96,0,0
6,3,0.75,1,1,0.13,0,0,2,2,17,9,2.14,146,115,0,2
12,8,5.29,8,6,3.53,1,0,4,4,22,12,9.69,245,88,0,0
3,1,0.46,7,4,1.07,1,2,0,0,14,10,2.13,188,59,0,1
0,0,0.0,2,1,0.47,0,1,3,0,5,2,1.18,63,101,1,3
1,1,0.23,4,2,0.92,1,3,6,9,19,11,4.36,145,85,0,1
0,0,0.0,0,0,0.0,0,1,5,0,20,14,3.06,338,14,0,1
2,2,0.27,1,1,0.13,0,2,2,2,17,7,2.26,95,186,1,3
0,0,0.0,8,6,1.04,0,1,2,6,23,16,2.98,442,71,0,1
1,1,0.18,5,3,0.92,1,1,6,13,19,6,3.48,196,61,0,1
0,0,0.0,0,0,0.0,0,0,13,10,18,11,4.34,230,88,1,1
5,3,0.74,0,0,0.0,0,1,0,2,16,12,2.38,266,76,0,2
0,0,0.0,5,3,1.43,1,1,8,5,14,8,3.99,265,178,1,1
13,11,2.41,7,5,1.3,1,2,4,8,24,12,4.46,276,71,0,0
0,0,0.0,0,0,0.0,0,3,4,3,1,1,0.24,22,197,1,3
3,2,0.51,2,1,0.34,0,0,8,1,1,1,0.17,24,128,1,3
4,3,1.16,3,2,0.87,0,0,5,3,17,9,4.94,245,199,1,2
2,1,0.64,5,3,1.59,1,1,15,7,19,6,6.03,76,101,0,1
7,5,0.93,0,0,0.0,0,1,0,4,10,6,1.33,183,185,1,2
0,0,0.0,1,1,0.38,0,0,0,0,11,6,4.21,125,148,1,3
13,10,2.58,2,1,0.4,0,2,1,3,13,5,2.58,59,135,1,0
4,3,1.2,2,1,0.6,0,3,12,8,22,9,6.62,267,23,0,0
8,5,3.58,4,3,1.79,0,3,9,7,18,6,8.06,117,135,0,0
6,3,2.71,4,2,1.8,0,0,1,6,24,13,10.83,163,121,0,0
4,3,1.31,0,0,0.0,0,3,5,3,12,7,3.93,181,184,1,2
1,1,0.14,0,0,0.0,0,2,0,0,11,6,1.53,192,189,1,3
8,4,2.17,3,2,0.81,0,1,6,8,22,15,5.95,483,87,0,0
0,0,0.0,2,1,0.26,0,1,6,6,18,12,2.34,407,42,0,1
4,3,0.73,4,2,0.73,1,3,2,11,23,13,4.19,412,55,0,0
5,4,1.08,3,1,0.65,1,1,6,0,16,5,3.46,50,51,0,2
0,0,0.0,1,1,0.18,0,1,7,8,21,13,3.83,254,66,0,1
11,8,2.16,3,1,0.59,1,1,6,11,22,11,4.31,335,60,0,0
7,6,1.07,0,0,0.0,0,1,9,1,17,9,2.59,172,95,0,2
6,3,1.62,6,3,1.62,1,0,10,9,13,8,3.52,200,102,0,0
0,0,0.0,1,1,0.24,0,3,0,7,10,5,2.43,126,156,1,3
3,3,0.41,4,2,0.54,1,2,10,9,20,14,2.72,268,87,0,0
6,3,0.78,5,3,0.65,1,2,1,1,7,3,0.91,98,155,1,2
2,2,0.27,0,0,0.0,0,0,3,3,0,0,0.0,0,120,1,3
2,1,0.44,1,1,0.22,0,2,0,2,7,2,1.55,43,167,1,3
3,2,0.45,6,3,0.9,1,0,2,3,22,16,3.29,559,64,0,1
7,6,1.44,3,2,0.62,0,0,5,8,21,7,4.32,156,72,0,0
4,2,0.8,0,0,0.0,0,1,0,6,0,0,0.0,0,187,1,3
1,1,0.31,2,1,0.62,0,1,2,2,27,12,8.36,274,97,0,1
3,2,0.54,0,0,0.0,0,1,4,9,18,8,3.25,243,79,0,2
0,0,0.0,0,0,0.0,0,0,3,8,20,8,6.42,235,79,0,1
5,2,1.25,2,1,0.5,0,1,2,1,22,12,5.51,357,178,1,0
6,3,0.84,6,2,0.84,2,0,4,4,22,11,3.09,305,45,0,0
0,0,0.0,4,2,1.23,1,3,2,3,1,1,0.31,16,100,1,3
0,0,0.0,1,1,0.41,0,1,3,9,26,12,10.71,379,49,0,1
6,4,2.49,3,2,1.24,0,2,0,19,20,13,8.28,420,69,0,0
2,1,0.26,4,2,0.52,1,0,9,4,17,10,2.22,149,52,0,1
5,4,0.99,4,3,0.79,0,0,3,1,0,0,0.0,0,119,1,2
4,2,0.9,0,0,0.0,0,3,0,2,14,9,3.14,310,127,1,2
0,0,0.0,9,4,1.31,2,0,2,5,17,7,2.48,222,66,0,1
1,1,0.14,5,2,0.71,1,1,3,1,0,0,0.0,0,128,1,3
0,0,0.0,8,3,2.0,2,2,2,5,18,8,4.51,257,16,0,1
4,2,0.65,0,0,0.0,0,0,7,0,8,5,1.3,118,106,1,2
7,3,1.06,2,1,0.3,0,3,4,7,20,15,3.02,392,55,0,0
6,4,1.01,5,2,0.84,1,1,7,15,20,10,3.37,236,116,0,0
12,7,4.12,0,0,0.0,0,0,8,4,26,8,8.94,90,44,0,0
0,0,0.0,4,3,0.55,0,0,9,12,17,6,2.34,172,26,0,1
3,2,0.57,5,2,0.96,1,0,7,1,12,5,2.29,113,98,1,1
0,0,0.0,2,1,0.54,0,3,2,5,22,12,5.95,314,53,0,1
0,0,0.0,0,0,0.0,0,2,8,6,16,5,3.52,113,14,0,1
11,8,4.94,0,0,0.0,0,0,4,0,6,4,2.7,89,122,1,0
3,1,1.08,0,0,0.0,0,0,8,0,18,8,6.5,114,112,0,2
3,1,0.46,3,2,0.46,0,2,8,4,17,12,2.58,204,83,0,1
5,2,2.5,3,1,1.5,0,1,6,8,20,13,10.0,182,60,0,0
0,0,0.0,6,3,1.33,1,1,6,5,0,0,0.0,0,130,1,3
0,0,0.0,1,1,0.19,0,1,8,3,8,5,1.56,172,164,1,3
0,0,0.0,3,2,1.29,0,0,6,11,19,11,8.16,152,41,0,1
5,4,0.64,5,4,0.64,0,2,0,11,20,12,2.55,201,78,0,0
11,8,3.28,4,2,1.19,1,3,5,6,14,8,4.17,198,120,0,0
1,1,0.26,9,5,2.35,1,0,5,8,27,15,7.06,379,27,0,1
2,2,0.52,0,0,0.0,0,1,0,3,0,0,0.0,0,81,1,3
9,4,2.66,6,2,1.77,1,1,2,0,19,12,5.62,358,59,0,0
10,5,4.98,4,1,1.99,1,1,7,18,22,14,10.95,415,82,0,0
0,0,0.0,11,7,1.73,2,0,4,0,18,12,2.82,191,13,0,1
0,0,0.0,4,3,0.51,0,3,5,8,3,1,0.38,17,190,1,3
0,0,0.0,2,1,0.6,0,1,7,0,10,3,2.99,100,190,1,3
0,0,0.0,0,0,0.0,0,1,1,0,5,3,0.84,92,199,1,3
4,2,0.62,2,1,0.31,0,0,8,6,18,10,2.79,274,43,0,0
7,3,0.99,4,1,0.56,1,0,6,7,19,13,2.68,157,131,0,0
4,2,0.88,1,1,0.22,0,0,6,9,23,11,5.07,225,114,0,0
2,2,0.52,0,0,0.0,0,2,4,0,12,7,3.14,168,181,1,3
4,2,1.01,0,0,0.0,0,0,10,1,0,0,0.0,0,204,1,2
0,0,0.0,0,0,0.0,0,2,4,6,10,3,1.59,64,108,1,3
6,3,0.87,0,0,0.0,0,1,1,2,10,6,1.45,150,134,1,2
4,2,1.29,2,1,0.65,0,1,6,10,21,14,6.8,255,93,0,0
1,1,0.24,1,1,0.24,0,1,8,9,15,6,3.55,177,88,0,1
4,3,0.54,1,1,0.13,0,1,1,1,18,10,2.43,310,89,0,2
6,2,0.88,4,2,0.58,1,0,1,3,21,12,3.07,217,99,0,0
12,10,1.52,3,1,0.38,1,0,7,0,22,8,2.78,248,99,0,0
10,7,1.53,3,1,0.46,1,2,2,10,8,3,1.23,38,155,1,2
4,3,0.92,3,2,0.69,0,2,14,20,22,16,5.05,495,49,0,0
3,2,0.54,6,4,1.08,0,0,1,1,22,10,3.97,138,26,0,1
1,1,0.17,2,1,0.34,0,1,0,4,28,11,4.69,133,94,0,1
12,7,4.86,4,2,1.62,1,0,12,1,23,9,9.31,234,89,0,0
0,0,0.0,5,4,0.95,0,0,3,3,19,11,3.61,240,100,1,1
4,2,0.64,5,2,0.8,1,0,11,5,18,10,2.88,327,57,0,1
5,2,1.66,7,3,2.33,2,3,4,13,23,14,7.66,267,140,0,0
1,1,0.15,0,0,0.0,0,0,3,2,22,7,3.29,120,175,1,3
0,0,0.0,3,2,0.55,0,0,0,4,20,14,3.63,315,80,0,1
5,2,0.65,4,3,0.52,0,0,4,10,16,8,2.07,171,113,0,1
0,0,0.0,3,1,1.33,1,0,0,6,13,6,5.77,112,49,0,1
3,3,0.84,0,0,0.0,0,2,2,1,20,10,5.57,273,44,0,2
0,0,0.0,0,0,0.0,0,0,4,4,7,3,1.25,87,95,1,3
0,0,0.0,3,1,0.79,0,0,5,6,21,14,5.56,439,92,0,1
11,7,1.75,10,5,1.59,2,2,0,0,21,15,3.34,515,112,0,0
7,6,1.07,2,1,0.31,0,0,4,7,27,12,4.12,200,37,0,0
3,1,1.15,2,2,0.76,0,2,2,10,15,10,5.74,279,120,0,0
7,5,1.38,9,4,1.77,2,1,10,3,18,12,3.54,238,56,0,0
0,0,0.0,8,6,1.58,0,0,3,5,15,11,2.97,296,113,1,1
13,11,3.08,4,2,0.95,1,2,3,6,24,10,5.69,219,104,0,0
2,1,0.26,6,4,0.79,1,0,7,8,16,9,2.11,314,35,0,1
0,0,0.0,0,0,0.0,0,1,8,14,16,7,2.3,198,81,0,1
4,3,0.65,0,0,0.0,0,1,0,2,4,3,0.65,101,102,1,2
7,6,1.11,1,1,0.16,0,0,9,9,23,7,3.66,216,103,0,0
9,6,1.89,2,1,0.42,0,2,3,0,23,13,4.82,423,50,0,0
1,1,0.13,2,1,0.27,0,3,0,6,10,5,1.33,152,180,1,3
4,3,0.65,3,1,0.49,1,3,0,2,7,3,1.13,64,194,1,3
5,4,0.78,1,1,0.16,0,2,5,9,21,12,3.29,196,26,0,0
4,3,0.56,4,2,0.56,1,1,6,6,4,3,0.56,58,208,1,3
11,5,3.02,0,0,0.0,0,0,3,8,27,16,7.41,168,166,0,0
0,0,0.0,0,0,0.0,0,0,0,2,4,3,0.58,69,190,1,3
1,1,0.32,2,1,0.63,0,1,5,3,2,1,0.63,23,196,1,3
0,0,0.0,1,1,0.25,0,1,3,0,9,5,2.21,116,182,1,3
2,1,0.5,0,0,0.0,0,3,9,2,5,3,1.25,103,131,1,3
4,3,0.51,3,1,0.38,1,1,3,1,0,0,0.0,0,110,1,3
0,0,0.0,1,1,0.14,0,1,7,6,13,7,1.82,98,146,1,3
7,3,1.13,0,0,0.0,0,1,6,4,2,1,0.32,19,185,1,2
0,0,0.0,1,1,0.16,0,3,0,4,6,3,0.94,62,185,1,3
0,0,0.0,2,1,0.37,0,2,3,5,11,7,2.05,133,92,1,3
0,0,0.0,4,3,0.52,0,2,0,3,7,4,0.91,120,111,1,3
0,0,0.0,2,1,0.4,0,0,0,5,17,6,3.42,139,50,0,1
0,0,0.0,0,0,0.0,0,3,5,1,8,3,1.87,73,91,1,3
2,1,0.67,0,0,0.0,0,0,0,0,1,1,0.34,31,128,1,3
8,6,1.19,6,3,0.89,1,3,4,6,26,11,3.87,332,47,0,0
0,0,0.0,1,1,0.16,0,1,19,14,22,7,3.43,93,40,0,1
0,0,0.0,0,0,0.0,0,1,0,6,22,11,5.11,306,52,0,1
4,3,1.86,7,4,3.25,1,1,6,6,18,10,8.37,209,23,0,0
6,5,0.85,0,0,0.0,0,2,8,4,25,11,3.55,191,29,0,0
10,7,4.83,0,0,0.0,0,0,9,1,20,12,9.67,135,93,0,0
8,6,1.29,9,6,1.45,1,3,0,14,21,12,3.38,266,73,0,0
4,2,0.51,3,2,0.38,0,1,6,2,25,11,3.2,208,113,0,1
4,3,0.86,2,1,0.43,0,0,1,1,18,12,3.89,195,80,0,2
11,5,3.23,0,0,0.0,0,0,7,7,17,10,4.99,274,61,0,0
1,1,0.16,0,0,0.0,0,1,5,12,16,9,2.57,263,66,0,1
4,2,0.58,0,0,0.0,0,1,3,2,12,7,1.74,113,110,1,2
0,0,0.0,6,3,1.14,1,1,3,6,10,3,1.89,34,127,1,3
0,0,0.0,4,3,0.51,0,2,12,14,17,10,2.18,312,99,0,1
0,0,0.0,3,1,1.3,1,1,1,1,8,4,3.46,41,113,1,3
0,0,0.0,3,2,0.6,0,3,8,1,16,12,3.18,401,71,0,1
4,2,0.63,5,4,0.79,0,1,0,4,17,11,2.69,283,55,0,1
6,4,0.84,6,4,0.84,1,3,7,5,25,14,3.48,253,76,0,0
0,0,0.0,1,1,0.33,0,0,0,0,23,10,7.48,162,92,1,1
2,1,0.29,0,0,0.0,0,1,2,1,10,4,1.47,41,109,1,3
0,0,0.0,3,2,0.56,0,0,2,6,22,10,4.14,159,34,0,1
3,1,0.69,6,4,1.37,1,1,0,0,23,12,5.25,161,68,0,1
4,3,1.43,6,4,2.15,0,3,10,3,18,8,6.45,202,87,0,0
4,3,0.56,2,1,0.28,0,0,5,0,19,10,2.64,142,55,0,2
5,3,1.7,4,2,1.36,1,0,6,13,20,7,6.79,163,107,0,0
5,3,1.3,1,1,0.26,0,3,5,1,18,13,4.66,322,30,0,0
0,0,0.0,3,1,0.8,1,0,5,0,6,2,1.6,35,193,1,3
0,0,0.0,4,2,0.55,0,2,6,0,13,9,1.8,98,74,0,1
9,2,1.8,3,0,0.59,0,3,1,4,1,1,0.23,0,205,0,2
2,0,0.49,0,0,0.0,1,0,0,3,2,2,0.38,71,188,0,3
0,0,0.0,2,0,0.38,2,1,0,7,13,9,2.56,282,174,0,1
2,0,0.38,4,4,0.88,0,3,4,7,5,1,1.06,42,138,1,3
3,1,0.63,4,4,0.83,1,0,5,5,14,9,2.84,278,69,0,1
8,3,1.5,3,2,0.53,0,1,9,2,26,12,5.13,273,167,1,0
2,2,0.38,2,0,0.42,0,0,1,0,21,11,4.25,261,133,0,1
8,5,1.6,5,3,1.04,0,0,5,2,14,11,2.77,197,65,1,0
3,3,0.64,1,0,0.25,0,1,2,6,4,0,0.83,66,112,0,3
6,5,1.25,0,0,0.0,1,0,9,6,2,2,0.4,0,177,1,2
8,3,1.66,2,0,0.46,1,0,0,3,8,3,1.56,111,133,1,2
1,0,0.19,1,1,0.24,2,3,5,11,15,9,3.02,262,68,0,1
6,5,1.16,6,3,1.19,0,2,2,1,16,10,3.13,381,68,1,0
2,2,0.4,3,2,0.62,2,0,6,3,12,4,2.38,112,97,0,1
1,1,0.19,1,1,0.19,1,1,9,3,16,11,3.18,337,58,0,1
4,4,0.72,2,0,0.42,2,0,3,6,25,9,4.95,250,114,1,0
10,7,2.01,0,0,0.0,0,0,13,7,23,12,4.5,176,94,0,0
10,4,1.95,3,0,0.6,2,0,3,4,20,11,4.0,161,110,0,0
0,0,0.0,0,0,0.0,0,2,3,0,16,8,3.23,147,113,0,3
5,0,0.99,9,3,1.78,0,1,6,7,12,6,2.39,203,83,0,1
0,0,0.0,5,2,0.98,1,3,0,2,20,15,3.94,317,79,1,1
12,7,2.44,6,1,1.2,1,0,6,0,16,4,3.29,178,121,0,0
1,1,0.23,2,2,0.37,2,2,9,5,10,8,1.98,221,162,0,1
1,0,0.25,3,3,0.67,2,0,0,2,1,0,0.19,1,140,0,3
0,0,0.0,2,2,0.43,0,2,5,6,21,6,4.03,150,80,0,1
0,0,0.0,6,1,1.24,0,1,2,9,15,9,2.92,137,76,0,1
5,3,0.89,0,0,0.0,2,0,6,0,21,11,4.23,233,95,1,2
3,0,0.63,0,0,0.0,0,3,0,6,18,4,3.74,112,53,0,1
13,9,2.63,10,7,1.94,0,0,4,4,21,10,4.24,247,88,0,0
3,1,0.56,2,2,0.46,2,3,9,2,11,3,2.13,158,167,0,1
1,1,0.17,1,1,0.3,1,2,8,0,17,7,3.4,97,81,0,1
10,6,1.96,2,1,0.43,2,1,0,8,16,9,3.16,160,116,1,0
6,1,1.16,0,0,0.0,1,3,1,12,21,7,4.16,107,127,1,2
5,2,0.97,2,1,0.43,1,0,2,0,12,9,2.32,233,209,1,2
4,3,0.82,2,0,0.36,0,1,1,0,21,15,4.2,345,75,1,0
3,1,0.65,0,0,0.0,0,3,4,1,20,12,3.91,306,141,0,2
0,0,0.0,3,0,0.48,2,3,4,0,15,9,2.87,99,73,0,1
4,0,0.86,9,5,1.87,3,0,1,5,20,6,3.95,179,33,0,1
0,0,0.0,2,0,0.42,0,2,10,2,16,11,3.05,146,74,0,1
0,0,0.0,0,0,0.0,0,0,6,4,13,6,2.54,214,110,0,3
3,0,0.6,2,2,0.44,0,2,0,1,19,9,3.81,229,121,0,1
0,0,0.0,3,2,0.62,2,0,2,2,8,3,1.65,70,91,1,3
3,2,0.63,4,0,0.85,0,0,2,0,16,8,3.21,233,123,1,1
2,2,0.4,7,2,1.47,1,0,9,9,24,18,4.76,465,91,0,0
9,6,1.8,1,0,0.2,0,1,6,0,17,5,3.35,119,137,0,0
0,0,0.0,5,1,0.92,2,2,5,3,6,3,1.15,98,99,0,3
0,0,0.0,1,0,0.16,0,1,12,7,15,7,3.06,211,187,0,1
7,5,1.35,2,2,0.43,0,1,1,0,1,0,0.14,0,162,0,2
1,0,0.24,0,0,0.0,0,1,2,4,10,5,1.99,69,154,0,3
6,0,1.06,0,0,0.0,1,0,13,10,14,9,2.81,348,110,0,2
3,1,0.62,2,0,0.53,0,1,1,10,25,14,4.87,437,96,0,0
5,2,0.92,2,1,0.45,3,0,0,0,0,0,0.0,0,150,0,3
5,4,1.06,0,0,0.0,0,1,3,1,15,8,3.01,118,123,0,2
7,1,1.38,0,0,0.0,2,1,2,2,0,0,0.0,1,148,0,2
12,8,2.43,8,4,1.67,0,0,8,4,20,9,3.99,123,53,0,0
3,3,0.61,8,5,1.63,1,1,3,4,21,10,4.13,91,122,1,1
1,0,0.26,6,1,1.21,0,2,2,5,11,7,2.2,135,174,0,1
0,0,0.0,8,5,1.53,0,1,0,4,15,9,3.0,212,24,1,1
1,0,0.26,3,2,0.58,2,2,2,8,9,4,1.84,127,156,1,3
0,0,0.0,1,1,0.1,0,1,4,0,23,18,4.59,314,84,0,1
0,0,0.0,6,5,1.25,2,2,0,13,19,12,3.79,268,89,0,1
5,3,1.02,5,0,1.01,1,1,0,10,23,14,4.66,413,56,1,0
8,5,1.65,6,4,1.16,0,0,5,6,20,14,3.93,165,51,1,0
0,0,0.0,6,3,1.25,4,3,4,4,19,10,3.78,255,17,0,1
1,1,0.2,1,1,0.22,0,0,3,10,24,7,4.82,148,80,1,1
9,7,1.76,7,6,1.48,0,0,0,15,22,10,4.24,264,75,1,0
3,1,0.64,0,0,0.0,0,1,0,1,2,1,0.47,103,103,1,3
7,7,1.43,3,3,0.67,0,3,2,3,2,0,0.39,0,172,0,2
3,0,0.54,2,0,0.41,2,0,0,4,0,0,0.0,2,123,1,3
5,4,1.02,1,0,0.16,0,0,13,1,19,15,3.75,299,98,1,0
1,1,0.19,2,0,0.43,1,0,4,6,24,8,4.79,82,22,0,1
5,4,1.01,2,2,0.4,0,0,4,10,29,14,5.78,416,72,1,0
12,6,2.36,2,1,0.42,2,3,8,16,24,14,4.71,416,81,0,0
4,2,0.87,0,0,0.0,0,3,9,13,22,7,4.35,95,29,0,2
2,0,0.37,1,1,0.08,2,0,1,5,11,3,2.21,53,82,1,3
0,0,0.0,5,5,0.98,2,0,4,10,2,2,0.47,19,188,1,3
8,6,1.61,2,0,0.43,0,3,10,11,22,8,4.35,112,121,1,0
1,1,0.19,4,3,0.83,2,0,0,5,20,13,3.91,297,27,1,1
1,0,0.22,0,0,0.0,2,0,0,2,1,0,0.22,0,153,0,3
1,0,0.22,4,1,0.81,1,0,8,7,26,11,5.15,193,56,1,1
4,3,0.9,2,2,0.38,0,0,1,1,9,4,1.83,81,139,1,2
0,0,0.0,3,3,0.59,1,0,2,0,15,7,2.94,208,65,0,1
3,0,0.51,5,5,1.06,0,0,3,0,15,9,2.91,171,132,1,1
11,6,2.17,3,3,0.53,3,1,5,4,25,19,5.05,564,139,0,0
0,0,0.0,3,2,0.69,0,1,0,3,17,12,3.36,192,152,1,1
2,2,0.39,0,0,0.0,2,1,5,5,8,3,1.54,80,188,1,3
0,0,0.0,4,3,0.9,0,3,3,6,4,3,0.76,46,136,0,3
0,0,0.0,11,2,2.29,0,3,0,11,23,14,4.64,198,21,1,1
1,0,0.15,4,4,0.69,0,0,12,16,19,11,3.89,313,101,1,1
0,0,0.0,0,0,0.0,0,1,7,7,5,0,0.95,21,117,0,3
0,0,0.0,0,0,0.0,2,2,9,10,21,16,4.16,154,86,0,1
0,0,0.0,3,2,0.59,1,3,4,6,21,8,4.19,195,92,0,1
0,0,0.0,3,1,0.62,0,0,1,3,12,8,2.29,195,132,0,1
10,7,1.93,7,7,1.47,1,1,0,10,20,9,3.95,379,95,1,0
6,1,1.2,8,3,1.55,2,1,10,6,25,17,5.06,418,100,0,0
3,0,0.5,8,5,1.73,2,2,4,9,23,13,4.55,198,97,1,1
6,5,1.08,6,3,1.17,2,0,2,8,23,16,4.63,345,31,0,0
4,1,0.83,0,0,0.0,1,0,2,3,21,8,4.17,209,74,0,2
0,0,0.0,6,0,1.25,0,2,1,5,19,6,3.67,167,63,0,1
0,0,0.0,4,3,0.81,2,1,9,3,15,5,3.03,62,88,0,1
10,6,2.0,2,2,0.51,2,0,4,7,16,3,3.16,88,151,0,0
8,7,1.59,2,2,0.35,2,3,5,0,25,10,5.04,186,75,0,0
5,2,0.92,4,4,0.81,0,0,8,6,1,1,0.21,1,195,1,3
0,0,0.0,2,1,0.46,1,0,8,0,9,5,1.79,80,101,1,3
12,5,2.48,3,1,0.56,0,3,0,0,20,13,4.0,213,65,1,0
5,2,1.1,4,0,0.86,2,0,5,3,17,7,3.4,201,101,0,2
4,2,0.82,5,3,1.02,3,0,1,1,28,12,5.48,253,27,0,0
8,4,1.6,1,0,0.15,0,1,7,1,17,10,3.43,170,97,0,0
5,3,1.09,5,5,1.06,2,0,6,0,22,8,4.37,172,17,0,0
5,5,1.01,3,3,0.59,1,0,4,4,23,19,4.57,420,35,0,0
2,2,0.38,0,0,0.0,0,0,5,0,17,9,3.4,142,54,0,1
2,2,0.37,6,0,1.16,0,0,7,6,19,12,3.82,335,54,1,1
8,4,1.63,5,5,0.93,1,3,6,2,17,4,3.43,111,83,1,0
0,0,0.0,2,0,0.38,1,3,3,0,9,3,1.82,116,84,1,3
1,1,0.26,5,5,0.99,2,0,13,0,16,8,3.09,315,109,1,1
5,1,0.93,10,2,2.01,1,0,0,5,19,5,3.77,141,94,1,1
9,6,1.76,0,0,0.0,0,0,1,0,16,8,3.13,123,78,0,0
0,0,0.0,7,5,1.5,2,1,1,4,2,0,0.41,1,94,0,3
0,0,0.0,5,3,0.99,0,3,11,0,16,10,3.17,217,63,0,1
9,5,1.79,1,1,0.29,0,3,0,6,1,1,0.3,31,128,1,2
0,0,0.0,4,1,0.85,1,0,1,6,30,10,5.89,150,66,0,1
7,3,1.45,5,5,1.0,1,0,6,9,17,5,3.38,107,61,0,0
2,2,0.38,5,1,1.02,2,0,6,10,21,13,4.18,353,20,0,1
7,6,1.32,0,0,0.0,2,3,0,7,11,7,2.16,235,131,0,2
0,0,0.0,1,1,0.25,0,1,2,2,8,1,1.59,49,173,1,3
2,0,0.39,3,0,0.66,3,1,2,0,23,9,4.68,291,83,1,1
2,0,0.39,1,1,0.13,0,3,8,3,17,4,3.4,127,185,1,3
1,0,0.24,1,0,0.25,0,3,9,2,25,10,5.04,330,86,1,1
5,0,1.04,1,0,0.22,2,1,4,1,14,7,2.76,122,164,0,2
2,0,0.36,0,0,0.0,0,0,2,2,10,2,2.03,62,138,0,3
0,0,0.0,4,3,0.79,0,0,6,1,17,6,3.34,144,86,1,1
2,0,0.32,3,0,0.64,0,0,4,3,14,11,2.74,299,78,0,1
4,0,0.79,0,0,0.0,0,2,7,0,18,11,3.49,396,157,0,2
4,0,0.76,4,2,0.81,0,1,4,3,11,8,2.13,237,130,1,1
0,0,0.0,2,0,0.45,0,1,1,5,21,14,4.18,394,11,0,1
3,3,0.58,0,0,0.0,1,0,2,5,20,15,4.05,425,41,0,0
1,0,0.19,4,4,0.8,1,2,13,16,15,11,2.98,314,100,1,1
14,9,2.72,1,0,0.22,0,1,5,10,19,12,3.79,217,160,0,0
0,0,0.0,3,0,0.58,0,0,1,0,16,8,3.24,235,147,0,1
7,6,1.39,5,1,0.98,0,2,8,6,2,1,0.38,15,144,1,2
1,1,0.27,1,1,0.15,1,3,4,2,17,4,3.33,122,160,1,3
6,3,1.24,9,2,1.82,0,1,6,3,10,5,1.94,154,174,0,2
4,4,0.82,5,5,1.1,0,0,3,19,23,13,4.63,239,31,1,0
4,2,0.77,3,3,0.63,0,0,2,2,20,8,3.98,120,88,0,1
5,3,0.95,2,0,0.39,2,0,11,4,19,14,3.78,298,71,0,0
4,1,0.83,0,0,0.0,2,2,0,4,19,11,3.73,205,77,0,1
8,3,1.54,4,4,0.8,3,2,3,12,24,12,4.84,271,133,0,0
9,4,1.88,2,2,0.44,0,1,1,0,19,13,3.87,267,134,0,0
3,3,0.6,4,3,0.83,1,2,4,6,20,6,3.98,73,70,0,1
1,1,0.3,6,3,1.13,0,3,4,7,10,1,2.03,32,129,0,1
0,0,0.0,10,3,2.01,1,1,8,0,22,10,4.34,362,48,1,1
9,9,1.82,8,6,1.71,1,2,6,7,19,8,3.84,188,96,0,0
0,0,0.0,3,2,0.57,0,1,0,1,2,0,0.43,33,131,0,3
5,4,0.97,1,1,0.28,1,0,0,2,12,6,2.32,94,219,1,2
13,8,2.67,0,0,0.0,2,3,6,1,23,10,4.59,173,112,0,0
3,3,0.58,5,4,0.98,0,1,3,3,14,12,2.8,350,180,0,1
1,0,0.12,3,2,0.61,0,0,4,1,10,6,2.0,130,118,0,1
5,3,1.06,4,4,0.75,0,1,0,2,20,11,4.0,136,26,0,0
0,0,0.0,6,2,1.25,0,2,7,0,17,11,3.38,219,65,1,1
7,7,1.37,5,0,0.95,0,3,0,0,24,20,4.76,196,34,0,0
11,3,2.21,0,0,0.0,2,1,3,3,0,0,0.0,2,153,0,2
0,0,0.0,9,5,1.9,4,1,6,3,20,14,3.96,220,18,0,1
12,8,2.47,1,1,0.17,0,0,10,4,24,13,4.74,269,51,0,0
0,0,0.0,5,4,1.02,0,1,4,12,17,5,3.43,85,9,0,1
10,8,2.07,3,3,0.53,0,1,0,0,24,14,4.74,270,39,0,0
7,6,1.47,0,0,0.0,0,0,4,10,18,12,3.57,284,40,1,0
1,0,0.17,5,0,0.95,1,0,8,0,17,13,3.35,186,26,1,1
0,0,0.0,6,4,1.22,1,2,3,1,18,9,3.53,284,58,1,1
7,7,1.43,6,4,1.18,1,2,10,5,17,9,3.46,75,111,1,0
3,0,0.75,6,4,1.16,0,2,3,15,25,13,4.9,139,83,0,1
0,0,0.0,0,0,0.0,0,3,4,3,6,6,1.21,168,184,0,3
1,1,0.1,5,5,0.87,0,1,7,6,23,8,4.56,188,56,0,1
5,5,0.9,0,0,0.0,2,0,0,1,20,16,4.0,343,109,0,0
7,5,1.41,4,2,0.92,2,3,5,11,16,6,3.17,109,60,0,0
5,2,1.05,6,1,1.19,3,1,4,10,21,15,4.2,410,53,1,0
0,0,0.0,1,1,0.18,0,0,0,0,10,6,2.0,127,146,1,3
6,2,1.19,5,4,1.02,0,1,0,0,8,1,1.62,96,157,0,2
3,3,0.58,6,3,1.26,2,0,6,15,18,9,3.66,163,109,0,1
8,4,1.54,7,5,1.49,0,1,6,13,14,13,2.69,367,48,1,0
0,0,0.0,4,0,0.8,0,2,6,3,11,9,2.19,213,108,0,1
2,1,0.31,7,5,1.4,0,3,0,0,0,0,0.0,1,113,0,3
1,0,0.23,10,7,2.03,1,2,3,10,29,16,5.73,378,28,0,1
1,1,0.18,1,0,0.21,0,0,9,0,18,9,3.53,113,113,0,1
0,0,0.0,1,0,0.2,0,0,5,0,14,7,2.77,197,169,1,3
6,6,1.21,6,4,1.24,0,1,10,15,19,14,3.83,177,43,0,0
3,3,0.52,11,6,2.24,0,0,11,3,21,17,4.15,475,96,1,1
7,6,1.42,6,3,1.21,0,1,2,7,22,11,4.39,374,91,0,0
1,0,0.18,7,6,1.53,3,2,8,6,22,10,4.42,296,79,1,1
0,0,0.0,3,0,0.7,2,1,1,2,3,1,0.55,15,98,0,3
0,0,0.0,1,0,0.23,0,3,0,10,21,9,4.13,165,41,1,1
3,0,0.66,2,0,0.46,1,1,4,0,23,13,4.57,209,114,1,1
6,3,1.18,4,2,0.77,1,1,12,6,16,11,3.09,327,59,0,0
7,7,1.35,7,4,1.41,0,0,3,8,24,14,4.87,298,78,0,0
14,5,2.8,9,3,1.84,2,3,0,6,17,12,3.38,233,107,1,0
5,2,1.04,6,2,1.28,1,3,0,2,0,0,0.0,2,114,0,3
5,5,0.95,6,4,1.15,2,3,2,4,3,3,0.59,25,205,1,2
3,3,0.62,0,0,0.0,0,3,5,2,18,13,3.61,396,159,1,2
0,0,0.0,5,1,1.01,3,3,1,6,16,9,3.17,100,170,0,1
2,0,0.47,0,0,0.0,2,2,1,3,23,12,4.6,316,52,1,1
5,3,0.95,3,0,0.61,2,1,5,1,17,12,3.44,143,57,0,0
13,8,2.62,5,5,1.06,0,0,0,3,23,9,4.46,246,90,0,0
2,2,0.38,2,2,0.4,0,2,4,4,6,4,1.23,41,155,1,3
1,1,0.16,3,3,0.64,0,2,0,0,19,12,3.75,141,63,1,1
5,3,1.1,4,0,0.75,1,3,1,5,12,6,2.33,93,219,0,2
4,2,0.82,1,1,0.17,0,1,6,4,17,7,3.31,52,36,1,2
2,0,0.48,1,0,0.19,0,3,2,1,0,0,0.0,0,81,0,3
11,6,2.16,6,1,1.15,2,2,3,0,21,11,4.19,358,59,1,0
2,2,0.48,2,2,0.34,1,0,5,4,6,3,1.16,40,153,0,3
12,7,2.38,0,0,0.0,0,0,5,3,16,6,3.12,160,105,0,0
4,2,0.84,1,1,0.13,0,3,2,9,29,16,5.77,415,72,0,0
5,4,0.95,0,0,0.0,0,1,1,4,9,7,1.79,115,175,0,2
7,3,1.35,2,2,0.42,0,0,2,1,14,10,2.81,259,103,0,2
6,5,1.2,2,0,0.36,1,1,6,3,19,12,3.81,253,30,1,0
4,3,0.88,4,4,0.78,0,0,2,3,0,0,0.0,0,217,1,3
4,1,0.86,2,0,0.38,0,3,2,3,21,17,4.21,197,114,0,0
2,1,0.41,4,4,0.88,1,0,6,9,12,5,2.3,160,45,0,1
5,4,0.98,5,4,1.01,0,0,1,2,0,0,0.0,2,114,0,2
1,1,0.22,3,3,0.71,0,1,2,5,18,5,3.63,140,140,1,1
4,4,0.75,6,4,1.18,3,3,1,3,22,12,4.41,218,99,0,0
0,0,0.0,0,0,0.0,0,2,0,0,3,0,0.72,10,100,0,3
2,2,0.4,9,5,1.86,1,0,4,11,21,12,4.22,198,98,1,1
0,0,0.0,2,2,0.27,0,3,1,1,10,5,1.92,80,137,0,3
0,0,0.0,5,3,1.04,0,2,0,7,15,8,2.9,111,50,0,1
3,1,0.64,5,1,1.0,0,0,1,3,16,7,3.18,134,201,0,1
1,1,0.08,7,2,1.41,4,1,9,7,21,9,4.18,102,85,1,1
0,0,0.0,2,0,0.38,0,3,10,4,5,5,0.97,102,129,1,3
2,0,0.37,0,0,0.0,1,1,5,2,19,10,3.81,301,46,1,1
0,0,0.0,1,1,0.11,1,3,7,10,24,13,4.64,169,84,0,1
1,0,0.2,0,0,0.0,1,1,1,6,13,7,2.56,131,154,1,3
9,2,1.83,0,0,0.0,0,2,6,2,4,0,0.68,25,173,1,2
3,1,0.62,7,2,1.4,1,0,3,3,10,7,1.95,156,175,0,1
1,1,0.26,0,0,0.0,2,3,5,11,21,14,4.16,290,63,1,1
6,5,1.18,8,4,1.6,2,1,9,7,20,9,4.03,134,59,1,0
3,0,0.57,2,0,0.44,1,1,4,17,23,18,4.51,533,62,1,0
0,0,0.0,4,4,0.8,0,2,4,5,22,11,4.37,441,23,1,1
0,0,0.0,4,2,0.79,2,1,2,2,20,7,3.95,200,55,1,1
0,0,0.0,0,0,0.0,0,2,10,4,3,2,0.59,37,166,1,3
4,0,0.79,0,0,0.0,0,1,2,0,2,1,0.38,2,202,0,3
2,0,0.45,3,1,0.51,0,1,9,4,12,7,2.37,136,113,1,1
2,0,0.45,5,3,0.96,0,0,0,2,2,0,0.36,0,150,1,3
0,0,0.0,0,0,0.0,0,1,2,0,4,2,0.81,23,129,0,3
0,0,0.0,0,0,0.0,0,1,6,5,2,1,0.45,30,136,0,3
0,0,0.0,0,0,0.0,0,1,2,2,3,0,0.6,23,196,0,3
1,0,0.28,5,3,0.92,0,1,5,14,21,10,4.27,242,79,1,1
2,1,0.46,2,0,0.4,2,0,2,2,0,0,0.0,0,119,1,3
2,1,0.37,1,1,0.18,0,0,10,9,17,12,3.42,366,89,0,1
1,0,0.18,2,0,0.38,2,2,0,5,17,3,3.34,167,63,0,1
3,2,0.52,0,0,0.0,1,2,9,8,9,6,1.78,73,215,1,2
8,6,1.66,2,2,0.37,0,0,0,10,14,5,2.77,121,83,1,2
0,0,0.0,3,1,0.59,1,1,0,7,9,3,1.73,126,156,0,3
0,0,0.0,2,2,0.4,0,0,4,8,0,0,0.0,0,185,0,3
2,0,0.43,0,0,0.0,0,0,7,1,20,8,3.99,95,97,1,1
1,0,0.21,9,6,1.72,4,0,5,0,23,13,4.64,364,47,0,1
0,0,0.0,4,4,0.77,3,0,4,5,22,14,4.4,173,31,0,1
4,4,0.77,0,0,0.0,0,0,8,2,13,8,2.6,183,100,1,2
0,0,0.0,1,1,0.13,2,1,11,1,0,0,0.0,12,82,0,3
8,8,1.61,9,8,1.83,3,1,0,8,16,11,3.2,380,93,0,0
7,4,1.36,2,1,0.48,1,2,2,9,23,13,4.54,252,113,1,0
2,2,0.43,0,0,0.0,0,1,3,1,7,4,1.33,44,190,0,3
0,0,0.0,3,3,0.58,1,0,6,2,25,12,4.92,320,34,0,1
0,0,0.0,0,0,0.0,1,1,3,0,26,9,5.16,189,47,0,1
5,0,1.09,6,4,1.21,2,1,4,9,15,6,2.95,170,112,1,1
6,0,1.21,0,0,0.0,2,3,4,6,6,3,1.21,81,170,0,2
8,6,1.56,3,3,0.61,0,3,2,5,18,8,3.56,218,107,1,0
4,4,0.82,0,0,0.0,0,3,4,2,0,0,0.0,0,203,0,2
4,2,0.79,4,4,0.87,0,1,9,0,18,11,3.56,387,95,1,1
7,2,1.36,3,1,0.59,0,3,2,3,15,6,2.98,230,172,1,2
0,0,0.0,0,0,0.0,1,0,11,11,22,16,4.32,151,87,1,1
3,0,0.66,0,0,0.0,2,2,5,4,12,5,2.46,105,132,1,3
7,6,1.43,3,0,0.59,0,1,4,3,19,10,3.69,254,27,0,0
3,3,0.59,6,4,1.16,3,0,5,0,20,11,4.1,307,70,0,1
0,0,0.0,2,1,0.37,0,0,8,7,21,12,4.2,160,37,1,1
0,0,0.0,5,3,1.0,0,1,0,4,23,11,4.49,212,58,0,1
1,0,0.22,6,3,1.19,2,0,8,8,24,17,4.77,207,10,0,1
0,0,0.0,2,0,0.39,0,0,5,2,7,3,1.4,32,129,0,3
10,9,1.93,2,2,0.42,0,0,0,1,24,12,4.84,271,38,1,0
2,0,0.48,5,3,1.01,1,2,4,7,21,9,4.11,201,94,1,1
9,5,1.82,2,2,0.38,0,0,0,0,26,15,5.1,337,75,1,0
14,5,2.73,7,6,1.4,0,2,0,4,24,12,4.79,248,90,1,0
0,0,0.0,3,3,0.57,0,2,2,3,21,12,4.18,325,17,1,1
3,3,0.66,3,1,0.58,2,1,4,5,5,1,1.07,81,186,0,3
2,1,0.36,0,0,0.0,0,0,5,6,17,11,3.33,299,63,0,1
0,0,0.0,0,0,0.0,0,0,8,6,14,5,2.73,209,185,0,3
1,1,0.2,0,0,0.0,0,1,0,5,11,10,2.28,141,158,1,3
0,0,0.0,0,0,0.0,0,3,2,1,14,7,2.78,113,178,0,3
4,0,0.79,6,2,1.24,1,0,0,2,20,9,3.94,180,79,0,1
3,0,0.55,1,0,0.22,1,2,1,3,9,6,1.82,81,180,1,3
4,0,0.78,12,6,2.38,3,1,11,7,23,17,4.47,476,99,0,1
9,4,1.78,5,5,0.94,1,3,2,5,27,18,5.39,291,89,0,0
12,9,2.33,9,5,1.78,4,1,1,1,19,14,3.74,515,112,1,0
3,0,0.65,0,0,0.0,0,2,1,11,15,9,2.96,279,121,0,1
6,6,1.15,7,2,1.46,0,2,1,6,17,13,3.44,365,109,1,0
0,0,0.0,2,2,0.41,1,0,2,6,23,13,4.59,211,57,0,1
1,1,0.21,3,3,0.64,2,0,1,4,3,3,0.54,82,146,1,3
2,1,0.37,1,0,0.17,0,0,5,8,5,4,1.0,40,128,0,3
6,3,1.22,2,2,0.32,2,2,3,2,5,2,1.0,28,139,0,2
7,4,1.39,5,3,1.01,0,1,4,15,18,6,3.56,161,107,0,0
0,0,0.0,3,1,0.61,3,0,2,5,11,7,2.14,301,78,0,1
4,1,0.91,4,2,0.79,1,0,7,0,11,6,2.2,55,193,0,1
4,3,0.82,8,5,1.61,0,0,4,4,22,10,4.41,279,37,0,0
4,0,0.79,4,2,0.78,1,0,9,10,20,10,4.0,155,81,0,1
12,8,2.48,9,4,1.81,3,0,0,12,18,13,3.54,377,95,0,0
4,3,0.79,1,1,0.22,2,0,0,0,25,15,4.96,405,80,1,0
12,8,2.37,5,0,1.08,2,0,0,7,21,9,4.06,279,59,1,0
0,0,0.0,2,0,0.44,1,1,5,3,20,12,4.05,312,100,0,1
3,1,0.64,4,2,0.74,2,1,0,2,18,6,3.55,197,58,0,1
3,2,0.57,4,0,0.78,0,0,0,0,20,11,3.95,354,68,0,1
4,4,0.82,7,2,1.36,3,0,2,19,19,13,3.71,236,29,1,0
2,0,0.38,8,5,1.67,1,3,2,0,21,14,4.22,426,59,1,1
6,2,1.23,0,0,0.0,0,0,6,4,5,2,1.05,80,187,1,2
0,0,0.0,2,0,0.39,0,0,2,2,6,2,1.16,90,198,0,3
0,0,0.0,5,3,0.99,0,0,3,5,11,3,2.13,96,125,1,3
4,2,0.8,0,0,0.0,0,1,6,4,20,15,3.98,304,101,1,2
6,5,1.13,0,0,0.0,1,0,8,0,4,1,0.78,29,170,0,2
6,5,1.13,1,1,0.2,2,3,3,13,22,9,4.41,94,111,0,0
0,0,0.0,0,0,0.0,0,0,8,3,18,5,3.57,127,184,1,3
2,0,0.37,5,5,0.98,1,0,9,8,13,11,2.57,194,42,1,1
3,3,0.51,0,0,0.0,2,2,2,8,18,4,3.61,110,51,1,1
4,4,0.74,0,0,0.0,0,0,6,4,7,7,1.31,72,218,1,2
0,0,0.0,7,4,1.37,1,1,4,1,19,14,3.76,264,65,1,1
0,0,0.0,0,0,0.0,0,1,7,5,14,5,2.79,113,14,1,3
13,9,2.63,9,2,1.8,1,0,4,1,18,10,3.56,228,112,0,0
1,1,0.27,0,0,0.0,2,3,5,0,1,1,0.21,34,196,1,3
0,0,0.0,3,1,0.54,0,1,0,0,19,11,3.79,278,88,0,1
11,7,2.22,0,0,0.0,0,0,2,6,24,12,4.81,342,62,0,0
0,0,0.0,11,3,2.29,4,1,2,5,18,5,3.56,223,68,1,1
3,0,0.59,5,4,1.02,0,0,11,8,23,18,4.47,466,90,1,1
2,1,0.4,6,2,1.23,3,2,14,7,17,8,3.3,158,42,1,1
0,0,0.0,0,0,0.0,0,1,6,0,12,6,2.41,198,166,0,3
0,0,0.0,0,0,0.0,0,3,3,5,9,6,1.8,98,151,0,3
2,0,0.41,1,0,0.19,2,1,3,0,22,10,4.36,266,66,0,1
0,0,0.0,10,3,1.94,3,3,2,0,18,11,3.57,425,59,0,1
12,7,2.44,2,0,0.36,2,0,9,6,20,11,3.94,315,78,0,0
10,4,2.04,1,0,0.17,1,0,4,3,13,4,2.55,50,194,0,2
9,5,1.77,5,3,1.1,2,3,12,7,24,17,4.74,419,98,0,0
0,0,0.0,3,2,0.69,2,0,9,13,18,6,3.56,109,99,1,1
0,0,0.0,4,1,0.72,0,3,8,9,25,17,4.97,205,10,0,1
1,1,0.17,6,5,1.16,4,0,3,1,22,16,4.37,229,99,0,1
6,1,1.22,0,0,0.0,0,0,5,3,9,2,1.77,83,185,0,2
5,5,0.95,2,0,0.4,1,2,1,2,15,5,3.02,180,70,1,2
5,4,1.1,2,0,0.39,1,2,7,1,21,14,4.22,191,87,0,0
4,1,0.83,3,0,0.69,0,3,0,3,1,0,0.27,0,141,0,3
3,3,0.59,1,0,0.18,0,3,2,11,18,6,3.57,181,49,0,2
5,3,1.05,2,1,0.49,1,1,6,0,5,4,0.97,23,175,1,2
0,0,0.0,1,0,0.25,0,1,5,0,0,0,0.0,2,120,0,3
9,7,1.76,5,3,1.0,0,2,6,12,20,7,3.95,127,92,1,0
0,0,0.0,9,5,1.77,4,1,6,3,20,11,3.97,327,15,0,1
0,0,0.0,10,8,1.97,2,3,2,1,28,18,5.59,690,38,1,1
0,0,0.0,5,5,1.1,0,1,0,0,8,2,1.6,131,172,1,3
5,1,1.03,4,0,0.84,1,0,9,1,12,5,2.38,111,99,0,1
0,0,0.0,0,0,0.0,0,1,2,1,23,14,4.6,337,101,0,1
0,0,0.0,3,2,0.49,2,0,1,6,13,9,2.67,299,76,1,1
0,0,0.0,0,0,0.0,0,0,5,3,6,1,1.16,31,131,1,3
6,3,1.17,7,2,1.38,2,1,7,5,18,12,3.59,133,58,0,0
1,1,0.13,0,0,0.0,2,3,5,3,2,1,0.39,0,119,0,3
0,0,0.0,6,4,1.19,0,0,1,1,20,8,3.93,157,71,0,1
2,2,0.51,2,0,0.38,1,1,1,5,8,1,1.55,68,178,0,3
2,0,0.39,1,1,0.22,2,3,5,5,4,1,0.77,21,139,1,3
8,7,1.6,7,6,1.44,0,3,4,9,16,7,3.26,211,116,1,0
2,0,0.43,1,0,0.17,1,0,2,0,19,8,3.82,321,14,0,1
3,0,0.65,9,7,1.75,3,2,0,6,17,5,3.33,182,31,1,1
1,1,0.19,0,0,0.0,0,1,0,1,18,10,3.6,198,15,0,1
4,0,0.86,1,1,0.15,1,3,0,3,1,1,0.15,25,141,0,3
15,4,2.99,2,0,0.39,3,2,9,1,18,4,3.55,197,132,0,0
2,1,0.4,0,0,0.0,1,1,10,0,17,7,3.44,95,82,0,1
6,0,1.18,9,4,1.78,0,3,4,10,20,8,4.07,115,40,0,1
4,3,0.84,1,1,0.14,1,3,5,2,7,7,1.3,243,166,0,2
5,2,0.93,0,0,0.0,1,1,7,3,20,10,3.98,234,95,1,2
2,1,0.41,0,0,0.0,2,1,8,7,16,9,3.2,167,163,0,1
7,2,1.43,0,0,0.0,0,1,0,0,16,14,3.17,264,76,0,2
6,5,1.25,5,1,0.96,2,2,12,6,27,12,5.37,324,103,1,0
2,0,0.43,0,0,0.0,0,2,4,0,15,5,2.96,183,145,1,3
9,7,1.75,0,0,0.0,0,1,9,10,21,8,4.21,111,124,0,0
4,1,0.83,4,3,0.73,1,0,10,3,22,11,4.36,365,35,0,0
3,3,0.64,1,0,0.21,0,3,2,1,16,10,3.21,264,76,0,2
9,5,1.83,7,3,1.38,0,3,6,3,20,9,4.02,148,123,0,0
5,1,0.99,2,0,0.3,3,3,1,7,14,5,2.82,91,55,0,1
2,2,0.39,3,2,0.68,1,2,0,4,9,4,1.78,67,202,0,3
5,5,1.05,3,3,0.71,2,1,2,0,22,11,4.26,269,67,0,0
5,4,1.0,5,4,1.01,0,1,8,5,19,14,3.8,317,27,1,0
3,3,0.55,1,1,0.28,2,0,0,6,19,13,3.7,155,76,0,1
2,0,0.38,2,2,0.41,2,1,2,7,24,17,4.79,285,80,1,1
0,0,0.0,2,0,0.3,0,2,0,3,1,0,0.22,0,80,0,3
9,5,1.73,5,0,0.99,0,0,11,11,18,13,3.57,257,97,0,0
2,1,0.47,3,0,0.57,2,1,8,6,21,16,4.18,435,62,1,1
2,2,0.4,0,0,0.0,0,0,9,4,18,9,3.65,272,41,0,1
3,3,0.53,4,4,0.8,0,3,0,2,3,3,0.66,99,160,0,3
2,1,0.44,3,1,0.56,0,0,7,11,24,17,4.75,238,51,1,1
3,3,0.56,4,4,0.81,1,1,5,3,19,8,3.68,248,36,1,1
0,0,0.0,1,0,0.24,2,1,9,1,11,6,2.26,105,187,1,3
0,0,0.0,0,0,0.0,0,1,2,12,17,11,3.3,381,86,0,1
7,4,1.47,3,3,0.6,0,2,4,1,23,14,4.58,220,105,0,0
6,2,1.19,1,1,0.14,0,0,8,8,8,6,1.59,166,140,0,2
0,0,0.0,6,3,1.17,3,1,4,10,16,9,3.2,84,10,0,1
5,0,1.01,0,0,0.0,0,2,2,3,5,5,1.06,71,100,0,3
11,2,2.24,1,1,0.31,0,2,5,5,19,10,3.78,164,42,1,0
2,0,0.39,3,3,0.59,1,0,2,5,15,6,2.96,226,129,1,1
0,0,0.0,1,1,0.23,1,1,1,2,2,2,0.41,24,162,1,3
4,3,0.8,1,0,0.25,1,1,4,7,2,1,0.33,2,174,1,2
1,1,0.2,2,1,0.47,2,2,0,3,24,12,4.74,150,55,0,1
3,3,0.56,0,0,0.0,0,0,8,0,13,7,2.57,165,111,1,2
4,0,0.85,0,0,0.0,0,0,5,0,1,1,0.23,0,123,1,3
7,7,1.43,2,2,0.38,0,0,15,17,24,18,4.84,249,65,1,0
8,6,1.63,4,3,0.74,0,3,2,9,21,10,4.23,308,106,0,0
1,0,0.25,2,0,0.44,1,3,7,3,15,10,3.03,240,72,1,1
5,2,0.95,1,0,0.34,0,3,12,15,23,12,4.63,287,51,1,0
0,0,0.0,1,1,0.27,0,2,3,5,15,14,3.01,172,58,0,1
2,0,0.46,0,0,0.0,0,3,0,4,29,13,5.77,273,97,0,1
5,0,1.0,2,0,0.34,0,1,6,3,14,4,2.73,209,63,0,1
1,1,0.21,0,0,0.0,2,1,0,4,23,10,4.57,307,81,1,1
5,5,1.01,0,0,0.0,1,3,5,0,21,12,4.09,267,64,0,0
6,6,1.22,5,2,0.98,2,2,1,0,11,10,2.16,245,143,0,2
9,8,1.7,4,4,0.79,0,2,7,7,19,11,3.78,232,69,1,0
5,3,1.01,3,2,0.62,2,3,0,5,7,2,1.39,99,135,1,2
0,0,0.0,0,0,0.0,2,3,5,3,18,9,3.55,345,74,0,1
6,1,1.22,0,0,0.0,2,1,5,7,25,12,4.88,305,56,1,0
3,1,0.68,2,0,0.51,0,0,3,2,4,4,0.77,37,188,1,3
3,3,0.57,7,6,1.38,0,1,10,7,19,12,3.76,369,34,1,1
2,1,0.48,0,0,0.0,1,0,8,8,21,12,4.18,253,64,1,1
29,18,5.78,2,1,0.33,3,3,9,18,19,6,3.81,173,198,1,0
8,3,1.53,7,3,1.45,0,3,7,1,18,9,3.56,73,112,0,0
2,2,0.48,1,0,0.22,0,2,6,1,7,4,1.37,50,103,0,3
8,7,1.65,0,0,0.0,0,2,6,4,20,8,3.94,146,97,1,0
7,4,1.41,3,2,0.66,0,0,1,0,11,6,2.18,56,173,1,2
0,0,0.0,1,1,0.15,0,3,7,4,19,7,3.82,134,32,1,1
2,2,0.39,0,0,0.0,0,3,0,8,19,12,3.72,424,41,1,1
0,0,0.0,2,0,0.41,0,0,0,2,16,11,3.08,196,18,0,1
4,0,0.87,0,0,0.0,0,0,0,5,20,15,3.99,337,122,0,2
5,1,0.93,8,5,1.61,3,0,5,7,19,14,3.84,194,96,0,1
1,1,0.19,0,0,0.0,0,2,15,9,1,0,0.21,0,120,1,3
0,0,0.0,0,0,0.0,1,0,0,8,18,11,3.53,257,56,1,1
6,6,1.18,1,1,0.2,2,0,1,4,1,0,0.19,1,206,0,2
1,0,0.17,5,4,0.92,0,1,5,2,13,7,2.59,88,117,0,1
9,3,1.88,0,0,0.0,2,1,8,5,25,11,5.0,267,78,0,0
3,0,0.56,1,1,0.19,0,3,3,5,20,10,3.93,92,78,0,1
3,0,0.61,1,1,0.18,0,2,9,6,19,5,3.85,107,68,0,1
1,1,0.14,0,0,0.0,1,1,4,20,24,15,4.75,535,61,1,1
2,0,0.44,1,1,0.13,1,0,0,4,7,3,1.36,41,167,1,3
1,0,0.18,0,0,0.0,0,1,6,2,14,9,2.8,157,195,0,3
2,2,0.29,0,0,0.0,1,0,2,9,16,7,3.11,167,71,0,1
0,0,0.0,4,3,0.76,0,0,2,3,18,9,3.68,215,24,1,1
6,4,1.17,1,0,0.26,0,0,0,3,2,0,0.42,0,160,1,2
3,0,0.67,4,2,0.72,1,0,0,6,5,4,0.98,46,145,1,3
1,1,0.25,3,3,0.65,0,0,11,0,19,5,3.73,96,66,1,1
14,6,2.79,3,1,0.53,0,1,6,1,20,6,3.97,148,152,0,0
1,1,0.22,0,0,0.0,1,0,1,3,19,5,3.82,89,28,1,1
0,0,0.0,3,2,0.73,0,2,2,5,16,9,3.16,300,30,1,1
2,0,0.33,8,2,1.63,2,2,4,5,27,14,5.33,537,106,1,1
13,10,2.67,2,0,0.39,0,1,0,3,14,9,2.82,253,106,0,0
7,3,1.39,2,2,0.39,0,2,9,5,22,16,4.32,303,67,1,0
0,0,0.0,3,0,0.64,2,3,23,3,14,10,2.79,217,110,0,1
1,1,0.2,3,1,0.62,0,0,2,8,10,5,2.01,124,154,1,3
4,0,0.79,2,2,0.41,1,1,0,8,3,0,0.62,19,121,1,3
7,3,1.43,2,0,0.38,0,0,5,1,19,15,3.8,323,30,1,0
5,1,1.0,2,0,0.42,0,1,13,0,11,5,2.14,99,197,1,2
0,0,0.0,3,1,0.51,0,0,0,2,0,0,0.0,2,149,1,3
7,3,1.38,1,1,0.17,2,0,3,8,17,6,3.37,194,39,1,2
4,1,0.88,4,2,0.89,1,2,10,4,20,11,3.98,273,42,1,1
0,0,0.0,3,2,0.64,0,0,4,4,10,4,1.9,167,183,1,3
0,0,0.0,2,2,0.39,2,2,22,0,14,7,2.71,217,110,0,1
7,4,1.35,8,4,1.55,0,2,3,1,21,12,4.28,291,85,0,0
1,1,0.17,3,0,0.7,2,3,12,13,29,19,5.8,204,24,1,1
2,1,0.38,2,2,0.37,1,2,2,2,21,8,4.16,148,13,1,1
3,0,0.6,10,3,1.95,3,0,6,10,21,8,4.18,231,48,0,1
3,0,0.56,1,0,0.21,0,1,0,3,0,0,0.0,2,205,0,3
1,1,0.19,5,0,0.97,0,1,2,2,19,7,3.68,220,180,0,1
0,0,0.0,2,0,0.3,1,3,9,0,5,5,1.0,59,87,1,3
8,3,1.65,5,4,0.93,4,2,2,2,19,6,3.76,162,121,1,0
1,1,0.13,5,4,0.99,0,1,7,2,19,12,3.84,307,69,0,1
6,4,1.25,0,0,0.0,1,1,1,0,14,9,2.81,242,227,1,2
9,4,1.84,0,0,0.0,0,1,4,1,8,6,1.7,67,216,1,2
7,2,1.35,1,1,0.13,2,1,1,8,8,3,1.63,92,209,0,2
0,0,0.0,0,0,0.0,0,2,6,2,6,3,1.17,75,93,0,3
8,2,1.62,4,2,0.79,0,0,0,2,18,10,3.57,137,98,0,0
7,6,1.37,2,2,0.44,0,1,5,1,10,8,2.02,64,171,1,2
2,0,0.47,0,0,0.0,1,0,1,4,11,9,2.26,283,173,1,3
3,0,0.6,6,1,1.19,3,3,1,7,15,8,2.95,131,202,0,1
1,1,0.14,1,0,0.17,0,3,16,9,21,16,4.19,199,65,0,1
2,0,0.34,11,9,2.23,0,2,1,0,20,14,3.88,270,72,0,1
13,6,2.53,0,0,0.0,0,2,4,8,26,18,5.15,169,166,1,0
0,0,0.0,1,1,0.22,1,3,2,6,23,17,4.66,618,70,1,1
1,1,0.2,6,2,1.26,1,0,10,2,18,13,3.65,184,26,0,1
2,2,0.43,4,1,0.81,0,0,1,2,12,7,2.42,108,187,1,1
2,0,0.46,4,4,0.85,0,1,2,5,24,6,4.86,229,92,1,1
8,6,1.6,5,5,0.93,0,0,3,12,20,8,3.96,125,92,0,0
0,0,0.0,1,1,0.13,2,3,3,0,24,11,4.77,232,25,1,1
2,2,0.36,3,3,0.67,0,0,2,0,7,6,1.38,132,126,0,1
0,0,0.0,0,0,0.0,1,1,7,4,6,6,1.23,114,120,0,3
7,2,1.44,0,0,0.0,0,0,1,8,21,13,4.32,411,115,0,0
1,0,0.24,4,0,0.86,1,0,2,2,17,6,3.4,232,125,1,1
6,6,1.21,2,2,0.36,0,0,4,1,4,0,0.74,29,165,0,2
2,0,0.43,4,2,0.77,0,0,9,8,24,13,4.71,204,10,0,1
4,0,0.68,0,0,0.0,2,0,1,11,20,7,3.93,268,84,0,1
3,1,0.58,5,0,0.98,1,3,8,12,21,14,4.13,525,121,1,0
3,2,0.66,1,1,0.17,0,0,5,2,8,5,1.54,228,101,1,1
5,5,0.99,1,1,0.14,1,0,2,7,18,11,3.59,199,53,0,0
13,8,2.63,5,3,1.04,2,2,9,4,23,12,4.5,208,56,0,0
4,4,0.93,0,0,0.0,1,1,6,5,14,8,2.81,214,83,0,2
0,0,0.0,0,0,0.0,0,3,12,1,2,0,0.45,13,82,0,3
0,0,0.0,0,0,0.0,2,3,6,3,10,9,1.96,273,102,0,1
1,0,0.11,6,4,1.27,2,3,4,0,17,4,3.4,186,143,0,1
0,0,0.0,0,0,0.0,2,3,0,0,22,13,4.41,341,84,0,1
13,5,2.5,6,4,1.06,0,0,6,4,15,11,3.03,198,119,0,0
5,5,0.96,8,4,1.69,3,1,4,2,20,12,3.98,356,103,1,0
0,0,0.0,2,2,0.45,1,1,9,5,15,10,2.93,335,59,0,1
0,0,0.0,5,2,0.95,1,1,3,2,21,12,4.18,151,17,0,1
1,0,0.21,1,1,0.16,0,0,3,0,21,10,4.17,161,82,0,1
8,4,1.56,3,2,0.6,0,0,2,5,0,0,0.0,2,121,1,2
6,1,1.25,1,0,0.19,0,2,4,2,3,1,0.55,16,143,0,2
1,1,0.27,7,4,1.37,0,0,3,0,20,13,3.9,140,64,1,1
7,3,1.39,6,2,1.16,3,0,0,10,23,11,4.47,448,78,0,0
1,1,0.25,0,0,0.0,0,1,7,2,3,1,0.51,8,156,1,3
11,11,2.17,5,5,1.02,1,2,6,6,23,10,4.48,276,73,0,0
7,4,1.35,0,0,0.0,0,3,10,4,21,13,4.22,207,78,0,0
7,4,1.45,3,3,0.58,0,1,4,0,26,17,5.18,225,111,1,0
4,2,0.81,6,3,1.17,1,3,4,8,22,17,4.37,345,33,0,0
0,0,0.0,1,1,0.31,2,0,8,3,17,8,3.36,124,18,0,1
2,0,0.49,2,0,0.37,1,1,4,5,17,10,3.28,143,62,0,1
2,0,0.43,7,6,1.43,0,0,4,2,17,6,3.4,156,70,1,1
0,0,0.0,9,6,1.92,0,1,2,13,14,7,2.79,113,22,0,1
6,6,1.2,2,2,0.43,3,3,4,0,20,15,3.98,262,32,0,0
0,0,0.0,2,0,0.42,1,0,6,0,8,3,1.55,35,192,1,3
2,2,0.4,0,0,0.0,0,2,11,1,24,6,4.74,241,46,1,1
2,1,0.34,0,0,0.0,2,2,11,8,12,4,2.41,152,167,1,3
11,6,2.24,3,2,0.6,0,2,1,7,16,7,3.14,87,149,0,0
1,1,0.2,0,0,0.0,1,0,4,0,18,9,3.63,316,97,0,1
5,0,1.1,6,3,1.19,0,0,1,10,21,14,4.25,481,72,0,0
0,0,0.0,2,0,0.43,2,0,8,14,15,6,3.04,199,81,1,1
5,0,1.05,1,1,0.18,0,0,3,5,17,7,3.38,53,39,0,1
5,1,0.92,2,0,0.39,0,2,2,2,22,12,4.37,275,43,0,0
2,0,0.44,4,3,0.88,0,1,7,5,19,15,3.78,228,52,0,1
5,5,1.0,2,2,0.44,0,2,4,1,5,3,1.03,82,123,0,2
5,5,0.96,2,0,0.43,0,1,0,0,2,0,0.47,0,184,0,2
6,5,1.27,2,1,0.35,1,0,7,8,19,14,3.8,124,74,1,0
8,5,1.54,4,1,0.79,0,2,2,9,20,15,3.89,290,56,0,0
6,1,1.22,4,1,0.82,2,1,3,4,18,6,3.53,129,26,1,1
1,1,0.17,1,0,0.23,0,0,2,6,8,7,1.58,155,94,0,3
4,4,0.81,3,3,0.68,0,3,8,0,2,0,0.45,0,122,0,2
9,5,1.79,4,2,0.83,0,0,8,2,17,10,3.49,293,68,0,0
5,3,0.99,1,1,0.17,1,2,12,0,22,15,4.38,298,100,0,0
0,0,0.0,0,0,0.0,1,0,1,3,21,11,4.21,305,84,0,1
1,1,0.15,1,0,0.19,0,1,3,6,22,11,4.3,272,25,1,1
0,0,0.0,0,0,0.0,0,3,5,6,17,5,3.34,127,98,0,1
3,1,0.63,0,0,0.0,0,3,2,4,2,0,0.42,1,121,1,3
0,0,0.0,0,0,0.0,0,0,2,0,11,9,2.08,184,180,1,3
5,4,1.07,6,6,1.13,3,3,8,2,18,4,3.59,82,37,0,0
2,0,0.44,0,0,0.0,2,0,2,4,9,7,1.77,55,83,1,3
3,3,0.61,8,7,1.58,2,3,8,0,18,7,3.58,99,87,1,1
0,0,0.0,2,2,0.47,0,2,6,3,26,11,5.13,179,102,1,1
0,0,0.0,4,3,0.81,1,0,4,2,17,12,3.4,300,18,0,1
0,0,0.0,5,0,0.91,3,3,6,1,16,7,3.23,88,116,1,1
0,0,0.0,1,0,0.24,0,1,0,0,5,1,1.03,60,119,0,3
3,1,0.64,0,0,0.0,0,0,5,2,0,0,0.0,0,116,1,3
4,4,0.76,0,0,0.0,0,0,0,7,21,10,4.2,316,27,0,0
13,10,2.6,0,0,0.0,0,3,6,1,7,2,1.39,91,121,1,0
13,6,2.65,10,7,1.95,1,2,0,2,20,13,3.95,517,112,0,0
1,1,0.17,2,0,0.49,0,0,2,1,3,3,0.64,30,114,1,3
2,0,0.43,11,5,2.25,3,0,6,1,21,14,4.13,424,57,1,1
11,11,2.31,0,0,0.0,0,0,3,0,25,10,4.99,171,112,0,0
5,4,1.04,7,3,1.42,2,0,2,4,22,6,4.4,232,43,0,0
0,0,0.0,0,0,0.0,0,0,2,0,22,8,4.32,219,80,0,1
5,2,1.0,4,2,0.85,1,1,8,6,19,13,3.73,158,130,0,0
3,0,0.64,4,3,0.74,0,0,11,2,7,6,1.42,97,130,0,1
1,0,0.22,3,0,0.54,0,0,6,0,12,5,2.4,105,142,0,3
5,2,0.95,4,4,0.87,0,1,0,7,22,17,4.39,158,37,0,0
1,0,0.22,2,2,0.42,2,0,7,3,2,0,0.39,36,133,1,3
0,0,0.0,0,0,0.0,0,3,4,3,17,10,3.46,325,15,0,1
4,3,0.78,4,3,0.78,3,0,10,6,21,11,4.2,337,28,1,0
1,1,0.23,3,3,0.6,1,1,7,3,5,5,1.06,116,122,1,3
5,1,1.09,4,1,0.88,2,2,2,4,15,10,2.97,351,183,1,2
0,0,0.0,3,1,0.62,0,0,2,3,15,7,3.03,134,68,1,1
3,3,0.62,4,3,0.92,3,3,0,3,9,6,1.77,97,135,1,1
0,0,0.0,4,2,0.79,0,1,1,0,17,11,3.36,154,29,0,1
7,1,1.43,4,0,0.85,0,0,3,7,18,17,3.52,392,56,1,0
6,5,1.21,2,2,0.46,0,3,2,0,16,10,3.2,119,186,1,2
7,2,1.37,0,0,0.0,2,3,0,3,21,11,4.12,211,77,0,2
3,0,0.57,0,0,0.0,0,2,3,8,14,7,2.75,168,72,0,1
1,1,0.22,7,4,1.37,2,0,5,4,8,5,1.52,81,178,0,1
8,4,1.61,1,1,0.24,1,1,1,0,25,9,4.87,287,138,1,0
1,0,0.23,0,0,0.0,2,2,2,3,8,5,1.59,190,193,1,3
7,2,1.32,0,0,0.0,1,0,6,0,4,4,0.76,77,141,1,2
3,3,0.65,3,0,0.6,0,1,3,0,4,2,0.81,28,110,1,3
0,0,0.0,2,0,0.39,0,2,6,7,21,11,4.17,254,67,0,1
2,2,0.41,0,0,0.0,0,2,8,9,21,11,4.23,123,77,0,1
5,3,1.03,0,0,0.0,2,2,0,4,9,3,1.89,117,176,0,2
4,3,0.85,2,2,0.48,1,3,2,2,22,12,4.43,221,101,0,0
14,7,2.79,8,6,1.58,0,3,0,4,22,14,4.37,205,49,1,0
0,0,0.0,2,1,0.45,0,1,3,4,3,0,0.63,9,97,1,3
8,4,1.62,3,3,0.57,1,0,2,14,17,6,3.44,174,37,1,0
12,9,2.37,4,3,0.79,1,3,0,2,25,11,4.94,246,90,1,0
1,1,0.21,3,3,0.6,0,0,2,14,18,8,3.62,202,103,0,1
1,1,0.1,0,0,0.0,0,0,0,1,6,4,1.26,89,186,0,3
3,0,0.57,0,0,0.0,0,2,2,5,0,0,0.0,31,185,0,3
12,9,2.47,3,0,0.5,2,2,7,1,21,11,4.2,166,92,0,0
9,4,1.82,4,3,0.86,0,2,8,4,21,9,4.28,203,88,0,0
13,7,2.56,6,4,1.21,3,1,4,4,16,7,3.15,198,119,0,0
2,0,0.34,1,0,0.09,0,3,2,1,2,2,0.38,27,128,0,3
2,0,0.53,8,4,1.67,2,3,2,4,20,7,4.0,257,17,0,1
5,1,0.96,0,0,0.0,0,2,2,0,2,1,0.35,0,202,0,2
6,4,1.18,0,0,0.0,0,1,2,6,20,9,3.97,91,35,0,2
0,0,0.0,5,3,0.93,0,1,6,2,23,11,4.51,232,26,0,1
1,1,0.16,3,2,0.66,0,0,2,4,20,10,3.88,323,18,0,1
2,0,0.42,0,0,0.0,0,2,4,6,0,0,0.0,12,99,1,3
1,0,0.2,4,4,0.82,1,3,0,3,24,8,4.7,289,99,1,1
3,1,0.54,1,1,0.18,0,3,1,4,19,14,3.73,220,41,0,1
8,7,1.6,3,3,0.56,0,1,0,2,5,5,1.04,112,92,0,2
1,0,0.22,1,1,0.23,0,3,4,5,21,12,4.18,159,36,1,1
5,5,0.95,0,0,0.0,0,2,0,0,24,8,4.77,104,42,0,2
4,4,0.83,4,4,0.77,3,3,6,0,18,6,3.56,130,49,0,0
3,3,0.63,0,0,0.0,0,3,0,3,17,11,3.46,223,73,1,2
3,3,0.55,3,1,0.65,0,3,6,2,15,12,3.09,246,37,0,1
0,0,0.0,4,3,0.88,0,0,3,2,13,7,2.61,110,47,0,1
2,0,0.41,1,0,0.11,0,3,4,3,24,12,4.64,344,65,0,1
0,0,0.0,2,2,0.38,1,1,1,0,23,14,4.57,335,150,0,1
3,2,0.59,4,1,0.78,2,1,4,8,34,21,6.7,405,112,0,0
3,2,0.62,8,3,1.6,3,2,1,20,23,12,4.55,239,32,0,1
8,2,1.57,0,0,0.0,0,0,2,4,1,1,0.22,0,120,1,2
8,5,1.63,5,5,1.03,0,0,3,4,21,13,4.18,292,89,0,0
12,3,2.36,2,2,0.49,0,2,5,4,16,8,3.11,156,96,0,0
11,9,2.16,4,4,0.74,2,3,0,3,20,8,3.94,281,57,0,0
6,2,1.14,0,0,0.0,0,3,11,5,1,1,0.26,2,179,0,2
5,3,0.91,8,1,1.66,0,2,0,4,20,12,4.05,284,83,0,0
4,1,0.81,0,0,0.0,1,3,7,11,24,7,4.84,227,79,0,2
3,3,0.5,0,0,0.0,0,3,0,5,3,3,0.53,29,112,1,3
2,0,0.42,5,3,1.01,0,0,9,5,19,13,3.76,261,22,0,1
3,1,0.6,0,0,0.0,2,0,4,12,16,13,3.14,224,95,0,1
1,1,0.29,2,2,0.34,2,0,9,8,13,10,2.62,257,46,0,1
0,0,0.0,3,0,0.65,2,0,5,5,22,10,4.36,278,15,1,1
3,0,0.63,2,0,0.39,0,2,12,5,11,5,2.14,99,37,0,1
1,1,0.17,7,7,1.37,2,1,7,5,16,6,3.25,67,28,1,1
2,2,0.37,5,0,0.92,0,3,5,7,19,11,3.75,123,98,0,1
0,0,0.0,0,0,0.0,2,1,5,10,8,6,1.64,156,93,1,3
1,0,0.2,2,2,0.37,0,1,1,0,10,2,1.96,60,107,0,3
1,0,0.17,8,2,1.54,2,1,5,0,4,4,0.83,56,190,0,3
1,1,0.23,3,1,0.62,0,2,10,9,21,14,4.16,230,49,1,1
0,0,0.0,1,0,0.21,0,2,8,2,10,3,1.94,71,90,0,3
2,1,0.46,1,1,0.25,2,0,10,8,19,11,3.83,276,41,0,1
3,0,0.56,6,0,1.24,2,3,2,1,16,8,3.14,163,40,0,1
5,2,1.04,5,3,0.97,1,1,13,7,21,12,4.18,295,74,0,0
11,5,2.3,5,2,0.98,0,0,5,2,23,9,4.51,293,86,0,0
3,0,0.69,1,1,0.16,0,2,0,0,6,2,1.12,38,177,0,3
2,2,0.36,0,0,0.0,0,0,4,1,0,0,0.0,2,188,1,3
8,1,1.66,11,5,2.22,3,3,1,0,20,6,3.98,113,142,0,0
3,0,0.49,2,2,0.41,1,2,2,11,14,12,2.78,280,121,1,1
4,0,0.72,1,1,0.17,1,3,0,6,3,1,0.58,18,166,1,3
0,0,0.0,11,4,2.24,1,0,4,4,19,6,3.74,220,67,1,1
0,0,0.0,0,0,0.0,0,3,8,10,23,12,4.6,256,67,0,1
6,3,1.23,3,0,0.66,0,1,4,0,1,1,0.27,15,161,0,2
0,0,0.0,1,0,0.19,0,0,4,2,21,15,4.21,308,142,0,1
2,2,0.34,0,0,0.0,1,0,6,0,2,0,0.43,24,130,1,3
4,4,0.71,0,0,0.0,0,0,1,3,22,7,4.36,212,76,1,2
0,0,0.0,2,2,0.42,0,2,4,0,5,2,1.03,60,179,0,3
4,3,0.83,3,1,0.55,1,0,0,3,25,13,5.07,244,29,0,0
2,0,0.44,1,1,0.18,0,1,0,1,14,11,2.77,343,19,0,1
2,1,0.41,1,1,0.16,0,2,4,4,2,0,0.42,21,118,0,3
3,0,0.61,2,2,0.45,0,2,6,8,16,8,3.25,172,114,0,1
5,5,1.08,6,6,1.1,2,2,2,12,19,10,3.87,177,35,0,0
0,0,0.0,5,4,1.01,0,2,5,0,1,1,0.21,14,135,1,3
0,0,0.0,2,0,0.31,0,0,12,14,22,11,4.41,166,93,0,1
2,2,0.46,0,0,0.0,0,1,5,8,21,12,4.16,437,98,0,0
9,1,1.82,2,2,0.42,0,0,0,7,21,11,4.19,187,66,1,0
0,0,0.0,3,3,0.54,3,2,4,6,16,9,3.17,140,58,0,1
0,0,0.0,1,0,0.23,2,2,8,14,18,8,3.64,255,62,1,1
4,4,0.82,5,4,1.05,2,0,1,7,12,3,2.47,100,88,0,1
0,0,0.0,2,0,0.38,1,2,0,5,21,11,4.11,306,54,0,1
0,0,0.0,2,0,0.42,2,0,2,10,18,15,3.57,141,16,0,1
2,2,0.43,2,0,0.47,0,2,3,2,1,0,0.17,14,124,0,3
8,6,1.58,5,4,0.95,0,2,4,2,18,12,3.56,294,67,0,0
9,8,1.84,4,3,0.84,3,0,4,11,24,9,4.76,128,91,1,0
0,0,0.0,1,0,0.16,1,3,26,0,15,11,2.94,215,109,1,1
0,0,0.0,0,0,0.0,0,3,0,2,33,13,6.57,366,43,0,1
0,0,0.0,9,2,1.77,3,0,1,7,24,11,4.71,198,22,1,1
2,0,0.35,2,2,0.37,0,0,2,9,19,16,3.82,408,44,1,1
15,10,3.0,4,2,0.78,2,0,1,1,20,15,3.99,396,85,0,0
4,4,0.87,1,0,0.17,0,1,0,20,20,11,3.92,419,71,1,0
2,0,0.4,4,0,0.79,2,1,7,6,7,6,1.34,141,149,0,1
2,0,0.43,0,0,0.0,2,1,0,1,0,0,0.0,0,88,1,3
2,1,0.37,6,3,1.13,2,0,5,2,12,6,2.35,158,198,1,1
2,0,0.44,2,0,0.42,0,0,5,5,9,9,1.87,211,111,1,1
11,7,2.2,3,3,0.55,0,2,2,7,23,13,4.47,232,82,0,0
4,0,0.84,2,0,0.35,0,1,1,5,20,14,3.92,427,23,0,0
9,4,1.84,3,2,0.51,0,0,3,6,22,17,4.35,392,57,1,0
11,8,2.15,3,3,0.65,1,1,11,3,21,7,4.17,233,90,1,0
4,4,0.77,2,0,0.39,0,1,7,17,29,16,5.8,207,89,1,0
6,2,1.18,4,1,0.76,1,2,8,2,15,5,2.97,184,102,1,2
0,0,0.0,5,4,1.01,3,0,0,7,13,10,2.57,91,52,1,1
6,5,1.27,5,5,0.98,3,3,0,11,18,12,3.54,141,107,1,0
6,3,1.21,1,0,0.26,2,1,0,2,21,18,4.13,269,65,1,0
6,3,1.34,2,0,0.35,0,2,4,0,8,7,1.55,81,231,0,2
0,0,0.0,4,0,0.79,2,3,1,0,0,0,0.0,24,161,1,3
3,3,0.59,5,4,1.04,1,0,15,15,20,12,3.88,356,20,0,0
3,2,0.66,3,2,0.55,2,1,3,10,18,13,3.6,138,12,1,1
2,2,0.4,5,0,0.98,3,1,2,2,12,5,2.39,203,192,1,1
3,3,0.56,3,0,0.54,0,0,7,6,17,9,3.37,204,59,0,1
0,0,0.0,5,5,0.96,1,2,0,2,22,14,4.43,210,80,1,1
0,0,0.0,0,0,0.0,2,0,0,1,18,8,3.61,244,140,1,1
3,2,0.56,0,0,0.0,0,2,8,6,10,7,1.99,146,155,0,2
2,1,0.36,0,0,0.0,2,1,9,0,21,10,4.21,301,47,1,1
0,0,0.0,5,1,0.97,0,2,0,4,15,7,2.95,169,66,0,1
0,0,0.0,1,1,0.25,1,3,7,4,14,5,2.81,77,41,0,1
0,0,0.0,5,2,1.01,1,3,2,4,5,2,1.03,82,145,1,3
0,0,0.0,1,1,0.26,0,1,8,6,14,8,2.66,96,146,1,3
3,3,0.54,3,2,0.58,0,0,0,0,18,12,3.67,308,91,0,1
1,1,0.23,2,0,0.36,0,3,6,4,12,8,2.4,159,192,1,3
12,7,2.44,7,3,1.39,1,2,0,3,25,12,5.0,246,88,0,0
7,3,1.37,3,1,0.57,0,1,0,0,22,9,4.43,225,61,0,0
5,2,1.04,0,0,0.0,0,1,13,16,24,15,4.76,287,52,0,0
5,2,1.02,3,2,0.52,2,0,3,12,15,9,2.96,169,114,0,2
1,1,0.25,6,0,1.2,0,1,5,1,12,7,2.4,113,100,1,1
1,1,0.09,7,2,1.48,0,0,10,4,19,11,3.91,299,80,1,1
5,0,1.01,3,3,0.55,1,1,0,7,5,4,0.99,46,143,1,3
2,0,0.44,5,2,0.98,2,1,7,4,15,10,2.95,236,71,0,1
8,7,1.65,4,0,0.71,2,3,1,5,19,6,3.84,92,99,0,0
5,5,1.04,4,4,0.86,1,1,4,11,21,8,4.07,184,75,0,0
7,4,1.34,0,0,0.0,2,1,0,4,11,6,2.18,185,187,1,2
1,1,0.27,4,4,0.77,0,0,0,6,13,6,2.55,174,142,0,1
6,2,1.24,0,0,0.0,0,2,2,5,2,1,0.43,2,118,0,2
3,3,0.6,3,1,0.6,0,1,0,9,21,11,4.18,139,105,1,1
0,0,0.0,1,1,0.16,0,0,5,4,13,5,2.53,58,96,0,3
5,4,1.09,3,0,0.53,0,2,5,9,22,10,4.4,311,106,1,0
1,0,0.24,2,0,0.41,0,0,0,3,27,13,5.33,131,96,0,1
4,4,0.81,2,0,0.4,0,1,6,0,1,1,0.2,0,134,0,2
3,3,0.56,2,0,0.38,1,3,5,5,17,13,3.36,135,172,0,2
2,0,0.39,6,1,1.18,2,0,1,3,15,3,3.02,140,40,1,1
0,0,0.0,2,0,0.45,0,0,9,6,9,8,1.77,176,92,1,3
4,1,0.71,4,4,0.81,3,1,0,0,7,5,1.24,100,156,0,1
1,0,0.21,0,0,0.0,0,0,0,0,19,9,3.72,222,78,1,1
0,0,0.0,0,0,0.0,0,3,5,7,16,7,3.18,129,96,0,1
2,1,0.37,0,0,0.0,0,3,5,6,20,6,3.94,230,132,0,1
0,0,0.0,2,2,0.43,0,2,2,2,7,1,1.45,64,102,0,3
8,4,1.53,1,0,0.16,0,3,6,7,19,14,3.73,202,74,0,0
2,0,0.45,2,0,0.44,0,0,6,4,21,14,4.2,396,172,1,1
1,1,0.19,5,4,1.01,1,0,4,3,28,15,5.61,400,41,0,1
5,3,0.89,1,1,0.14,0,0,10,0,11,5,2.2,229,139,1,2
0,0,0.0,4,0,0.81,1,1,1,7,27,11,5.39,151,64,1,1
1,1,0.29,2,0,0.45,0,1,7,1,19,9,3.77,180,84,0,1
1,1,0.21,4,4,0.83,0,3,3,0,20,11,3.99,342,19,0,1
9,2,1.83,0,0,0.0,2,1,5,3,21,14,4.15,374,89,1,0
11,4,2.22,5,2,1.02,0,0,12,8,17,5,3.39,158,130,0,0
2,2,0.43,3,0,0.58,0,3,1,2,1,0,0.18,2,148,1,3
5,3,0.97,2,1,0.31,0,1,9,1,11,6,2.17,187,103,1,2
2,1,0.36,2,2,0.43,0,3,12,12,23,17,4.54,462,25,0,0
0,0,0.0,6,3,1.23,2,1,5,3,27,14,5.36,403,38,0,1
2,2,0.41,2,2,0.4,1,0,11,3,3,3,0.67,38,167,0,3
12,9,2.43,1,1,0.15,2,3,4,0,19,6,3.76,138,92,0,0
5,2,1.03,9,6,1.87,0,3,10,3,23,12,4.62,154,108,1,0
1,1,0.18,0,0,0.0,1,1,5,9,10,5,2.01,153,95,0,1
6,4,1.19,2,1,0.43,2,0,2,5,5,1,1.01,46,100,0,2
0,0,0.0,2,0,0.45,0,0,1,8,18,11,3.59,190,153,0,1
1,1,0.17,1,1,0.26,0,0,6,5,0,0,0.0,20,158,1,3
6,3,1.1,1,0,0.22,1,2,10,4,8,2,1.56,77,112,1,2
1,0,0.19,0,0,0.0,1,0,0,5,21,7,4.26,162,39,1,1
0,0,0.0,0,0,0.0,1,0,5,1,2,0,0.45,26,112,0,3
5,5,1.0,3,2,0.57,0,3,4,15,29,16,5.77,208,89,1,0
14,9,2.77,4,1,0.86,3,3,6,2,21,13,4.18,315,77,1,0
6,2,1.21,7,2,1.41,2,0,6,14,13,9,2.61,109,123,1,0
6,3,1.34,4,3,0.77,0,0,5,2,21,16,4.12,496,101,0,0
1,0,0.24,0,0,0.0,1,0,1,9,20,7,3.94,93,78,1,1
3,2,0.58,2,1,0.47,1,2,0,3,17,7,3.28,239,146,0,1
3,3,0.59,0,0,0.0,1,1,6,6,24,11,4.76,299,55,0,0
0,0,0.0,0,0,0.0,0,1,10,3,2,1,0.46,10,153,1,3
11,7,2.21,0,0,0.0,2,0,13,12,26,18,5.15,575,79,1,0
2,0,0.4,3,3,0.59,0,0,8,0,23,9,4.68,316,75,1,1
15,4,2.98,6,2,1.17,0,0,9,6,21,10,4.15,242,155,1,0
0,0,0.0,2,2,0.48,2,1,9,1,12,9,2.39,132,189,1,3
3,1,0.63,6,1,1.19,1,2,3,2,17,12,3.36,267,77,0,1
12,8,2.39,11,4,2.17,1,0,1,3,18,15,3.47,205,46,0,0
4,0,0.83,7,6,1.3,1,3,5,6,8,6,1.58,56,122,0,1
9,4,1.79,1,0,0.27,0,1,7,8,22,18,4.33,451,80,0,0
2,1,0.31,9,6,1.87,2,1,0,6,12,6,2.4,115,100,0,1
10,6,1.95,0,0,0.0,0,1,3,9,27,14,5.43,329,60,1,0
0,0,0.0,2,2,0.41,0,0,7,8,16,8,3.16,131,90,0,1
5,4,1.01,5,0,1.05,0,0,11,4,20,11,3.99,297,71,1,0
10,6,1.92,1,1,0.22,0,0,4,2,17,10,3.37,197,97,1,0
0,0,0.0,7,5,1.38,3,0,5,6,12,1,2.43,34,128,1,1
0,0,0.0,2,0,0.35,1,1,9,6,25,9,5.08,145,35,0,1
0,0,0.0,0,0,0.0,0,2,6,2,21,11,4.25,322,17,1,1
3,0,0.64,0,0,0.0,0,3,8,2,18,15,3.55,305,142,0,1
0,0,0.0,3,0,0.63,1,1,0,4,15,8,3.05,141,141,0,1
4,3,0.76,3,1,0.66,2,2,3,4,24,9,4.79,98,130,0,0
0,0,0.0,5,3,1.11,1,3,3,6,22,10,4.43,215,25,1,1
0,0,0.0,0,0,0.0,2,2,5,1,21,12,4.12,334,100,1,1
0,0,0.0,0,0,0.0,0,0,0,2,32,11,6.36,364,39,0,1
5,4,1.0,0,0,0.0,0,1,9,5,12,2,2.39,74,112,1,2
2,1,0.42,3,3,0.55,3,0,2,3,8,3,1.59,117,100,0,1
0,0,0.0,3,3,0.66,1,1,6,1,4,0,0.81,22,194,0,3
0,0,0.0,1,0,0.27,0,1,0,2,11,5,2.18,96,141,0,3
1,1,0.13,1,0,0.25,1,1,0,6,24,19,4.75,615,73,1,1
0,0,0.0,0,0,0.0,0,0,0,0,18,7,3.55,270,35,0,1
0,0,0.0,6,2,1.21,2,1,4,6,16,9,3.14,143,62,0,1
11,6,2.1,1,0,0.22,1,2,8,5,17,11,3.39,276,63,0,0
11,3,2.09,5,2,1.03,0,1,6,9,20,8,3.97,129,44,0,0
11,6,2.14,2,2,0.38,2,0,14,6,18,8,3.55,158,129,0,0
3,3,0.55,5,4,0.95,0,3,6,2,20,12,3.9,215,107,0,1
2,2,0.36,0,0,0.0,2,0,1,0,17,10,3.41,253,36,0,1
0,0,0.0,3,1,0.58,1,3,9,0,8,3,1.62,100,127,1,3
9,6,1.82,3,3,0.71,1,2,0,6,14,8,2.74,298,92,0,0
6,6,1.3,6,0,1.13,3,0,3,1,9,9,1.79,242,139,0,2
0,0,0.0,2,2,0.4,1,0,0,0,4,3,0.77,26,161,0,3
11,7,2.22,7,1,1.41,1,0,2,2,21,10,4.21,171,26,0,0
0,0,0.0,2,2,0.36,1,3,0,6,19,8,3.75,140,48,0,1
3,3,0.65,1,1,0.18,2,3,0,2,12,10,2.36,143,118,0,1
2,2,0.36,0,0,0.0,2,0,5,1,11,7,2.19,101,130,0,1
3,0,0.64,4,2,0.74,3,1,12,0,9,4,1.77,58,83,0,1
7,6,1.46,0,0,0.0,0,0,4,3,20,11,3.95,338,68,1,0
5,3,1.08,7,4,1.48,0,0,3,1,6,3,1.16,96,154,0,1
5,2,1.08,8,5,1.58,0,3,0,3,22,6,4.35,158,73,0,1
9,6,1.74,5,4,1.04,0,3,9,1,23,15,4.55,273,165,0,0
0,0,0.0,12,9,2.49,1,1,0,0,20,14,3.98,270,70,1,1
2,1,0.37,3,0,0.65,0,0,5,1,20,10,3.97,213,81,0,1
1,1,0.13,2,2,0.36,0,1,5,0,5,2,1.02,29,165,0,3
0,0,0.0,3,3,0.52,3,0,11,3,17,8,3.32,158,42,1,1
2,2,0.41,0,0,0.0,0,3,3,3,19,13,3.88,380,102,0,1
0,0,0.0,3,3,0.6,0,3,2,4,6,5,1.19,117,99,1,3
4,4,0.78,0,0,0.0,2,0,2,3,21,6,4.22,256,123,1,2
3,0,0.72,0,0,0.0,0,0,12,0,11,7,2.21,87,135,1,3
7,6,1.48,2,2,0.36,0,3,4,3,18,9,3.58,149,98,1,0
3,3,0.58,1,0,0.19,0,2,4,7,17,9,3.4,175,114,0,2
2,0,0.4,1,0,0.18,0,1,0,2,14,8,2.8,150,179,0,3
1,0,0.22,1,0,0.19,0,0,2,7,24,11,4.76,274,13,0,1
3,3,0.65,5,0,1.04,1,0,6,4,12,10,2.5,307,174,0,1
9,6,1.82,0,0,0.0,0,0,6,2,3,1,0.65,27,171,0,2
5,2,1.01,5,1,0.91,0,0,4,3,15,6,2.9,227,171,0,2
4,3,0.73,6,5,1.24,3,1,5,3,9,5,1.84,153,176,0,1
0,0,0.0,1,0,0.23,0,2,5,3,22,13,4.38,285,123,0,1
2,0,0.37,2,1,0.43,1,2,0,5,4,0,0.88,13,169,1,3
6,6,1.25,1,1,0.16,0,0,4,13,22,9,4.36,183,31,1,0
2,2,0.4,2,0,0.43,2,0,8,6,17,6,3.26,78,41,0,1
1,1,0.26,8,2,1.54,2,2,7,4,8,3,1.57,57,120,0,1
0,0,0.0,6,1,1.18,1,1,5,1,18,12,3.5,287,57,1,1
9,7,1.77,9,5,1.88,0,3,11,13,17,7,3.34,116,65,0,0
5,4,0.99,1,0,0.23,2,1,3,5,8,2,1.56,68,166,0,2
0,0,0.0,3,1,0.6,0,1,9,0,23,14,4.59,235,99,0,1
1,0,0.17,3,3,0.59,0,1,3,9,13,11,2.6,277,121,0,1
2,0,0.46,4,2,0.74,0,2,0,6,18,6,3.61,170,65,0,1
1,1,0.23,8,5,1.68,3,0,9,5,17,12,3.41,126,62,1,1
9,7,1.87,4,1,0.85,0,3,5,2,16,8,3.28,177,118,0,0
4,2,0.8,1,1,0.24,0,2,3,1,20,7,3.98,253,124,1,2
3,2,0.59,2,0,0.4,1,3,6,0,25,7,4.99,84,161,0,2
14,9,2.73,3,2,0.58,3,3,10,4,22,14,4.42,315,80,1,0
8,5,1.65,3,2,0.56,0,0,0,5,24,12,4.74,162,122,0,0
6,5,1.19,4,2,0.87,3,1,4,3,2,1,0.33,20,183,0,2
3,3,0.61,1,1,0.11,0,1,0,6,8,4,1.61,70,165,0,2
2,2,0.37,0,0,0.0,1,1,5,3,6,3,1.17,171,92,1,3
2,0,0.54,0,0,0.0,0,0,8,0,21,9,4.21,221,39,1,1
2,0,0.41,1,1,0.19,0,3,0,1,12,6,2.42,76,136,0,3
4,3,0.76,6,4,1.2,3,3,2,5,18,8,3.63,245,77,0,1
0,0,0.0,2,0,0.34,0,2,2,1,1,1,0.16,35,150,1,3
4,4,0.83,3,0,0.56,1,0,1,7,26,15,5.14,163,121,1,0
0,0,0.0,5,2,1.04,0,2,5,0,21,16,4.18,229,100,1,1
0,0,0.0,1,1,0.27,1,2,6,0,3,3,0.59,38,163,0,3
2,0,0.32,3,3,0.62,0,1,12,0,10,5,2.01,104,188,0,3
1,0,0.2,0,0,0.0,0,0,0,4,20,9,4.04,296,29,0,1
0,0,0.0,4,4,0.75,0,0,6,1,17,11,3.37,164,127,0,1
6,2,1.29,6,4,1.16,0,1,0,0,18,8,3.51,185,54,0,0
4,0,0.77,3,1,0.6,0,0,0,1,4,4,0.7,65,150,0,3
1,1,0.09,3,1,0.61,0,2,5,2,19,15,3.71,145,9,0,1
2,1,0.39,4,1,0.86,1,0,1,2,7,6,1.33,91,171,1,3
0,0,0.0,2,2,0.4,0,3,5,7,0,0,0.0,26,169,1,3
1,0,0.23,2,2,0.37,0,3,7,10,14,7,2.78,175,86,0,1
5,5,1.05,2,0,0.34,1,0,2,6,9,8,1.79,181,186,0,2
7,6,1.42,3,3,0.59,1,0,14,9,20,10,4.01,258,96,0,0
0,0,0.0,0,0,0.0,2,1,0,3,0,0,0.0,31,148,1,3
0,0,0.0,0,0,0.0,1,1,0,8,17,14,3.37,131,86,0,1
0,0,0.0,3,3,0.54,1,0,0,12,18,8,3.61,90,17,0,1
2,2,0.37,0,0,0.0,0,1,5,0,8,5,1.61,68,149,0,3
1,1,0.23,3,0,0.62,0,3,21,16,21,6,4.1,95,42,0,1
2,0,0.4,0,0,0.0,0,0,6,3,11,6,2.11,135,94,0,3
6,5,1.11,4,4,0.83,2,0,0,0,1,0,0.18,34,185,0,2
11,2,2.22,0,0,0.0,1,1,8,4,14,7,2.79,275,118,1,0
3,1,0.66,1,0,0.27,0,2,8,2,22,9,4.4,304,30,0,1
5,3,0.92,6,3,1.23,0,0,2,4,23,8,4.56,233,43,0,0
0,0,0.0,2,0,0.43,0,2,7,7,3,3,0.51,91,206,0,3
1,0,0.09,0,0,0.0,0,0,10,2,6,2,1.17,21,95,0,3
3,3,0.56,7,2,1.41,3,3,0,0,20,9,3.88,160,74,0,1
1,1,0.14,4,3,0.79,0,2,4,7,20,13,3.96,316,53,0,1
0,0,0.0,2,2,0.47,0,1,5,3,20,14,4.0,145,9,0,1
2,2,0.48,0,0,0.0,0,3,4,3,15,6,3.0,164,160,1,1
3,0,0.65,0,0,0.0,0,2,2,5,19,11,3.75,146,9,0,1
0,0,0.0,0,0,0.0,2,2,0,3,22,12,4.39,205,56,0,1
6,5,1.15,2,0,0.39,1,0,7,5,19,15,3.72,308,98,1,0
7,4,1.43,0,0,0.0,2,1,4,8,18,14,3.55,306,99,1,0
2,2,0.41,7,5,1.35,1,0,0,7,18,5,3.49,58,94,1,1
6,2,1.14,1,0,0.21,1,3,5,6,21,13,4.15,309,51,0,0
0,0,0.0,7,4,1.38,2,1,11,16,18,14,3.54,357,18,0,1
0,0,0.0,6,1,1.22,1,3,3,0,13,9,2.56,265,94,0,1
8,4,1.59,8,4,1.68,2,0,5,1,24,13,4.76,294,88,1,0
7,3,1.44,0,0,0.0,0,0,10,0,1,1,0.21,0,182,0,2
5,2,1.01,5,3,0.88,1,2,0,5,21,13,4.08,215,99,0,0
2,0,0.46,5,1,1.04,0,0,2,1,14,11,2.74,237,146,1,1
5,5,1.09,6,6,1.24,0,0,8,6,24,14,4.82,252,75,1,0
6,0,1.19,2,2,0.39,2,3,0,1,18,4,3.63,53,60,1,1
8,6,1.59,3,2,0.66,3,0,10,4,19,6,3.78,74,108,1,0
2,0,0.38,1,0,0.21,2,1,1,7,22,7,4.38,248,38,1,1
8,5,1.6,4,0,0.7,2,3,2,10,6,4,1.14,40,157,0,2
3,3,0.67,0,0,0.0,0,0,3,0,6,4,1.17,46,103,0,2
0,0,0.0,9,5,1.79,1,1,4,1,14,12,2.82,216,43,0,1
0,0,0.0,2,2,0.37,1,2,1,4,14,4,2.72,132,172,0,3
1,1,0.21,8,6,1.62,2,3,3,1,15,7,2.99,215,53,0,1
6,2,1.2,2,2,0.43,1,2,8,2,18,13,3.61,386,95,0,0
0,0,0.0,3,3,0.63,1,3,2,0,11,6,2.19,130,170,0,3
0,0,0.0,1,0,0.23,3,0,0,9,21,5,4.17,91,20,1,1
3,2,0.68,0,0,0.0,1,0,0,0,14,8,2.77,252,37,1,1
2,2,0.41,3,0,0.55,3,2,7,15,21,14,4.2,299,23,1,1
1,0,0.32,7,1,1.41,2,2,2,3,2,0,0.41,19,167,0,3
0,0,0.0,3,3,0.65,0,1,0,0,13,6,2.61,76,134,1,3
2,0,0.38,0,0,0.0,1,2,4,2,13,10,2.57,161,196,0,1
1,1,0.21,0,0,0.0,2,3,8,9,20,13,3.96,281,18,0,1
0,0,0.0,5,3,1.03,0,1,7,0,22,9,4.4,221,100,1,1
0,0,0.0,5,1,0.92,0,3,7,1,19,10,3.73,246,40,0,1
6,6,1.23,4,1,0.83,2,2,0,0,15,7,2.92,172,102,1,2
2,0,0.42,1,1,0.17,0,1,5,6,16,7,3.29,189,36,0,1
14,7,2.83,1,1,0.22,0,1,6,2,14,7,2.8,83,129,1,0
6,5,1.15,2,0,0.51,2,2,9,6,25,15,4.96,304,69,0,0
2,0,0.43,0,0,0.0,1,2,1,3,16,8,3.15,168,186,0,1
2,0,0.43,5,4,0.96,0,3,6,0,15,12,2.94,258,151,0,1
3,2,0.68,2,2,0.38,2,2,13,0,15,7,2.98,175,78,0,1
0,0,0.0,3,2,0.52,2,1,0,2,21,9,4.17,215,102,0,1
2,1,0.42,4,4,0.75,0,3,2,4,21,6,4.2,162,77,0,1
9,8,1.81,1,1,0.25,1,2,7,12,22,9,4.31,243,116,0,0
0,0,0.0,0,0,0.0,2,0,0,2,12,7,2.32,99,81,1,3
3,0,0.59,0,0,0.0,0,1,1,8,9,7,1.8,155,94,0,1
3,2,0.58,8,3,1.61,0,0,14,0,18,8,3.6,102,74,0,1
2,1,0.45,5,4,0.98,0,1,3,2,14,12,2.83,312,89,1,1
3,2,0.62,0,0,0.0,0,2,2,5,22,11,4.46,229,59,0,2
7,7,1.35,0,0,0.0,0,3,5,1,16,7,3.17,272,150,0,0
1,1,0.16,5,4,0.98,0,2,5,6,15,9,3.01,240,130,0,1
6,3,1.33,0,0,0.0,2,2,4,7,27,14,5.31,278,78,0,0
5,5,0.98,2,0,0.41,0,1,6,8,21,13,4.04,198,54,1,0
3,0,0.63,7,4,1.4,3,1,1,8,27,16,5.32,181,61,0,1
1,1,0.2,2,0,0.4,1,3,3,5,13,8,2.56,260,199,1,1
0,0,0.0,0,0,0.0,0,1,0,10,20,12,4.08,202,96,1,1
1,1,0.26,2,0,0.34,0,0,2,4,0,0,0.0,0,79,1,3
4,4,0.78,2,0,0.43,2,2,3,2,10,3,2.02,87,104,1,2
2,0,0.38,0,0,0.0,0,0,3,0,17,6,3.35,202,39,0,1
3,1,0.67,0,0,0.0,0,3,3,6,28,13,5.59,279,78,1,0
3,0,0.58,0,0,0.0,1,0,0,6,7,7,1.39,118,175,1,3
5,5,0.93,8,0,1.56,2,1,2,9,21,9,4.13,210,97,0,0
0,0,0.0,0,0,0.0,0,2,1,5,16,10,3.23,192,153,1,3
0,0,0.0,7,2,1.38,3,0,7,7,14,13,2.8,112,39,1,1
0,0,0.0,2,2,0.43,3,3,4,2,15,7,2.98,229,91,0,1
2,1,0.46,0,0,0.0,1,1,0,3,4,0,0.81,10,172,0,3
2,0,0.4,0,0,0.0,1,0,7,2,3,3,0.58,32,196,0,3
8,3,1.64,0,0,0.0,0,3,3,1,4,0,0.7,21,117,1,2
4,1,0.82,2,2,0.39,1,1,0,0,0,0,0.0,1,153,0,3
10,9,2.05,4,3,0.83,2,2,4,0,15,7,3.09,180,121,1,0
0,0,0.0,0,0,0.0,1,3,7,2,6,3,1.23,37,137,0,3
10,4,2.03,4,2,0.82,2,0,3,1,20,12,3.99,265,135,0,0
5,0,1.03,1,1,0.19,0,2,2,2,1,1,0.22,0,140,1,3
0,0,0.0,2,2,0.4,3,2,4,0,7,4,1.39,129,117,1,3
2,2,0.37,3,3,0.61,1,3,2,8,27,16,5.25,181,59,1,1
0,0,0.0,3,3,0.68,1,1,5,9,18,11,3.52,141,59,1,1
6,3,1.15,2,2,0.41,2,3,6,2,16,9,3.18,248,37,0,0
11,4,2.16,3,3,0.61,0,2,0,2,25,9,5.01,285,138,0,0
4,4,0.78,7,1,1.44,1,0,6,12,15,9,3.07,369,46,0,0
3,2,0.66,4,3,0.8,1,0,0,4,10,4,1.93,79,130,1,1
7,2,1.39,0,0,0.0,2,1,3,0,16,13,3.21,324,28,1,2
9,5,1.76,3,3,0.59,0,2,2,0,3,0,0.48,34,184,0,2
0,0,0.0,1,0,0.26,1,1,9,1,0,0,0.0,1,143,0,3
9,9,1.72,2,0,0.46,2,3,7,1,26,10,5.17,282,85,1,0
2,1,0.31,1,0,0.23,0,1,1,8,19,7,3.86,228,52,0,1
1,1,0.19,1,0,0.09,1,0,3,7,4,3,0.75,26,172,0,3
5,2,0.99,5,2,1.01,1,3,6,0,9,1,1.77,69,153,0,1
9,4,1.85,5,0,0.9,3,1,8,7,21,13,4.22,156,132,0,0
0,0,0.0,2,0,0.42,2,2,0,2,18,13,3.54,228,38,1,1
0,0,0.0,5,3,1.08,1,0,0,3,12,6,2.36,131,169,0,1
0,0,0.0,3,3,0.66,0,0,7,0,13,5,2.51,109,49,1,1
2,0,0.36,17,7,3.39,5,1,2,2,25,15,5.0,365,72,0,1
4,3,0.79,2,2,0.39,0,3,10,1,22,7,4.3,304,29,0,0
7,1,1.27,1,1,0.11,2,0,2,14,23,11,4.62,389,46,0,0
4,3,0.78,1,1,0.2,1,2,9,1,22,8,4.31,300,33,0,0
5,3,1.0,8,2,1.59,2,1,0,0,24,10,4.73,159,66,0,0
10,9,1.96,0,0,0.0,0,1,4,5,22,10,4.31,337,65,0,0
2,1,0.37,3,0,0.55,2,3,4,7,8,1,1.58,59,125,1,3
8,5,1.59,2,0,0.34,0,0,5,7,20,16,4.03,394,53,1,0
10,5,2.0,0,0,0.0,0,3,1,4,17,8,3.34,159,115,1,0
15,11,3.04,0,0,0.0,0,3,11,4,23,11,4.52,182,55,0,0
10,4,2.02,2,2,0.44,0,0,7,4,21,14,4.17,507,135,1,0
3,1,0.64,0,0,0.0,0,1,1,8,17,11,3.38,424,38,0,1
10,6,2.03,1,0,0.28,0,0,4,0,18,9,3.61,189,120,0,0
7,7,1.41,2,0,0.48,1,1,6,10,22,18,4.31,451,76,1,0
1,1,0.31,10,5,2.05,0,1,0,8,24,16,4.78,441,70,0,1
1,0,0.16,2,2,0.32,0,3,1,6,4,3,0.86,63,187,0,3
0,0,0.0,0,0,0.0,0,1,5,6,15,6,2.93,165,166,1,3
2,2,0.39,2,0,0.38,1,1,5,9,23,8,4.58,91,82,0,1
3,2,0.6,0,0,0.0,0,2,6,2,18,8,3.53,116,114,0,2
2,0,0.41,0,0,0.0,0,1,5,2,11,6,2.24,271,105,1,3
2,0,0.35,4,0,0.81,2,0,6,3,0,0,0.0,22,196,0,3
5,3,1.1,7,5,1.27,1,0,5,1,14,3,2.72,84,127,1,1
0,0,0.0,3,3,0.62,2,0,0,8,18,7,3.59,139,78,0,1
5,3,0.95,5,2,1.06,2,0,2,3,14,10,2.8,229,171,0,2
6,4,1.21,1,0,0.2,0,0,10,4,20,14,3.98,204,76,1,0
3,0,0.65,1,0,0.15,1,2,0,3,7,1,1.38,41,169,0,3
3,0,0.68,2,1,0.43,2,0,0,5,2,2,0.37,34,138,0,3
2,2,0.28,3,2,0.6,1,3,0,5,16,6,3.1,139,52,0,1
1,0,0.24,0,0,0.0,0,0,4,9,20,7,3.97,189,34,0,1
0,0,0.0,4,1,0.69,2,1,3,4,18,6,3.62,215,22,0,1
0,0,0.0,2,1,0.27,2,1,1,4,5,1,1.05,47,185,0,3
1,1,0.19,0,0,0.0,1,0,12,3,13,9,2.59,104,189,0,1
11,2,2.15,6,5,1.18,1,0,6,12,21,14,4.12,398,180,0,0
9,5,1.77,0,0,0.0,2,0,0,1,24,14,4.71,440,111,1,0
7,5,1.35,9,4,1.82,0,1,7,1,19,9,3.75,129,130,1,0
5,0,1.05,4,1,0.88,1,2,7,0,7,7,1.3,92,158,0,1
1,0,0.19,3,3,0.59,1,3,2,1,21,16,4.05,313,59,0,1
2,1,0.25,8,2,1.62,3,0,4,17,22,4,4.31,67,71,1,1
2,0,0.37,0,0,0.0,0,3,4,3,16,6,3.2,106,142,0,1
6,3,1.17,1,0,0.32,2,1,2,6,2,0,0.32,2,121,0,2
0,0,0.0,5,0,1.06,0,1,7,0,17,10,3.4,203,96,0,1
1,0,0.2,2,1,0.44,2,0,15,12,19,12,3.73,230,90,1,1
8,8,1.6,1,1,0.16,0,0,5,5,24,8,4.83,263,52,0,0
6,4,1.23,8,4,1.67,0,1,9,13,21,6,4.14,114,69,0,0
1,1,0.25,0,0,0.0,1,3,6,0,14,8,2.76,124,119,1,3
5,3,1.01,6,2,1.23,2,0,9,5,21,5,4.14,186,56,1,0
2,2,0.37,0,0,0.0,0,1,4,3,19,13,3.74,383,101,1,1
1,1,0.12,0,0,0.0,2,0,4,1,8,4,1.59,102,131,0,3
4,3,0.87,2,1,0.4,0,0,2,1,4,3,0.81,66,128,1,2
8,3,1.77,4,1,0.76,0,3,5,1,10,5,1.99,129,100,0,2
6,2,1.21,3,3,0.62,0,0,1,1,18,13,3.51,135,99,1,2
0,0,0.0,0,0,0.0,0,0,5,5,14,5,2.8,97,145,0,3
7,4,1.48,1,0,0.16,0,3,2,1,20,10,3.91,332,74,1,0
1,0,0.11,2,2,0.3,0,1,6,2,19,12,3.72,404,107,0,1
0,0,0.0,4,4,0.83,0,0,10,0,18,6,3.55,176,28,0,1
0,0,0.0,0,0,0.0,1,2,0,0,3,3,0.64,90,201,0,3
5,0,0.96,1,1,0.17,2,1,11,1,15,3,2.92,173,80,0,1
9,3,1.77,1,1,0.08,0,2,5,6,27,15,5.38,170,167,1,0
3,3,0.53,3,2,0.52,3,1,0,11,17,14,3.25,142,12,1,1
5,3,1.06,7,5,1.41,1,0,10,4,24,10,4.8,86,82,1,0
0,0,0.0,0,0,0.0,0,0,4,1,23,17,4.62,535,82,0,1
1,0,0.22,7,4,1.35,0,3,4,1,21,10,4.2,242,100,0,1
2,2,0.32,0,0,0.0,0,0,0,3,0,0,0.0,0,206,1,3
5,1,1.07,7,5,1.48,0,3,7,10,20,10,3.94,105,86,1,1
8,8,1.59,8,4,1.62,0,0,15,20,23,15,4.52,424,111,0,0
0,0,0.0,3,2,0.65,1,3,2,1,14,7,2.74,292,165,0,1
1,0,0.19,3,3,0.54,0,2,8,3,18,11,3.55,334,69,0,1
7,7,1.37,0,0,0.0,0,1,2,2,16,12,3.23,260,106,0,0
1,1,0.13,4,2,0.89,3,1,5,7,19,5,3.77,152,85,0,1
7,7,1.45,12,6,2.35,1,2,5,0,15,5,3.02,190,105,1,0
7,6,1.38,4,1,0.86,0,1,1,10,17,7,3.53,297,93,0,0
0,0,0.0,0,0,0.0,0,2,6,3,16,6,3.26,125,96,0,3
8,8,1.56,4,0,0.89,3,1,13,20,24,18,4.77,249,62,1,0
17,9,3.4,2,0,0.44,2,1,6,1,25,14,4.94,366,146,1,0
0,0,0.0,1,0,0.14,1,0,4,15,18,7,3.62,133,17,1,1
0,0,0.0,6,0,1.18,1,0,6,7,28,20,5.61,246,49,0,1
9,9,1.77,7,2,1.44,1,1,11,9,24,17,4.8,500,84,0,0
6,0,1.28,0,0,0.0,1,1,6,0,0,0,0.0,0,173,1,2
2,1,0.36,0,0,0.0,0,3,11,6,12,5,2.34,155,168,0,1
2,0,0.45,1,1,0.2,0,1,8,4,2,2,0.41,22,111,1,3
6,4,1.22,4,3,0.85,1,1,0,0,25,12,4.97,279,111,0,0
0,0,0.0,0,0,0.0,0,2,1,0,0,0,0.0,33,106,1,3
0,0,0.0,3,3,0.62,0,0,0,12,17,8,3.36,268,90,0,1
7,3,1.4,1,0,0.19,0,3,8,6,6,1,1.21,26,133,0,2
5,2,0.97,4,0,0.77,1,1,10,9,22,15,4.28,227,51,0,0
0,0,0.0,4,3,0.74,3,3,3,6,21,8,4.17,151,58,1,1
0,0,0.0,2,2,0.49,0,0,1,1,15,9,3.07,97,184,0,1
9,5,1.86,1,1,0.2,0,1,1,2,19,9,3.75,184,106,0,0
8,2,1.53,2,1,0.39,1,2,10,10,17,10,3.37,257,96,1,0
0,0,0.0,4,4,0.79,1,1,0,3,16,11,3.23,213,25,0,1
8,7,1.52,7,0,1.4,1,2,5,4,26,13,5.19,235,80,1,0
0,0,0.0,2,1,0.38,0,0,7,4,19,16,3.69,441,94,1,1
7,4,1.39,4,3,0.77,0,0,7,4,19,8,3.77,73,122,0,0
13,8,2.67,7,4,1.33,4,1,2,8,16,14,3.2,231,104,0,0
3,3,0.68,3,1,0.6,0,0,3,7,14,9,2.85,171,111,0,1
8,5,1.51,0,0,0.0,0,0,10,1,26,18,5.23,475,158,1,0
5,3,0.92,0,0,0.0,0,3,8,13,26,13,5.16,225,97,1,0
0,0,0.0,0,0,0.0,0,2,6,11,14,7,2.81,264,65,1,1
3,0,0.64,1,0,0.23,1,3,1,4,7,1,1.39,49,184,0,3
5,3,0.92,2,0,0.42,0,1,6,11,15,10,2.96,220,95,0,2
4,3,0.78,4,4,0.89,0,1,11,10,31,18,6.22,201,25,0,0
0,0,0.0,1,0,0.23,0,0,5,2,5,1,1.05,28,116,1,3
0,0,0.0,9,6,1.8,0,3,4,4,22,15,4.39,440,73,1,1
2,1,0.38,5,2,1.02,2,1,1,9,5,4,0.96,59,127,1,3
2,0,0.3,0,0,0.0,0,1,4,4,0,0,0.0,0,118,1,3
0,0,0.0,5,4,1.09,1,0,1,2,11,5,2.19,85,177,0,1
1,1,0.15,1,1,0.19,0,1,8,4,14,7,2.83,76,39,0,1
2,0,0.43,6,2,1.21,1,2,1,2,17,11,3.36,190,150,0,1
12,8,2.36,4,0,0.95,0,2,7,3,20,10,3.98,316,81,1,0
4,0,0.81,2,0,0.4,0,3,8,7,0,0,0.0,0,118,0,3
7,3,1.42,3,3,0.6,1,1,2,3,19,10,3.76,109,94,1,2
6,5,1.26,12,7,2.36,0,1,2,0,21,8,4.19,114,140,1,0
0,0,0.0,0,0,0.0,1,0,3,12,17,11,3.38,257,59,1,1
0,0,0.0,0,0,0.0,0,1,3,0,1,1,0.16,25,128,0,3
5,2,1.08,3,1,0.62,0,3,7,10,18,12,3.55,184,59,0,0
1,1,0.21,0,0,0.0,0,0,4,2,15,8,2.91,262,198,1,3
0,0,0.0,5,5,0.9,2,2,5,1,18,12,3.54,238,100,1,1
5,1,1.04,5,4,0.93,0,3,2,2,22,10,4.44,137,100,0,0
7,5,1.35,0,0,0.0,0,0,0,6,18,8,3.61,286,68,0,0
4,0,0.81,0,0,0.0,0,0,0,1,2,1,0.36,0,147,0,3
0,0,0.0,0,0,0.0,0,1,3,6,22,11,4.36,343,66,0,1
1,0,0.26,0,0,0.0,0,0,3,1,18,7,3.53,139,65,1,1
0,0,0.0,3,3,0.68,1,0,4,5,28,10,5.6,190,57,1,1
2,0,0.27,6,3,1.28,0,1,6,7,18,4,3.59,195,91,0,1
2,2,0.38,5,3,1.04,0,1,6,8,23,10,4.61,333,96,1,1
0,0,0.0,1,1,0.17,0,1,6,7,4,3,0.78,62,187,0,3
0,0,0.0,6,3,1.27,1,3,1,6,15,9,3.03,367,51,0,1
2,1,0.43,0,0,0.0,0,0,6,2,18,11,3.52,260,48,0,1
0,0,0.0,0,0,0.0,0,0,0,2,8,6,1.56,97,142,1,3
8,6,1.56,5,4,0.96,0,0,8,3,20,13,3.96,236,72,1,0
0,0,0.0,6,3,1.2,0,1,2,3,23,11,4.61,376,68,0,1
1,1,0.17,0,0,0.0,2,3,1,1,20,8,3.95,196,19,0,1
0,0,0.0,3,0,0.53,0,3,0,7,13,7,2.54,108,121,0,1
3,1,0.63,0,0,0.0,0,0,3,8,19,6,3.78,227,53,0,1
2,2,0.4,5,3,1.01,0,0,0,3,0,0,0.0,0,113,0,3
0,0,0.0,1,0,0.14,0,0,9,7,13,3,2.53,45,198,0,3
3,3,0.55,0,0,0.0,1,1,7,1,15,6,3.04,120,161,0,2
0,0,0.0,3,2,0.61,1,3,0,0,10,5,1.99,103,152,1,3
10,6,2.07,6,3,1.17,0,2,3,6,18,11,3.58,363,109,0,0
3,3,0.56,4,2,0.74,0,3,5,2,17,12,3.35,246,37,0,1
3,2,0.72,5,4,1.0,2,3,6,6,22,13,4.4,441,25,0,0
3,0,0.65,5,4,1.02,0,1,12,15,13,6,2.64,79,54,0,1
10,6,1.96,3,2,0.71,0,0,10,8,23,10,4.65,303,95,0,0
2,2,0.43,7,3,1.4,0,0,6,3,21,10,4.19,177,82,1,1
6,1,1.21,3,2,0.6,0,1,5,4,21,11,4.14,313,93,0,0
1,0,0.13,0,0,0.0,0,1,1,0,0,0,0.0,29,130,0,3
9,5,1.88,3,3,0.66,0,0,1,0,20,12,3.95,265,136,0,0
0,0,0.0,0,0,0.0,2,0,6,1,14,8,2.74,270,105,0,1
4,2,0.87,2,2,0.44,1,0,0,6,15,7,3.0,258,178,0,2
7,3,1.45,7,3,1.41,1,0,7,13,16,12,3.13,367,47,1,0
4,0,0.82,9,6,1.85,0,3,0,3,15,6,2.96,153,48,0,1
6,4,1.25,2,2,0.42,3,2,2,23,20,9,4.01,207,51,0,0
0,0,0.0,10,6,1.93,3,1,1,3,22,14,4.52,433,9,0,1
0,0,0.0,2,1,0.39,0,0,3,0,21,8,4.2,270,87,1,1
0,0,0.0,1,1,0.19,2,3,8,7,12,9,2.44,99,145,0,1
5,0,0.9,0,0,0.0,2,1,5,0,13,10,2.56,116,162,0,2
13,9,2.53,0,0,0.0,0,1,6,0,23,11,4.58,175,115,0,0
2,1,0.41,5,0,1.07,0,0,0,5,26,19,5.07,617,70,0,0
4,0,0.76,5,2,1.02,3,3,12,3,17,11,3.31,326,59,0,1
1,0,0.23,1,1,0.22,0,3,1,6,17,8,3.39,228,48,0,1
12,4,2.35,0,0,0.0,0,3,0,3,18,6,3.6,123,79,0,0
1,0,0.14,6,4,1.21,0,1,2,0,16,4,3.22,187,146,0,1
0,0,0.0,1,1,0.19,2,1,9,1,23,13,4.56,161,52,0,1
0,0,0.0,0,0,0.0,0,0,1,1,20,6,4.05,149,48,1,1
0,0,0.0,0,0,0.0,2,0,4,7,21,10,4.2,219,52,1,1
13,4,2.66,1,1,0.24,0,0,4,1,17,11,3.29,274,85,1,0
5,1,0.96,3,1,0.63,0,0,2,4,2,0,0.31,0,202,0,3
10,9,2.0,3,3,0.57,0,0,3,3,15,8,2.99,180,119,1,0
7,7,1.41,0,0,0.0,0,3,3,2,24,10,4.76,178,59,1,0
0,0,0.0,1,1,0.14,2,1,5,3,13,6,2.59,202,192,0,3
5,2,1.0,4,4,0.85,0,2,3,10,22,10,4.36,388,43,0,0
2,2,0.42,2,0,0.36,2,0,0,2,1,1,0.17,38,83,0,3
4,4,0.73,5,2,0.97,0,0,1,4,21,14,4.14,216,37,1,0
16,7,3.19,3,0,0.65,1,1,4,2,22,11,4.37,213,68,0,0
3,0,0.6,1,0,0.25,0,2,12,0,11,4,2.23,81,101,0,3
0,0,0.0,2,2,0.39,0,0,2,0,5,0,0.94,23,158,1,3
0,0,0.0,1,1,0.2,0,0,10,3,12,2,2.38,82,101,1,3
2,0,0.43,2,2,0.42,0,0,7,2,10,10,2.06,159,193,0,1
1,0,0.17,0,0,0.0,1,1,4,2,7,3,1.3,81,93,1,3
5,2,0.97,4,2,0.8,0,1,5,8,16,9,3.21,251,38,0,0
1,1,0.22,2,0,0.39,1,0,7,0,16,12,3.17,373,50,1,1
3,2,0.55,3,1,0.63,0,1,11,6,19,12,3.74,325,59,0,0
6,3,1.17,7,5,1.47,1,2,2,2,23,8,4.54,158,77,0,0
0,0,0.0,6,4,1.26,3,0,6,4,24,6,4.82,199,40,0,1
5,4,0.98,3,0,0.65,0,1,2,3,15,7,2.97,110,109,1,2
8,6,1.6,3,2,0.55,0,0,6,7,18,12,3.52,282,36,1,0
0,0,0.0,6,4,1.26,1,3,0,4,1,1,0.16,17,168,0,3
0,0,0.0,0,0,0.0,1,2,8,1,12,6,2.36,194,166,0,3
0,0,0.0,3,2,0.51,0,1,0,11,18,13,3.62,129,87,0,1
8,3,1.62,5,5,0.96,0,0,2,10,18,11,3.55,223,156,0,0
0,0,0.0,4,4,0.8,2,1,3,3,13,4,2.58,185,146,1,1
4,3,0.66,4,3,0.7,0,3,3,6,21,12,4.14,250,113,0,0
3,2,0.65,0,0,0.0,0,2,5,2,25,7,4.95,270,90,0,2
1,1,0.21,9,5,1.84,0,2,0,5,5,2,0.99,47,210,1,3
0,0,0.0,1,0,0.18,0,0,7,0,20,11,3.93,408,26,0,1
11,4,2.27,5,4,0.94,2,0,6,3,19,11,3.74,201,120,0,0
2,1,0.35,5,3,1.05,1,1,3,3,10,5,1.96,206,191,0,1
5,5,0.91,5,3,0.95,2,0,8,0,18,12,3.65,387,98,1,0
0,0,0.0,0,0,0.0,0,0,0,1,8,1,1.59,68,181,0,3
10,7,2.03,0,0,0.0,0,1,0,2,4,1,0.75,18,117,0,2
2,1,0.46,0,0,0.0,0,0,7,4,1,1,0.24,9,96,0,3
0,0,0.0,0,0,0.0,0,2,5,5,9,6,1.83,230,105,1,3
3,0,0.54,4,4,0.84,1,2,2,11,19,13,3.73,220,66,1,1
2,0,0.45,2,2,0.44,0,1,2,0,20,7,4.06,229,124,0,1
5,3,0.99,2,0,0.34,2,2,5,2,10,6,2.01,87,185,1,2
6,4,1.25,0,0,0.0,0,1,5,5,18,10,3.6,350,48,0,0
0,0,0.0,2,2,0.42,2,2,0,0,16,9,3.2,194,17,0,1
4,1,0.8,4,0,0.8,0,0,1,1,6,5,1.21,71,101,0,1
5,4,0.96,2,2,0.38,1,3,7,9,22,7,4.37,127,103,1,2
3,2,0.53,0,0,0.0,0,2,4,1,10,8,2.02,114,110,0,1
0,0,0.0,2,0,0.36,0,1,11,10,0,0,0.0,0,123,1,3
4,2,0.87,1,1,0.29,0,1,6,7,2,0,0.48,0,161,0,3
4,3,0.88,4,3,0.7,0,0,6,6,17,10,3.28,260,104,1,0
0,0,0.0,5,1,1.02,1,3,6,6,12,8,2.34,266,177,0,1
12,4,2.38,5,3,0.94,0,3,5,3,17,8,3.4,159,99,1,0
2,0,0.44,5,0,0.97,0,3,8,2,19,10,3.77,271,39,0,1
1,1,0.22,0,0,0.0,1,3,11,0,6,5,1.17,81,180,0,3
2,0,0.34,0,0,0.0,0,0,1,5,20,13,3.98,300,30,0,1
0,0,0.0,2,1,0.39,2,0,8,6,6,6,1.13,118,119,0,3
2,2,0.43,4,3,0.67,0,3,0,1,19,6,3.72,57,63,1,1
3,1,0.64,2,1,0.32,0,0,6,4,19,11,3.77,202,85,0,1
4,0,0.82,0,0,0.0,0,0,7,0,9,6,1.81,110,150,0,3
8,7,1.61,4,3,0.74,0,3,2,0,10,10,1.95,242,140,0,0
9,8,1.82,4,1,0.76,2,1,7,3,15,8,2.89,291,115,1,0
0,0,0.0,6,3,1.2,0,1,11,16,16,12,3.19,312,100,0,1
2,0,0.43,1,1,0.17,0,1,8,4,2,0,0.42,31,117,0,3
3,2,0.7,3,3,0.56,2,3,4,3,20,6,3.92,142,89,1,1
2,0,0.42,0,0,0.0,0,2,6,5,15,10,2.96,160,77,1,1
1,1,0.26,7,2,1.37,0,2,2,1,20,11,4.02,137,25,1,1
3,1,0.54,8,4,1.58,3,3,4,2,22,9,4.31,325,24,0,1
12,6,2.44,1,0,0.18,3,1,4,10,9,1,1.79,38,154,0,0
1,1,0.23,0,0,0.0,0,0,1,6,12,6,2.35,128,155,1,3
3,2,0.65,6,3,1.12,1,1,1,21,18,7,3.69,206,54,1,1
0,0,0.0,2,0,0.4,2,0,10,12,19,11,3.71,167,93,1,1
9,4,1.85,3,0,0.64,0,0,6,6,25,19,4.88,301,39,0,0
0,0,0.0,1,1,0.15,0,0,8,9,24,6,4.8,179,96,1,1
0,0,0.0,1,1,0.19,0,1,6,6,8,5,1.57,144,148,1,3
8,4,1.66,0,0,0.0,0,1,0,0,20,12,3.92,281,120,1,0
6,2,1.14,0,0,0.0,0,0,5,3,13,10,2.56,234,116,0,2
5,0,1.02,0,0,0.0,0,0,3,0,1,1,0.27,0,158,0,3
6,3,1.19,2,2,0.39,2,0,1,10,23,20,4.57,434,54,0,0
0,0,0.0,1,0,0.19,0,1,0,7,9,3,1.86,153,179,1,3
8,2,1.6,3,3,0.61,0,0,4,9,22,7,4.31,261,86,0,0
10,6,1.99,1,0,0.14,1,1,3,8,23,15,4.63,160,108,1,0
2,2,0.37,0,0,0.0,0,1,1,2,3,2,0.55,50,184,0,3
1,0,0.27,3,3,0.57,0,0,1,3,14,8,2.84,168,133,0,1
1,0,0.16,2,0,0.43,0,1,1,4,4,3,0.85,69,188,0,3
4,1,0.77,6,3,1.18,0,2,9,11,21,6,4.12,194,74,1,1
4,4,0.74,1,0,0.26,0,0,11,0,11,4,2.21,98,198,1,2
1,1,0.24,3,1,0.52,0,0,2,3,20,9,3.99,239,60,0,1
6,6,1.25,5,3,1.03,0,1,4,6,20,11,4.02,232,71,0,0
5,0,1.02,5,3,1.02,2,3,6,1,24,10,4.71,276,103,0,1
9,7,1.76,0,0,0.0,2,3,7,1,27,9,5.35,282,83,0,0
7,5,1.31,6,3,1.25,2,0,9,12,19,5,3.78,116,68,0,0
1,0,0.23,3,3,0.51,2,0,8,6,11,5,2.26,222,163,0,1
7,1,1.44,0,0,0.0,2,0,9,4,6,6,1.2,89,184,1,2
7,6,1.37,2,2,0.43,1,1,1,1,13,5,2.54,232,206,0,2
4,0,0.8,9,6,1.9,0,1,5,1,15,5,3.0,102,86,1,1
1,1,0.12,2,2,0.49,0,3,1,0,0,0,0.0,0,149,0,3
7,2,1.36,0,0,0.0,0,3,1,11,23,8,4.49,95,109,0,2
0,0,0.0,9,3,1.81,0,1,4,4,15,10,2.97,320,25,1,1
5,5,0.99,0,0,0.0,0,1,6,4,8,5,1.6,70,218,0,2
2,2,0.41,5,4,0.89,2,0,6,1,3,2,0.61,14,132,0,3
5,1,1.06,1,1,0.2,1,1,7,4,12,11,2.39,309,171,0,2
3,3,0.54,5,0,1.05,1,2,3,0,21,11,4.26,176,80,1,1
0,0,0.0,2,0,0.48,0,1,10,12,21,10,4.25,165,91,0,1
0,0,0.0,4,1,0.78,0,0,5,8,19,10,3.74,98,170,0,1
5,3,0.99,4,0,0.82,2,1,5,2,8,3,1.64,71,149,1,2
2,1,0.41,4,2,0.83,2,1,6,1,24,8,4.88,163,86,0,1
0,0,0.0,5,2,1.0,0,1,2,9,22,8,4.46,168,42,0,1
3,3,0.57,2,1,0.35,2,2,8,4,21,7,4.22,233,95,0,0
11,7,2.18,12,4,2.37,0,0,0,1,19,15,3.77,203,46,1,0
4,3,0.82,0,0,0.0,2,1,1,0,2,0,0.33,0,183,1,2
2,2,0.46,6,6,1.12,0,3,1,2,14,3,2.73,117,102,1,1
10,4,1.92,3,1,0.59,0,2,0,0,8,5,1.62,59,171,1,2
5,4,0.97,3,3,0.71,0,1,4,2,14,5,2.8,84,126,0,2
0,0,0.0,1,0,0.21,0,1,5,1,16,8,3.18,201,42,0,1
3,3,0.59,2,1,0.39,2,1,7,12,22,12,4.42,170,64,1,0
0,0,0.0,5,1,1.02,0,0,0,8,22,9,4.43,159,33,1,1
3,0,0.54,1,1,0.16,1,0,2,9,19,6,3.83,179,46,1,1
2,2,0.39,11,6,2.12,0,3,10,0,19,7,3.81,224,58,1,1
4,2,0.78,3,0,0.57,2,1,3,4,19,12,3.8,272,25,0,0
1,0,0.24,4,0,0.74,0,1,1,1,21,6,4.15,181,94,0,1
7,4,1.4,1,1,0.11,0,0,0,21,19,13,3.78,419,70,0,0
11,7,2.18,3,1,0.57,0,1,2,0,16,10,3.2,196,93,0,0
0,0,0.0,0,0,0.0,0,3,9,13,15,8,2.98,120,9,0,1
3,0,0.57,1,0,0.22,2,0,2,2,16,6,3.1,164,147,0,1
0,0,0.0,1,0,0.21,1,0,2,0,34,11,6.77,364,42,0,1
4,0,0.83,5,1,1.08,2,0,7,3,16,11,3.18,336,57,0,1
1,0,0.18,0,0,0.0,2,0,3,7,24,10,4.76,378,48,0,1
15,13,3.0,2,2,0.42,3,1,12,6,12,7,2.41,247,130,1,0
5,5,1.09,4,1,0.78,2,2,4,3,21,17,4.2,434,102,0,0
0,0,0.0,6,4,1.27,0,2,9,3,17,12,3.44,328,39,1,1
2,2,0.35,0,0,0.0,0,1,2,7,21,7,4.2,272,10,0,1
7,7,1.39,2,1,0.44,0,1,8,4,14,3,2.76,42,218,1,2
4,4,0.78,1,1,0.21,2,0,1,2,9,5,1.85,68,167,0,2
9,8,1.84,2,0,0.46,2,3,6,4,15,7,3.06,161,107,0,0
0,0,0.0,6,4,1.2,2,1,9,2,19,7,3.78,193,90,1,1
1,1,0.33,0,0,0.0,1,0,6,0,22,12,4.43,337,14,0,1
0,0,0.0,8,3,1.58,3,0,4,1,16,7,3.19,165,42,1,1
3,0,0.63,1,1,0.19,0,1,2,1,15,7,3.04,205,88,0,1
4,4,0.85,0,0,0.0,2,0,1,2,2,2,0.46,0,181,0,2
8,3,1.61,4,4,0.77,0,3,3,1,21,10,4.14,222,61,0,0
0,0,0.0,1,1,0.17,0,1,4,0,3,2,0.67,62,147,0,3
2,2,0.4,6,1,1.14,1,3,3,1,15,6,2.98,197,104,0,1
3,3,0.63,5,3,0.97,2,2,6,1,19,9,3.8,132,50,1,1
1,0,0.18,10,6,1.96,0,3,3,4,13,9,2.64,297,112,1,1
2,2,0.37,1,1,0.17,0,1,0,4,22,13,4.36,220,104,1,1
0,0,0.0,0,0,0.0,0,0,4,4,14,5,2.83,182,145,1,3
5,5,1.02,4,2,0.83,1,2,0,10,22,13,4.38,449,81,0,0
2,0,0.38,9,5,1.88,1,1,0,4,21,14,4.15,415,73,0,1
11,9,2.22,0,0,0.0,0,3,8,3,24,8,4.8,91,46,1,0
6,5,1.18,2,0,0.32,0,0,2,2,16,10,3.24,135,56,0,2
0,0,0.0,5,2,0.98,3,1,5,4,19,11,3.78,261,25,1,1
5,5,0.99,0,0,0.0,0,3,3,3,17,9,3.33,333,75,0,2
5,3,0.97,2,1,0.35,0,1,1,0,19,12,3.76,340,19,0,0
6,3,1.18,0,0,0.0,0,3,0,1,20,9,3.94,191,50,0,2
4,0,0.83,3,2,0.62,0,0,6,1,6,3,1.31,41,153,0,3
3,3,0.75,0,0,0.0,0,1,2,9,14,7,2.74,170,91,0,2
9,8,1.87,2,2,0.33,0,2,6,18,18,8,3.46,342,97,0,0
5,2,0.94,3,3,0.6,0,0,3,0,10,8,1.97,127,99,0,1
8,5,1.61,3,0,0.72,0,0,5,7,25,15,4.98,302,69,0,0
2,0,0.36,3,0,0.56,0,0,1,10,15,11,2.98,110,44,0,1
11,8,2.18,0,0,0.0,0,0,2,2,16,5,3.19,141,93,0,0
2,0,0.38,2,2,0.47,1,0,1,0,21,12,4.11,293,75,1,1
1,1,0.2,4,4,0.78,0,0,1,8,19,9,3.78,366,51,1,1
6,3,1.24,0,0,0.0,0,1,9,7,21,10,4.12,348,114,1,0
11,3,2.19,2,0,0.39,0,0,8,7,17,9,3.42,276,62,0,0
0,0,0.0,7,0,1.42,0,3,2,3,16,10,3.12,210,68,0,1
0,0,0.0,4,3,0.75,2,2,7,3,1,1,0.19,1,128,1,3
5,3,0.97,5,1,1.05,3,0,6,7,25,13,4.93,222,83,0,0
2,2,0.37,0,0,0.0,0,2,0,0,19,11,3.82,292,76,0,1
1,0,0.17,2,2,0.41,0,2,4,1,12,9,2.36,99,73,0,1
8,2,1.63,3,0,0.58,1,0,8,9,22,13,4.32,200,77,1,0
0,0,0.0,1,1,0.13,2,3,5,0,11,2,2.24,102,188,0,3
2,0,0.49,0,0,0.0,0,1,1,2,0,0,0.0,0,119,0,3
3,0,0.56,6,2,1.21,2,3,4,1,15,5,3.02,137,40,1,1
1,0,0.16,4,4,0.71,0,2,1,3,15,11,3.0,127,46,0,1
5,4,0.95,3,1,0.64,1,2,7,13,22,5,4.5,193,75,1,0
1,0,0.19,0,0,0.0,1,0,11,2,13,5,2.62,106,187,0,3
2,0,0.37,2,0,0.5,2,0,12,2,12,8,2.41,129,130,1,1
5,5,0.98,8,2,1.57,0,1,3,0,21,7,4.13,135,26,1,0
11,6,2.25,0,0,0.0,0,0,3,3,19,8,3.77,147,98,0,0
2,2,0.39,6,3,1.19,2,1,1,4,19,6,3.79,231,42,0,1
4,3,0.78,6,5,1.25,0,1,3,0,19,12,3.85,269,73,0,0
0,0,0.0,2,2,0.43,1,0,7,5,18,5,3.54,78,40,1,1
1,1,0.21,4,1,0.71,0,0,13,15,17,5,3.29,79,52,0,1
7,2,1.44,0,0,0.0,0,0,13,0,0,0,0.0,0,181,1,2
1,1,0.24,0,0,0.0,1,1,8,5,14,4,2.7,44,201,1,3
1,0,0.22,3,0,0.62,2,1,4,12,12,8,2.43,110,45,0,1
0,0,0.0,1,0,0.27,0,1,6,5,7,5,1.47,87,93,1,3
5,5,0.97,1,1,0.21,0,0,1,4,14,9,2.83,349,182,0,2
0,0,0.0,11,7,2.24,2,2,10,3,22,13,4.35,155,59,1,1
0,0,0.0,0,0,0.0,0,2,0,1,18,12,3.66,256,36,0,1
3,0,0.6,0,0,0.0,0,1,1,4,10,3,1.95,69,203,0,3
4,0,0.95,0,0,0.0,0,0,2,3,10,2,1.94,80,179,1,3
6,2,1.25,7,5,1.37,0,2,4,5,18,11,3.65,326,26,1,0
11,9,2.25,9,5,1.83,4,3,2,0,23,14,4.55,315,112,1,0
7,4,1.39,0,0,0.0,2,0,1,1,8,2,1.6,52,196,0,2
3,2,0.6,2,0,0.41,0,1,10,3,23,11,4.62,338,61,1,0
3,1,0.64,8,1,1.53,2,1,0,0,23,10,4.52,224,104,0,1
2,0,0.48,2,2,0.44,1,0,8,2,23,8,4.54,227,161,0,1
0,0,0.0,0,0,0.0,0,2,1,10,13,6,2.55,76,129,1,3
10,5,1.98,5,4,1.03,2,0,5,8,22,7,4.36,199,91,1,0
2,0,0.39,3,3,0.61,0,2,1,6,20,7,3.94,215,21,0,1
1,0,0.21,3,2,0.65,2,0,0,6,25,13,4.99,291,78,1,1
10,7,2.04,5,4,0.99,0,1,2,2,9,3,1.81,72,209,0,0
1,1,0.24,1,1,0.24,0,0,2,3,9,4,1.79,91,143,0,3
1,1,0.22,2,0,0.41,1,1,3,1,6,3,1.2,61,103,0,3
0,0,0.0,0,0,0.0,1,0,2,2,26,8,5.13,188,47,0,1
2,2,0.39,3,3,0.51,2,1,9,0,20,10,3.98,218,105,1,1
1,0,0.13,0,0,0.0,1,0,3,5,0,0,0.0,0,185,1,3
2,0,0.45,0,0,0.0,0,0,10,4,10,3,2.04,171,164,1,3
0,0,0.0,0,0,0.0,0,0,13,9,22,6,4.34,168,87,1,1
0,0,0.0,4,4,0.82,0,2,3,4,24,9,4.74,230,95,0,1
2,2,0.52,11,3,2.11,0,2,0,5,17,7,3.33,183,33,1,1
5,3,0.87,5,3,1.02,0,0,10,0,19,8,3.78,172,73,0,0
3,3,0.6,1,1,0.16,0,1,0,1,10,3,1.96,110,122,0,2
2,0,0.47,4,0,0.76,0,2,6,0,11,7,2.22,202,195,0,1
4,4,0.78,0,0,0.0,0,3,10,1,11,4,2.13,73,113,0,2
7,6,1.41,1,1,0.21,0,0,5,2,7,4,1.4,84,177,1,2
5,5,1.02,4,4,0.76,3,1,3,3,18,9,3.6,231,111,0,0
0,0,0.0,0,0,0.0,1,1,1,3,1,0,0.24,0,79,0,3
2,0,0.35,5,1,0.99,0,0,1,0,9,5,1.82,28,174,0,3
0,0,0.0,4,2,0.79,0,0,3,2,15,10,2.94,236,74,1,1
2,1,0.4,0,0,0.0,0,2,6,6,23,11,4.57,300,56,0,1
0,0,0.0,0,0,0.0,0,1,4,3,3,0,0.59,10,98,0,3
7,5,1.4,1,0,0.26,1,0,0,2,21,14,4.12,279,109,0,0
1,1,0.23,4,1,0.91,0,1,6,0,20,6,3.97,144,84,0,1
2,0,0.46,5,2,0.94,1,0,0,6,15,8,2.91,93,56,1,1
0,0,0.0,3,3,0.67,1,2,4,4,16,9,3.19,167,161,0,1
7,4,1.35,2,2,0.45,1,3,0,2,19,9,3.84,294,110,1,0
2,0,0.43,5,0,0.89,1,1,7,9,20,4,4.02,63,52,0,1
5,3,1.03,10,5,1.99,3,1,4,8,21,15,4.19,197,100,0,0
0,0,0.0,2,1,0.44,1,1,5,9,19,11,3.79,287,175,1,1
7,7,1.38,2,2,0.42,0,3,6,0,18,11,3.57,267,65,1,0
4,1,0.78,1,1,0.28,0,0,0,0,16,9,3.29,309,126,0,1
2,1,0.43,3,3,0.63,1,1,0,0,12,12,2.37,347,200,1,1
0,0,0.0,0,0,0.0,0,3,1,1,5,5,0.93,115,83,1,3
0,0,0.0,3,1,0.64,1,2,3,10,15,10,3.02,142,59,0,1
4,2,0.76,5,5,0.94,0,0,4,2,18,9,3.6,238,115,0,1
2,1,0.4,3,1,0.57,0,3,3,0,14,10,2.73,244,114,0,1
5,0,0.94,1,0,0.25,2,0,7,2,24,15,4.75,201,41,1,0
8,8,1.57,4,0,0.85,3,2,10,3,28,14,5.57,326,103,0,0
2,0,0.4,7,2,1.4,0,3,0,6,11,5,2.16,176,143,0,1
2,1,0.36,13,5,2.56,0,1,4,8,21,16,4.22,469,62,0,1
3,2,0.58,2,1,0.39,0,2,5,5,7,6,1.35,119,149,0,1
5,0,1.04,3,3,0.59,0,2,2,4,14,7,2.77,159,129,0,1
4,4,0.79,0,0,0.0,0,3,4,3,25,14,4.95,282,82,1,0
4,1,0.78,2,0,0.46,1,3,0,0,28,13,5.59,254,27,1,0
5,5,0.96,0,0,0.0,0,0,5,2,20,6,4.01,271,29,1,2
0,0,0.0,2,2,0.39,0,0,7,3,4,2,0.82,20,187,1,3
2,1,0.4,2,0,0.39,0,1,11,0,20,11,3.88,200,71,0,1
0,0,0.0,4,3,0.83,2,3,1,2,0,0,0.0,17,101,1,3
0,0,0.0,6,0,1.21,2,1,0,1,0,0,0.0,1,148,0,3
0,0,0.0,5,0,1.01,0,3,4,4,12,3,2.41,154,122,1,3
0,0,0.0,0,0,0.0,0,2,1,5,7,4,1.38,94,189,1,3
15,7,3.0,7,7,1.41,2,1,3,0,20,9,3.98,115,82,1,0
3,0,0.64,1,1,0.24,0,1,5,3,15,7,2.95,127,116,0,1
0,0,0.0,1,1,0.18,0,1,3,0,16,8,3.24,200,43,1,1
1,1,0.23,7,5,1.41,2,0,0,1,17,9,3.31,141,65,1,1
0,0,0.0,0,0,0.0,0,3,0,2,2,0,0.42,1,188,0,3
3,0,0.61,0,0,0.0,1,0,0,0,11,6,2.14,102,173,1,3
3,3,0.62,1,0,0.16,2,3,8,3,19,11,3.75,341,96,1,2
0,0,0.0,3,3,0.59,3,1,8,0,20,4,3.97,146,82,0,1
10,7,1.95,8,5,1.64,0,0,13,16,18,8,3.48,117,65,0,0
1,1,0.22,0,0,0.0,0,0,7,3,5,3,0.92,50,102,0,3
0,0,0.0,16,6,3.19,6,3,0,2,28,16,5.48,366,71,1,1
7,5,1.42,2,0,0.36,3,0,14,6,25,11,4.99,324,102,1,0
0,0,0.0,8,5,1.62,1,2,8,1,5,0,1.04,16,152,0,3
0,0,0.0,0,0,0.0,2,0,3,8,21,6,4.09,233,80,0,1
0,0,0.0,2,2,0.46,0,1,2,7,27,13,5.36,152,66,0,1
2,0,0.49,4,2,0.83,3,0,1,9,15,10,2.99,89,54,1,1
8,8,1.57,2,0,0.39,0,0,5,4,18,11,3.59,341,66,1,0
5,2,0.94,2,2,0.35,0,0,7,6,21,15,4.27,432,58,0,0
15,10,3.0,0,0,0.0,2,1,5,9,21,9,4.18,205,100,0,0
4,2,0.84,1,0,0.19,0,1,2,8,28,13,5.52,470,114,0,0
1,1,0.23,1,1,0.19,1,1,7,5,18,12,3.61,205,82,0,1
5,2,1.01,1,0,0.14,0,0,4,11,15,9,3.06,220,92,0,2
4,0,0.68,2,0,0.41,0,0,3,0,15,9,2.92,163,146,0,1
0,0,0.0,0,0,0.0,2,2,3,2,6,4,1.22,95,148,1,3
6,4,1.26,0,0,0.0,2,0,7,8,25,9,4.97,343,58,0,0
1,0,0.11,4,4,0.62,0,1,8,8,24,8,4.72,190,59,0,1
0,0,0.0,1,1,0.2,2,2,0,1,21,9,4.14,123,31,0,1
0,0,0.0,3,3,0.55,0,1,2,6,22,10,4.45,173,78,1,1
5,5,1.03,1,1,0.23,1,0,6,4,21,14,4.21,339,96,0,0
4,1,0.72,3,2,0.6,0,1,15,1,8,6,1.61,84,134,1,1
0,0,0.0,1,1,0.13,0,3,2,0,10,3,1.91,105,153,0,3
1,1,0.21,1,1,0.19,1,1,0,3,1,0,0.23,29,183,1,3
7,7,1.38,4,0,0.81,0,1,5,0,19,8,3.83,140,74,1,0
0,0,0.0,3,0,0.7,0,0,9,9,15,5,2.91,178,89,0,1
7,4,1.32,3,1,0.63,0,0,0,11,20,7,3.98,288,49,1,0
3,1,0.54,5,5,0.94,3,3,7,8,23,8,4.62,114,37,0,1
0,0,0.0,2,2,0.5,0,2,5,0,14,8,2.83,100,74,0,1
0,0,0.0,4,3,0.79,3,0,4,0,19,9,3.81,121,32,0,1
11,7,2.23,8,3,1.59,1,0,1,1,21,9,4.18,291,85,1,0
0,0,0.0,1,1,0.3,0,0,5,0,18,11,3.63,373,52,0,1
0,0,0.0,7,1,1.37,0,3,7,0,19,12,3.78,231,99,0,1
4,3,0.77,2,2,0.39,0,1,2,1,1,1,0.23,1,118,0,3
1,0,0.26,1,0,0.12,0,3,5,6,8,7,1.61,113,121,0,3
18,11,3.7,4,0,0.8,0,1,6,4,19,9,3.72,180,127,1,0
10,4,2.03,0,0,0.0,0,3,6,8,17,13,3.33,280,40,0,0
11,5,2.22,0,0,0.0,1,0,9,4,26,6,5.09,91,42,0,0
0,0,0.0,7,4,1.41,2,1,0,1,5,0,0.97,17,167,0,3
2,0,0.41,0,0,0.0,0,1,4,1,0,0,0.0,0,185,1,3
14,8,2.72,9,7,1.87,2,3,0,1,0,0,0.0,0,272,1,0
2,2,0.47,3,0,0.6,0,0,5,4,3,2,0.59,28,119,0,3
11,5,2.23,3,1,0.56,0,1,2,9,21,13,4.24,225,154,1,0
2,0,0.4,0,0,0.0,0,2,2,0,23,11,4.56,222,79,0,1
4,3,0.74,6,5,1.2,0,3,5,3,2,2,0.43,40,155,0,1
0,0,0.0,2,0,0.45,0,3,5,3,2,1,0.38,27,137,0,3
0,0,0.0,2,2,0.42,0,1,4,2,11,6,2.11,143,195,1,3
13,5,2.58,0,0,0.0,0,3,15,0,23,11,4.53,325,64,0,0
2,0,0.42,5,4,1.1,0,2,2,2,3,2,0.56,84,145,0,3
1,0,0.16,1,0,0.14,1,3,8,1,2,2,0.33,27,190,1,3
2,0,0.4,0,0,0.0,0,3,9,0,21,7,4.17,87,162,1,1
1,0,0.32,2,2,0.36,0,0,2,0,22,10,4.34,295,76,0,1
0,0,0.0,0,0,0.0,0,1,0,6,10,2,2.06,61,126,1,3
0,0,0.0,2,2,0.42,0,1,1,9,16,10,3.17,97,170,0,1
5,2,0.99,3,2,0.65,0,3,7,0,12,5,2.34,244,142,0,2
8,6,1.57,9,5,1.75,0,1,2,3,18,13,3.52,263,25,0,0
0,0,0.0,2,2,0.31,0,0,0,11,17,13,3.32,128,90,0,1
7,4,1.43,8,1,1.57,3,2,2,7,23,6,4.62,209,94,0,0
1,0,0.2,0,0,0.0,1,1,2,4,13,6,2.63,271,101,0,1
1,1,0.21,7,6,1.41,1,3,9,8,22,12,4.27,260,26,0,1
1,1,0.11,0,0,0.0,0,2,7,5,18,6,3.69,95,98,0,1
0,0,0.0,3,2,0.56,1,0,0,0,22,8,4.38,161,93,0,1
8,8,1.61,1,1,0.25,0,3,9,0,19,5,3.83,120,136,0,0
4,3,0.77,1,0,0.17,0,1,0,1,19,9,3.74,233,125,1,2
4,1,0.88,0,0,0.0,0,1,3,0,9,7,1.74,86,101,0,2
4,0,0.8,0,0,0.0,0,3,4,2,0,0,0.0,0,166,1,3
5,5,1.01,0,0,0.0,2,2,0,10,11,8,2.21,234,133,0,2
2,0,0.4,10,6,1.93,2,1,2,2,17,12,3.39,269,71,0,1
0,0,0.0,2,0,0.47,2,0,18,12,23,7,4.63,95,41,0,1
1,0,0.15,0,0,0.0,2,3,2,2,8,2,1.5,64,114,1,3
2,1,0.39,0,0,0.0,2,0,0,5,8,4,1.64,33,167,0,3
1,0,0.25,6,4,1.19,1,0,4,5,19,6,3.8,196,88,1,1
5,0,0.98,2,2,0.4,2,3,8,7,21,13,4.19,430,55,1,0
8,6,1.61,0,0,0.0,1,1,6,11,25,15,4.9,333,60,1,0
3,0,0.62,3,0,0.52,0,0,2,1,11,10,2.15,264,95,1,1
0,0,0.0,9,3,1.81,0,0,1,4,16,12,3.21,317,25,1,1
0,0,0.0,7,7,1.41,0,3,7,4,4,1,0.67,19,152,0,3
6,4,1.17,4,0,0.77,2,1,6,0,7,5,1.3,69,151,0,2
4,3,0.76,4,1,0.8,0,1,5,0,17,11,3.4,248,37,0,0
8,3,1.55,0,0,0.0,0,3,12,8,23,10,4.6,177,91,1,0
1,1,0.24,3,3,0.57,2,1,9,6,15,7,2.94,77,38,1,1
11,7,2.23,0,0,0.0,0,0,7,5,20,11,3.94,393,62,0,0
0,0,0.0,0,0,0.0,0,0,3,0,2,1,0.45,31,105,1,3
12,6,2.41,0,0,0.0,0,2,3,8,26,16,5.21,166,168,0,0
9,8,1.78,4,3,0.89,1,1,0,0,16,4,3.16,151,53,0,0
9,7,1.79,0,0,0.0,0,0,2,9,7,1,1.33,29,186,0,2
5,3,1.0,10,5,2.06,0,1,4,1,15,6,3.06,214,55,1,1
5,2,0.93,0,0,0.0,1,0,0,0,17,7,3.31,253,119,1,2
0,0,0.0,2,1,0.37,0,3,2,6,0,0,0.0,0,138,1,3
2,0,0.4,2,1,0.4,0,0,5,2,9,9,1.85,172,151,1,3
0,0,0.0,1,1,0.23,1,2,4,2,20,9,3.97,312,96,0,1
1,1,0.19,5,2,1.0,1,2,6,5,25,15,4.94,429,58,0,1
0,0,0.0,0,0,0.0,1,2,4,2,8,4,1.51,91,142,0,3
6,6,1.2,1,1,0.2,0,1,0,10,21,14,4.18,286,55,1,0
0,0,0.0,0,0,0.0,0,0,7,0,19,16,3.7,338,16,0,1
2,1,0.4,1,0,0.22,0,3,2,2,5,0,1.01,37,84,0,3
4,0,0.67,5,1,1.11,0,0,2,4,4,0,0.69,18,169,0,3
6,5,1.16,2,1,0.41,0,2,3,12,25,20,4.88,432,52,0,0
3,1,0.58,0,0,0.0,0,0,3,12,27,17,5.37,414,72,0,0
10,9,1.91,3,3,0.63,0,0,11,13,24,19,4.81,575,78,0,0
0,0,0.0,1,0,0.17,1,1,6,0,15,9,2.97,146,72,1,1
0,0,0.0,4,1,0.8,0,1,2,7,21,7,4.23,167,39,0,1
8,5,1.56,2,2,0.46,2,3,6,1,1,1,0.17,0,155,1,2
3,2,0.69,8,3,1.58,2,3,0,8,20,8,4.08,239,46,1,1
7,4,1.41,0,0,0.0,0,3,2,14,23,17,4.5,442,40,1,0
5,3,1.02,3,0,0.57,2,2,2,6,15,3,2.95,53,38,0,2
1,1,0.19,8,4,1.65,1,0,5,8,24,16,4.84,174,30,0,1
1,1,0.17,1,0,0.2,2,1,7,5,11,7,2.17,161,195,0,3
4,1,0.81,3,3,0.64,0,2,1,1,10,2,2.03,66,203,1,3
6,6,1.06,1,0,0.26,0,0,9,3,19,11,3.71,349,111,0,0
7,4,1.31,5,4,1.03,0,3,5,0,27,17,5.32,223,108,1,0
7,6,1.32,4,4,0.79,1,2,0,6,24,8,4.8,148,33,1,0
6,6,1.08,3,1,0.59,0,2,9,0,0,0,0.0,29,170,0,2
5,4,1.02,9,6,1.69,0,2,8,12,22,7,4.31,115,37,0,0
0,0,0.0,3,1,0.62,2,3,8,0,18,11,3.57,186,24,1,1
0,0,0.0,1,0,0.25,1,0,2,2,21,10,4.24,211,82,1,1
8,8,1.59,4,1,0.74,1,1,8,11,23,10,4.59,302,98,1,0
0,0,0.0,0,0,0.0,0,1,7,6,8,3,1.58,60,142,0,3
9,4,1.79,2,2,0.39,0,1,8,5,19,14,3.78,133,118,1,0
5,5,1.05,2,0,0.42,2,3,3,2,23,10,4.48,264,103,0,0
0,0,0.0,0,0,0.0,0,0,0,8,14,11,2.75,191,155,0,1
4,3,0.85,6,2,1.15,1,3,10,9,14,13,2.8,193,38,0,0
3,3,0.65,4,0,0.88,2,1,8,5,19,4,3.79,133,86,1,1
1,0,0.16,2,0,0.32,1,1,4,6,24,10,4.8,307,85,0,1
7,5,1.37,6,2,1.17,1,0,7,5,25,17,5.0,339,93,0,0
7,5,1.36,0,0,0.0,0,2,5,6,0,0,0.0,2,120,0,2
1,1,0.13,0,0,0.0,1,2,6,7,23,7,4.45,272,14,1,1
5,0,0.92,0,0,0.0,1,0,0,5,0,0,0.0,17,170,0,3
6,3,1.17,3,0,0.59,1,2,2,6,32,25,6.34,403,110,0,0
10,3,1.87,1,0,0.14,0,0,7,9,15,7,2.96,92,93,1,2
0,0,0.0,4,1,0.75,0,2,4,5,29,9,5.75,191,59,0,1
0,0,0.0,3,1,0.64,0,1,0,5,7,1,1.41,60,186,1,3
1,1,0.12,5,2,1.0,1,2,9,11,22,10,4.3,382,93,0,1
9,6,1.85,4,3,0.78,0,0,0,0,25,11,4.88,287,136,0,0
7,5,1.42,0,0,0.0,0,0,0,0,25,10,4.91,177,59,0,0
2,1,0.48,8,3,1.59,0,3,1,2,17,8,3.42,91,80,1,1
7,6,1.49,1,1,0.23,0,1,6,8,17,5,3.36,92,94,0,0
9,7,1.83,2,2,0.39,2,3,0,11,24,13,4.8,194,81,0,0
2,2,0.36,3,3,0.62,2,0,6,5,16,6,3.2,60,90,1,1
2,2,0.31,5,1,0.92,0,2,0,11,21,9,4.19,128,12,1,1
7,6,1.32,3,0,0.66,2,0,9,8,22,9,4.4,179,90,0,0
0,0,0.0,4,3,0.8,3,1,7,0,21,5,4.15,145,85,0,1
13,6,2.52,0,0,0.0,2,3,3,0,0,0,0.0,0,154,0,2
2,0,0.38,0,0,0.0,0,0,2,4,2,0,0.42,1,156,1,3
5,2,1.05,6,6,1.21,3,0,5,11,20,13,3.9,287,100,0,0
2,0,0.35,8,2,1.54,1,1,0,3,18,13,3.58,156,58,1,1
8,5,1.66,2,0,0.39,0,3,8,7,22,19,4.37,303,38,0,0
7,2,1.39,1,0,0.17,0,0,0,3,6,5,1.22,47,168,0,2
0,0,0.0,2,0,0.34,2,3,5,12,17,7,3.38,255,58,1,1
1,0,0.18,6,6,1.18,1,2,5,0,20,7,3.96,157,69,1,1
2,2,0.34,2,0,0.35,0,0,3,4,1,0,0.28,0,120,1,3
0,0,0.0,6,6,1.14,0,0,2,0,18,10,3.61,201,54,1,1
5,3,1.02,0,0,0.0,0,0,2,1,23,12,4.57,218,103,0,2
2,2,0.43,0,0,0.0,0,2,8,3,1,0,0.14,2,202,1,3
1,1,0.24,0,0,0.0,2,1,12,3,2,2,0.4,24,130,1,3
6,2,1.17,2,1,0.29,1,0,10,2,22,11,4.33,236,96,0,0
2,2,0.42,2,0,0.4,2,1,0,2,0,0,0.0,0,137,0,3
12,4,2.44,3,3,0.64,0,1,6,0,21,8,4.15,189,73,1,0
4,2,0.81,5,5,1.06,0,0,5,6,17,11,3.36,314,33,0,1
2,2,0.37,9,2,1.85,2,3,5,4,24,10,4.82,143,38,0,1
1,1,0.21,0,0,0.0,1,3,2,2,15,8,3.03,279,96,1,1
0,0,0.0,1,0,0.16,0,0,21,15,22,9,4.41,95,41,0,1
4,4,0.81,1,1,0.19,2,3,2,3,2,2,0.39,0,185,1,2
2,0,0.33,0,0,0.0,0,3,7,5,6,2,1.19,34,137,0,3
6,2,1.19,1,1,0.2,1,0,2,9,24,5,4.8,228,82,0,0
0,0,0.0,5,1,1.06,0,0,0,11,18,9,3.61,90,21,1,1
0,0,0.0,0,0,0.0,1,2,2,0,0,0,0.0,2,185,0,3
6,4,1.11,1,0,0.26,2,3,10,5,24,7,4.8,98,85,1,2
1,0,0.23,3,0,0.56,0,3,12,2,10,7,1.98,104,189,0,3
0,0,0.0,3,0,0.58,0,0,11,4,20,9,3.96,330,41,1,1
6,0,1.14,2,2,0.38,0,0,2,2,0,0,0.0,2,152,1,3
0,0,0.0,3,3,0.6,2,1,2,8,13,5,2.57,111,49,0,1
3,3,0.55,2,2,0.33,0,0,4,4,17,12,3.34,248,38,1,1
2,2,0.43,10,6,2.1,2,0,0,5,20,11,3.98,325,25,0,1
1,1,0.19,0,0,0.0,2,2,3,2,2,0,0.36,0,189,1,3
1,0,0.18,1,0,0.14,0,1,0,2,20,8,3.98,232,124,0,1
3,1,0.58,8,5,1.55,1,1,2,2,29,20,5.67,689,42,1,1
15,8,2.96,7,1,1.4,1,3,0,5,16,10,3.13,233,105,0,0
3,0,0.61,0,0,0.0,1,0,2,5,3,1,0.56,66,138,1,3
7,5,1.47,0,0,0.0,1,1,0,8,14,11,2.73,158,115,0,2
1,1,0.15,3,1,0.6,2,1,4,4,14,5,2.94,111,186,0,1
2,1,0.42,2,2,0.43,0,0,5,5,20,14,3.87,278,15,0,1
6,1,1.19,4,3,0.82,1,2,4,0,1,0,0.23,1,108,0,3
2,2,0.39,4,3,0.79,2,3,5,1,17,8,3.43,266,75,0,1
0,0,0.0,2,0,0.38,1,1,11,0,23,10,4.55,327,17,0,1
6,2,1.24,2,2,0.4,0,2,0,3,9,6,1.81,55,164,1,2
4,2,0.79,11,5,2.19,1,0,5,12,21,9,4.2,109,68,0,1
7,6,1.44,3,1,0.6,0,0,1,1,25,14,4.98,221,105,0,0
1,1,0.1,5,2,1.02,3,1,4,2,2,0,0.31,16,98,1,3
2,0,0.28,0,0,0.0,0,3,0,7,3,0,0.62,42,135,0,3
1,0,0.16,2,0,0.35,2,1,1,2,16,8,3.23,152,179,0,1
3,3,0.54,2,1,0.4,1,1,2,2,13,10,2.69,223,36,1,1
10,5,1.98,3,2,0.62,1,1,3,1,22,7,4.3,198,54,0,0
8,4,1.65,1,1,0.18,0,0,7,10,21,9,4.17,215,101,0,0
0,0,0.0,0,0,0.0,0,2,1,2,1,0,0.2,2,124,0,3
5,5,1.04,2,2,0.38,0,0,7,14,27,13,5.36,225,95,0,0
1,0,0.24,1,0,0.23,1,1,6,1,4,4,0.71,85,93,0,3
14,6,2.7,7,2,1.46,2,2,7,2,21,14,4.23,241,157,0,0
9,8,1.83,1,0,0.22,1,1,0,2,3,2,0.65,46,200,1,2
11,9,2.25,5,4,0.99,0,3,6,1,22,13,4.39,204,58,1,0
0,0,0.0,0,0,0.0,0,0,9,7,18,10,3.56,205,37,0,1
5,2,0.99,1,1,0.18,3,0,0,8,13,3,2.57,116,92,0,2
2,1,0.4,6,6,1.16,3,1,4,6,19,11,3.76,402,30,0,1
10,7,2.0,0,0,0.0,0,3,0,10,17,8,3.31,153,86,0,0
0,0,0.0,3,3,0.64,0,1,7,0,8,8,1.63,175,153,1,3
7,5,1.34,0,0,0.0,0,3,8,0,17,10,3.38,170,97,0,2
5,2,0.95,1,1,0.23,1,2,5,3,24,16,4.8,355,31,1,0
0,0,0.0,4,1,0.92,0,2,4,3,12,8,2.4,119,175,0,1
2,0,0.39,0,0,0.0,0,3,4,3,3,2,0.55,30,134,1,3
0,0,0.0,5,0,0.97,1,1,0,0,15,9,2.93,265,94,1,1
0,0,0.0,9,2,1.81,0,2,1,4,17,11,3.44,317,25,0,1
0,0,0.0,8,2,1.62,0,1,7,7,0,0,0.0,0,131,0,3
2,1,0.34,4,3,0.76,0,2,0,6,19,9,3.76,166,38,0,1
0,0,0.0,3,1,0.63,2,0,6,5,15,7,3.01,144,196,0,1
2,2,0.38,1,1,0.16,2,2,1,0,0,0,0.0,1,110,0,3
3,2,0.58,1,1,0.23,0,2,1,3,17,8,3.43,93,188,0,2
2,0,0.41,4,0,0.9,0,1,1,3,17,7,3.31,126,25,1,1
7,5,1.39,0,0,0.0,0,0,7,0,16,11,3.19,170,93,0,2
10,2,1.99,3,3,0.62,0,2,0,7,17,13,3.37,225,156,0,0
0,0,0.0,9,5,1.81,0,0,9,2,21,12,4.17,255,11,1,1
0,0,0.0,2,2,0.35,2,3,2,1,23,6,4.6,266,70,0,1
14,11,2.85,0,0,0.0,2,0,2,13,19,7,3.83,201,98,1,0
5,4,1.08,2,2,0.42,0,2,1,2,8,6,1.57,91,218,0,2
1,0,0.29,0,0,0.0,0,1,1,1,14,6,2.68,93,89,0,3
2,2,0.29,0,0,0.0,1,2,8,0,1,1,0.11,28,191,0,3
2,2,0.42,0,0,0.0,0,1,0,5,21,7,4.15,92,33,0,1
7,6,1.33,1,0,0.22,0,1,5,7,19,12,3.78,282,43,0,0
0,0,0.0,4,4,0.91,2,0,4,3,0,0,0.0,1,130,0,3
8,3,1.61,0,0,0.0,0,3,0,2,8,7,1.6,183,184,0,2
0,0,0.0,6,1,1.18,0,0,3,6,12,9,2.43,281,69,0,1
1,0,0.14,4,2,0.87,1,3,5,1,24,9,4.86,266,68,0,1
0,0,0.0,1,0,0.28,0,1,8,11,22,10,4.38,178,92,1,1
0,0,0.0,0,0,0.0,2,0,3,2,11,9,2.2,229,103,1,3
0,0,0.0,4,1,0.78,2,2,4,3,23,9,4.53,239,61,1,1
5,0,1.0,0,0,0.0,1,2,0,11,8,1,1.59,44,196,0,2
8,6,1.54,8,5,1.67,1,2,9,3,18,8,3.59,172,169,1,0
13,6,2.61,8,3,1.59,1,0,9,11,25,17,4.98,498,83,0,0
3,2,0.61,7,3,1.39,3,3,0,2,19,9,3.74,177,76,0,1
3,2,0.59,0,0,0.0,2,1,0,3,7,2,1.4,136,126,1,3
0,0,0.0,2,0,0.41,0,1,1,7,21,9,4.18,303,83,0,1
10,7,2.02,5,0,1.02,1,1,4,0,17,8,3.39,196,97,0,0
0,0,0.0,0,0,0.0,2,0,3,3,20,8,3.95,321,15,0,1
2,0,0.3,2,2,0.47,2,0,6,1,21,14,4.17,311,94,1,1
2,1,0.38,6,4,1.15,2,0,0,7,16,5,3.29,140,95,0,1
1,1,0.23,0,0,0.0,0,3,14,8,10,5,1.99,154,168,0,3
2,0,0.41,3,3,0.6,1,0,7,11,19,13,3.83,247,55,1,1
0,0,0.0,1,1,0.18,2,2,0,4,12,8,2.46,186,195,0,3
10,3,2.03,5,1,1.05,0,0,13,5,15,6,2.91,157,129,0,0
3,0,0.62,0,0,0.0,0,0,1,0,4,4,0.79,34,86,0,3
10,6,2.04,1,1,0.18,3,0,2,0,22,5,4.36,197,53,0,0
5,2,1.02,2,2,0.4,1,3,3,0,22,15,4.47,260,32,0,0
6,5,1.23,1,1,0.24,2,0,0,12,19,6,3.87,155,100,1,2
0,0,0.0,1,0,0.25,0,0,1,5,9,2,1.72,80,180,0,3
0,0,0.0,0,0,0.0,2,0,7,9,21,14,4.12,423,26,1,1
4,2,0.8,0,0,0.0,1,1,5,15,24,18,4.83,441,44,0,0
8,2,1.6,1,1,0.17,0,3,0,5,20,10,3.95,183,109,0,2
0,0,0.0,2,0,0.45,2,3,0,3,3,3,0.63,46,179,0,3
6,3,1.12,4,2,0.76,0,0,4,3,24,10,4.76,357,177,0,0
3,2,0.63,0,0,0.0,0,0,12,2,13,10,2.53,182,189,0,2
11,8,2.23,0,0,0.0,2,2,4,4,15,6,3.05,160,109,0,0
5,2,1.0,0,0,0.0,1,0,2,0,14,13,2.75,267,75,1,2
4,0,0.82,3,3,0.57,3,3,0,2,27,15,5.36,256,101,1,1
8,3,1.63,2,0,0.38,0,0,0,4,22,12,4.32,189,52,1,0
4,4,0.82,0,0,0.0,1,1,4,7,17,12,3.32,304,100,0,2
4,4,0.83,1,0,0.18,2,0,2,3,25,13,4.97,222,105,0,0
0,0,0.0,9,6,1.8,0,3,12,7,16,14,3.13,128,63,1,1
11,11,2.28,1,1,0.17,1,0,0,3,12,6,2.46,58,134,0,0
1,1,0.22,2,2,0.45,2,0,10,4,7,6,1.43,68,91,0,1
3,3,0.65,3,2,0.65,0,1,1,0,25,15,5.01,255,29,0,0
0,0,0.0,1,0,0.24,3,0,2,0,7,4,1.38,40,112,0,3
4,2,0.75,2,1,0.38,0,0,4,5,23,10,4.56,154,156,0,2
2,2,0.37,2,1,0.37,0,0,0,1,4,4,0.82,25,161,0,3
5,1,0.97,0,0,0.0,2,3,4,8,25,11,4.83,227,113,1,2
7,2,1.46,0,0,0.0,1,0,9,7,9,7,1.77,73,214,0,2
0,0,0.0,1,1,0.18,2,0,5,8,17,4,3.29,61,53,0,1
2,1,0.34,2,0,0.44,2,3,0,1,0,0,0.0,32,151,1,3
0,0,0.0,1,1,0.16,2,3,0,0,4,3,0.74,25,127,0,3
2,2,0.49,3,1,0.59,2,2,11,12,25,18,4.96,360,116,1,0
1,1,0.16,4,4,0.78,1,2,0,1,22,7,4.33,281,87,0,1
5,5,1.07,7,3,1.36,2,3,3,2,22,10,4.44,136,27,1,0
6,3,1.24,3,3,0.51,2,0,5,2,19,17,3.89,496,101,1,0
5,0,0.98,3,2,0.53,1,2,7,11,27,15,5.41,239,52,0,0
8,2,1.53,7,5,1.46,2,0,7,8,23,12,4.62,277,33,1,0
10,10,1.98,3,3,0.56,2,0,2,8,15,6,2.98,72,107,1,0
1,1,0.16,3,3,0.63,0,0,0,3,20,10,3.94,154,32,0,1
0,0,0.0,0,0,0.0,2,2,1,0,7,1,1.29,64,102,1,3
4,3,0.8,6,2,1.18,2,3,4,8,22,11,4.38,373,89,0,0
6,5,1.22,1,0,0.18,2,2,2,1,20,16,3.96,340,110,0,0
7,6,1.42,6,0,1.2,2,1,1,8,24,9,4.78,371,89,1,0
0,0,0.0,0,0,0.0,0,1,0,2,9,6,1.75,112,87,1,3
2,1,0.4,1,1,0.14,2,2,8,1,10,6,1.91,107,166,0,3
4,4,0.85,2,2,0.4,1,1,9,1,10,7,1.93,96,156,0,2
1,1,0.2,4,2,0.82,1,1,2,0,7,2,1.47,60,180,0,3
0,0,0.0,3,1,0.64,0,0,9,1,13,6,2.68,133,186,0,3
15,7,3.03,9,3,1.85,4,1,0,7,16,12,3.1,229,108,0,0
0,0,0.0,7,5,1.39,1,0,9,11,19,6,3.74,184,14,0,1
3,0,0.49,0,0,0.0,2,1,5,2,23,12,4.48,183,100,1,1
4,3,0.81,2,0,0.42,1,3,5,7,17,8,3.38,227,134,0,2
3,3,0.65,1,0,0.19,0,0,0,2,17,12,3.38,264,75,0,2
5,3,1.09,2,2,0.46,0,0,5,3,8,8,1.58,93,159,0,2
3,1,0.61,5,1,1.01,0,3,3,4,20,11,3.95,152,154,1,1
2,0,0.44,2,0,0.46,2,3,4,2,14,9,2.79,271,104,0,1
4,4,0.87,4,0,0.77,0,0,3,1,23,13,4.6,140,121,0,0
3,0,0.6,1,0,0.26,2,0,1,3,1,0,0.23,38,83,0,3
1,1,0.17,1,1,0.21,0,0,2,6,6,2,1.25,71,118,1,3
2,2,0.36,1,0,0.22,0,1,5,5,17,9,3.36,121,20,0,1
4,2,0.79,5,4,0.91,0,3,8,6,19,12,3.75,226,52,1,1
7,5,1.47,6,5,1.26,0,0,3,7,22,14,4.42,166,52,0,0
4,2,0.85,0,0,0.0,2,2,3,2,0,0,0.0,1,171,0,3
1,0,0.19,2,2,0.42,2,3,4,4,22,12,4.36,201,95,1,1
5,1,1.06,2,2,0.38,0,1,3,1,5,5,0.97,83,188,0,2
7,7,1.42,0,0,0.0,0,0,2,13,19,10,3.86,154,101,0,0
6,5,1.19,2,0,0.41,0,3,1,4,3,2,0.63,19,115,0,2
2,0,0.41,7,5,1.41,2,2,3,13,26,10,5.11,137,79,1,1
4,4,0.82,5,5,1.09,2,0,11,11,13,8,2.58,202,101,0,0
7,4,1.41,4,3,0.68,0,1,0,9,20,6,4.0,225,85,1,0
1,1,0.29,1,0,0.18,2,3,5,5,2,1,0.34,2,159,1,3
15,6,2.99,2,0,0.39,0,0,6,1,20,5,3.99,195,132,1,0
1,1,0.13,0,0,0.0,0,0,6,1,16,10,3.17,260,47,0,1
3,1,0.62,10,7,2.02,1,0,0,7,19,8,3.71,182,33,1,1
11,7,2.19,1,1,0.13,0,3,2,2,10,3,1.92,72,208,0,0
4,0,0.73,8,6,1.54,0,0,0,0,18,7,3.65,183,54,0,1
3,3,0.63,10,2,2.02,3,0,5,14,25,10,4.93,140,79,0,1
0,0,0.0,0,0,0.0,0,0,2,1,1,0,0.25,60,120,0,3
4,1,0.81,6,3,1.23,1,3,3,1,22,7,4.41,234,44,1,1
0,0,0.0,9,6,1.77,3,0,5,6,14,7,2.75,161,14,0,1
1,1,0.2,3,3,0.56,2,2,9,4,19,13,3.8,286,35,0,1
5,3,1.03,0,0,0.0,0,0,1,5,10,5,2.0,89,112,1,2
8,3,1.64,6,1,1.15,1,2,7,9,17,15,3.42,156,131,1,0
1,0,0.24,5,3,0.98,0,2,14,13,18,15,3.59,358,17,0,1
10,3,1.95,0,0,0.0,2,0,2,3,2,1,0.38,21,116,1,2
0,0,0.0,0,0,0.0,0,0,4,5,2,2,0.46,24,196,1,3
5,3,0.96,9,4,1.71,3,0,6,0,15,7,3.02,176,75,1,1
0,0,0.0,1,0,0.16,0,1,4,3,0,0,0.0,0,162,0,3
2,1,0.39,2,2,0.46,1,2,1,2,18,14,3.57,232,30,0,1
0,0,0.0,2,0,0.34,2,0,2,9,15,5,3.05,92,94,0,1
1,0,0.15,6,3,1.17,0,2,2,0,20,11,4.05,370,31,1,1
0,0,0.0,2,2,0.46,0,0,4,9,14,6,2.77,179,23,1,1
1,1,0.23,3,3,0.6,2,1,0,2,9,6,1.81,128,170,1,3
1,1,0.16,2,2,0.31,0,0,2,5,2,2,0.42,39,154,0,3
16,5,3.19,5,2,1.03,2,0,0,2,24,8,4.71,247,92,0,0
6,1,1.19,1,1,0.26,0,0,9,0,6,1,1.22,26,174,0,2
5,4,0.99,1,0,0.2,2,1,6,3,16,5,3.07,165,163,1,2
5,1,1.0,3,3,0.57,0,0,2,5,1,0,0.24,1,117,1,3
8,3,1.61,1,0,0.11,0,3,1,11,5,4,1.02,31,186,0,2
4,0,0.86,11,6,2.18,3,3,1,3,19,8,3.62,179,35,0,1
0,0,0.0,1,1,0.14,0,3,2,7,5,1,0.95,86,191,1,3
5,3,0.97,6,1,1.2,0,3,4,4,20,6,3.89,175,48,0,0
3,3,0.6,0,0,0.0,0,3,3,3,9,5,1.74,88,103,1,2
3,3,0.55,5,2,0.95,0,0,9,13,23,14,4.58,280,70,1,0
6,3,1.16,1,1,0.23,0,0,4,6,20,12,4.06,262,106,0,0
0,0,0.0,0,0,0.0,1,1,6,1,3,3,0.62,23,199,1,3
1,1,0.04,0,0,0.0,0,1,4,5,5,4,0.97,67,115,0,3
1,0,0.19,0,0,0.0,0,3,0,0,1,0,0.23,1,186,1,3
7,7,1.45,10,7,2.01,1,0,1,16,20,13,4.01,268,75,0,0
4,2,0.82,0,0,0.0,1,2,5,5,4,4,0.87,121,147,0,2
16,8,3.24,6,4,1.18,1,1,0,0,27,10,5.41,247,89,1,0
2,1,0.42,0,0,0.0,1,3,1,9,17,4,3.38,178,27,0,1
0,0,0.0,8,0,1.57,0,2,0,9,26,19,5.09,516,18,1,1
6,4,1.14,8,1,1.62,0,0,3,12,21,13,4.24,266,141,0,0
1,1,0.21,0,0,0.0,0,0,4,13,16,10,3.17,100,82,1,1
3,0,0.64,0,0,0.0,0,3,6,5,5,4,0.95,57,142,1,3
9,7,1.78,3,3,0.57,0,3,5,19,21,11,4.07,344,98,0,0
0,0,0.0,3,0,0.61,0,3,0,0,20,14,3.92,151,32,0,1
0,0,0.0,2,0,0.49,1,2,9,5,24,12,4.79,109,50,0,1
0,0,0.0,0,0,0.0,1,0,10,1,19,11,3.76,260,172,1,1
2,2,0.42,6,3,1.14,1,1,5,0,15,6,3.03,88,117,1,1
1,1,0.23,0,0,0.0,0,3,3,4,21,7,4.25,233,66,0,1
16,12,3.28,1,0,0.16,0,0,1,12,17,4,3.27,181,55,1,0
4,4,0.79,4,3,0.76,0,1,4,12,13,8,2.53,109,121,0,2
0,0,0.0,6,3,1.25,2,1,9,6,16,9,3.19,263,180,0,1
2,0,0.41,1,1,0.18,0,2,0,0,21,10,4.25,123,29,0,1
5,4,0.97,1,1,0.22,0,2,2,6,20,14,3.93,156,35,0,0
3,3,0.58,1,1,0.22,2,1,6,5,25,14,4.98,429,56,0,0
4,4,0.69,9,3,1.82,0,0,2,0,14,6,2.73,213,53,0,1
0,0,0.0,1,0,0.27,1,0,0,8,7,3,1.39,61,127,1,3
6,4,1.28,3,1,0.59,2,2,5,1,1,0,0.21,25,172,0,2
1,0,0.19,2,0,0.4,0,3,3,0,19,11,3.76,240,139,0,1
3,2,0.64,0,0,0.0,1,0,10,9,19,13,3.86,204,35,1,2
0,0,0.0,4,3,0.84,1,0,9,3,7,4,1.45,160,171,0,3
7,5,1.42,1,0,0.21,0,2,3,8,17,13,3.36,197,52,0,0
4,1,0.9,2,0,0.46,0,0,2,2,9,5,1.78,78,179,1,3
2,0,0.38,0,0,0.0,1,0,1,6,11,6,2.23,170,93,0,1
12,9,2.38,7,5,1.49,1,1,6,0,17,7,3.38,79,46,1,0
2,2,0.45,11,10,2.19,2,2,0,12,23,11,4.57,352,11,0,1
3,3,0.6,0,0,0.0,0,0,0,5,4,3,0.76,91,211,1,2
0,0,0.0,3,3,0.6,1,3,3,2,11,5,2.22,67,90,0,1
7,5,1.45,0,0,0.0,0,0,2,2,2,2,0.37,1,184,0,2
12,9,2.41,1,0,0.1,0,0,1,5,19,11,3.74,201,31,1,0
6,3,1.19,2,2,0.41,2,1,7,5,16,7,3.19,307,175,0,2
0,0,0.0,2,2,0.32,0,2,0,0,4,2,0.8,84,144,0,3
5,2,0.96,1,0,0.22,2,3,2,4,18,14,3.58,219,39,1,2
7,2,1.32,4,1,0.86,1,0,2,2,22,4,4.28,62,68,0,2
3,1,0.66,0,0,0.0,0,0,1,10,19,8,3.79,113,52,0,1
0,0,0.0,6,6,1.22,1,0,4,9,16,13,3.08,109,35,1,1
0,0,0.0,0,0,0.0,2,0,0,1,0,0,0.0,0,185,0,3
3,0,0.69,5,5,1.05,2,2,3,5,17,6,3.35,186,61,0,1
1,0,0.2,2,0,0.4,1,2,7,2,18,6,3.59,127,182,0,1
7,3,1.4,6,5,1.14,1,1,8,6,26,17,5.14,422,98,0,0
11,6,2.12,2,0,0.31,2,3,2,9,18,11,3.59,338,69,0,0
4,1,0.83,4,2,0.78,2,2,4,2,12,7,2.32,127,98,1,1
2,0,0.37,0,0,0.0,0,1,0,13,20,8,4.07,184,61,1,1
6,3,1.17,7,4,1.4,0,0,12,7,20,12,3.94,367,37,1,0
11,4,2.22,3,0,0.61,2,1,2,0,24,14,4.81,423,51,1,0
0,0,0.0,8,3,1.57,3,1,10,6,17,12,3.32,126,62,0,1
2,0,0.35,7,2,1.44,0,1,4,3,24,9,4.75,227,95,0,1
4,3,0.73,0,0,0.0,0,2,6,5,23,15,4.53,206,76,0,0
0,0,0.0,0,0,0.0,0,0,6,0,18,9,3.55,324,17,1,1
4,4,0.8,0,0,0.0,0,0,5,8,18,12,3.6,124,74,0,2
1,1,0.33,1,0,0.27,0,3,4,12,18,9,3.6,258,62,0,1
0,0,0.0,5,5,0.91,2,3,3,6,4,4,0.82,46,136,1,3
1,1,0.21,0,0,0.0,2,3,1,1,30,22,5.92,679,43,1,1
5,1,0.92,4,3,0.81,0,3,2,0,6,4,1.2,64,148,1,3
0,0,0.0,11,8,2.17,3,0,3,1,23,14,4.53,435,11,0,1
4,3,0.78,0,0,0.0,2,0,6,2,0,0,0.0,0,116,0,3
2,1,0.43,2,1,0.46,0,3,6,17,24,16,4.72,535,60,1,0
0,0,0.0,2,0,0.5,0,3,2,2,3,1,0.57,10,101,0,3
0,0,0.0,2,2,0.38,2,0,0,4,4,2,0.8,21,134,1,3
0,0,0.0,4,1,0.8,0,1,0,0,19,6,3.73,180,92,1,1
16,7,3.25,8,5,1.63,2,0,3,1,17,9,3.41,230,110,0,0
0,0,0.0,0,0,0.0,0,2,5,12,18,9,3.63,262,65,0,1
2,0,0.41,3,0,0.6,2,2,2,6,19,12,3.73,271,25,0,1
0,0,0.0,1,1,0.28,0,2,4,13,20,11,3.94,154,43,0,1
10,4,2.01,0,0,0.0,1,1,2,6,15,9,3.04,158,113,0,0
5,4,1.0,3,0,0.54,0,1,2,3,2,1,0.4,0,112,1,2
2,1,0.37,0,0,0.0,0,0,11,3,23,10,4.56,110,50,0,1
3,1,0.62,2,0,0.38,1,1,2,6,9,4,1.75,66,153,0,3
0,0,0.0,5,1,0.98,0,3,4,0,15,12,2.96,313,86,0,1
5,4,1.02,1,1,0.25,0,0,7,4,14,5,2.78,227,137,0,2
11,4,2.26,8,3,1.6,3,0,1,17,19,7,3.81,175,107,1,0
5,5,1.05,1,1,0.25,0,2,6,2,26,13,5.17,192,31,1,0
11,2,2.13,4,3,0.81,2,1,0,2,19,11,3.73,357,60,1,0
0,0,0.0,6,1,1.19,0,3,4,1,23,7,4.55,162,80,0,1
6,1,1.21,5,4,1.02,0,0,11,3,22,10,4.32,365,36,0,0
4,2,0.75,4,1,0.69,1,3,0,8,11,8,2.18,89,54,0,1
0,0,0.0,0,0,0.0,2,3,5,5,19,9,3.89,248,85,0,1
8,5,1.55,7,1,1.39,1,0,0,5,21,8,4.3,282,56,0,0
0,0,0.0,3,1,0.53,2,1,6,2,7,3,1.41,115,120,0,3
4,1,0.75,2,1,0.47,1,0,6,3,22,10,4.29,82,90,0,1
3,3,0.62,6,4,1.19,3,1,5,10,24,14,4.82,345,29,0,0
0,0,0.0,7,4,1.42,1,1,1,6,7,0,1.42,42,136,0,3
0,0,0.0,9,4,1.84,0,3,6,3,13,6,2.72,68,30,1,1
0,0,0.0,1,0,0.16,2,0,1,6,17,11,3.38,298,62,0,1
1,1,0.14,0,0,0.0,0,0,8,9,9,3,1.77,68,164,0,3
0,0,0.0,1,1,0.12,0,0,2,6,17,4,3.33,182,68,1,1
5,1,1.06,3,0,0.63,2,2,3,6,18,9,3.62,351,48,1,0
8,4,1.65,2,2,0.37,0,3,5,5,23,13,4.56,157,109,0,0
3,3,0.64,3,3,0.59,0,1,6,9,21,14,4.16,298,82,0,0
1,1,0.27,2,0,0.46,2,0,0,0,3,3,0.57,68,195,1,3
0,0,0.0,5,4,1.09,1,0,2,11,19,15,3.89,424,95,1,1
0,0,0.0,3,2,0.56,0,0,3,5,20,7,3.95,241,37,1,1
0,0,0.0,0,0,0.0,1,1,2,2,1,1,0.23,0,85,0,3
2,0,0.45,4,4,0.83,1,0,8,8,23,8,4.59,183,14,0,1
2,0,0.31,2,1,0.43,3,3,7,10,16,5,3.07,113,100,0,1
16,13,3.17,0,0,0.0,2,0,6,6,18,9,3.69,177,127,0,0
4,3,0.88,0,0,0.0,0,3,3,2,10,6,1.89,82,172,0,2
12,3,2.39,7,5,1.4,3,0,6,12,20,14,3.93,399,177,1,0
1,0,0.14,0,0,0.0,0,3,0,6,22,7,4.35,233,66,1,1
0,0,0.0,1,0,0.23,2,3,6,12,19,15,3.74,421,11,1,1
11,8,2.19,0,0,0.0,0,3,6,12,20,8,3.96,204,101,1,0
0,0,0.0,3,3,0.59,2,3,0,0,10,6,1.95,175,171,1,3
1,0,0.24,0,0,0.0,0,0,1,7,24,8,4.84,81,21,0,1
0,0,0.0,2,2,0.39,0,0,1,1,0,0,0.0,30,185,1,3
11,3,2.19,5,0,1.08,1,2,2,2,24,8,4.74,286,137,0,0
2,2,0.42,0,0,0.0,1,3,0,5,3,2,0.55,38,148,0,3
6,1,1.19,4,3,0.85,1,0,2,0,25,12,4.94,252,30,0,0
2,2,0.45,0,0,0.0,1,3,10,8,19,17,3.73,154,84,0,1
0,0,0.0,1,0,0.16,0,1,6,10,22,9,4.31,151,82,0,1
2,2,0.39,3,1,0.62,1,0,4,5,15,8,3.03,241,129,0,1
6,3,1.18,0,0,0.0,0,0,3,4,8,6,1.57,110,150,0,2
1,0,0.22,0,0,0.0,0,0,10,2,2,2,0.42,23,151,0,3
6,1,1.14,0,0,0.0,0,0,11,2,10,5,1.99,101,200,0,2
1,1,0.27,2,1,0.39,1,2,8,8,11,9,2.26,223,163,0,1
7,7,1.36,0,0,0.0,0,0,8,3,15,11,3.03,172,93,0,0
3,3,0.65,2,2,0.36,2,1,10,0,4,0,0.81,15,168,0,3
14,7,2.83,3,3,0.6,1,2,7,6,24,13,4.88,232,160,1,0
8,4,1.61,2,0,0.44,0,3,7,3,8,5,1.55,81,108,1,2
0,0,0.0,13,8,2.55,2,1,4,7,24,14,4.76,468,59,0,1
13,7,2.51,0,0,0.0,0,1,2,11,18,13,3.61,315,86,0,0
2,0,0.37,6,2,1.25,1,3,0,2,15,7,3.02,139,104,1,1
0,0,0.0,7,6,1.35,0,0,0,4,24,15,4.73,442,69,1,1
8,8,1.61,9,4,1.67,1,0,1,8,18,9,3.58,376,93,0,0
0,0,0.0,4,1,0.85,0,3,4,3,0,0,0.0,0,127,0,3
12,4,2.3,7,6,1.39,0,0,5,9,17,7,3.5,214,117,0,0
1,0,0.19,6,3,1.2,0,0,5,7,16,6,3.21,243,81,1,1
11,6,2.18,6,2,1.3,0,1,0,6,17,12,3.43,224,157,0,0
0,0,0.0,3,3,0.62,0,1,3,0,4,4,0.78,58,176,0,3
3,3,0.63,3,2,0.62,0,2,6,0,3,0,0.56,30,112,0,3
5,4,0.98,2,2,0.4,0,0,1,0,19,12,3.76,356,66,0,0
11,8,2.16,5,1,0.99,0,1,2,0,16,3,3.21,151,56,1,0
15,10,2.93,2,2,0.4,1,3,5,5,22,11,4.45,218,104,1,0
0,0,0.0,1,1,0.19,0,2,2,0,7,4,1.32,94,201,1,3
0,0,0.0,0,0,0.0,1,2,6,5,19,7,3.88,158,77,0,1
0,0,0.0,3,1,0.55,0,0,8,2,20,13,4.02,220,100,0,1
0,0,0.0,8,3,1.6,4,1,6,5,21,16,4.22,153,56,1,1
8,2,1.57,0,0,0.0,0,0,8,0,1,1,0.25,26,170,0,2
5,1,0.92,1,1,0.13,0,1,5,10,15,9,2.96,224,95,0,2
0,0,0.0,6,2,1.17,0,1,6,0,7,6,1.38,75,197,0,3
0,0,0.0,5,1,0.97,0,2,0,0,8,6,1.62,130,173,1,3
0,0,0.0,2,2,0.43,3,3,0,0,7,5,1.38,41,113,0,3
0,0,0.0,5,4,1.0,0,0,1,3,18,10,3.59,131,67,1,1
0,0,0.0,0,0,0.0,1,1,10,3,0,0,0.0,27,190,0,3
0,0,0.0,6,4,1.26,0,1,11,0,18,11,3.62,185,25,0,1
6,5,1.2,4,3,0.75,1,1,3,5,19,16,3.77,165,49,1,0
6,4,1.23,1,1,0.17,0,0,7,10,23,11,4.55,217,86,1,0
0,0,0.0,4,2,0.74,3,0,6,8,18,9,3.54,140,61,0,1
3,1,0.64,0,0,0.0,0,3,0,0,2,1,0.36,0,160,1,3
1,0,0.19,5,1,1.0,2,1,0,5,14,4,2.72,138,174,0,1
8,6,1.61,2,1,0.36,1,1,5,4,18,13,3.6,252,29,1,0
3,1,0.56,2,1,0.42,2,3,0,0,12,7,2.36,290,165,1,1
4,3,0.85,4,2,0.88,0,0,0,3,20,10,3.97,357,66,1,0
0,0,0.0,5,4,0.89,0,3,1,10,17,6,3.44,92,93,0,1
11,9,2.17,5,3,1.03,1,0,6,7,24,10,4.76,262,40,0,0
2,1,0.38,1,1,0.29,2,1,0,7,5,4,0.99,63,127,0,3
7,3,1.36,2,0,0.48,0,1,0,5,1,1,0.2,0,206,1,2
8,3,1.63,0,0,0.0,0,2,1,1,18,9,3.59,331,78,0,0
7,6,1.41,4,0,0.8,0,0,9,4,14,7,2.76,69,177,1,2
4,4,0.75,5,1,1.01,0,1,0,6,16,5,3.22,119,89,1,2
0,0,0.0,0,0,0.0,1,0,9,3,15,4,2.99,129,95,0,3
7,5,1.41,1,0,0.25,0,0,2,5,15,8,2.95,194,66,1,2
2,0,0.41,6,5,1.12,0,0,1,0,23,13,4.55,373,70,0,1
0,0,0.0,8,2,1.63,1,1,4,9,25,16,5.03,519,19,1,1
3,3,0.6,4,4,0.8,0,1,9,3,23,13,4.54,240,93,1,0
2,1,0.43,0,0,0.0,0,0,0,3,31,21,6.18,676,39,0,0
11,7,2.18,3,2,0.66,0,0,3,0,5,2,1.02,124,141,0,2
6,6,1.15,3,3,0.61,1,0,1,0,22,9,4.32,225,63,1,0
3,0,0.67,0,0,0.0,0,2,11,3,18,9,3.51,212,50,1,1
4,3,0.83,2,0,0.45,2,1,0,0,27,15,5.35,255,99,1,0
7,4,1.38,0,0,0.0,0,1,0,2,24,14,4.81,337,74,0,0
10,4,2.0,2,1,0.35,0,3,7,5,23,15,4.5,268,76,0,0
1,0,0.18,5,0,1.0,3,1,5,14,24,10,4.73,296,23,0,1
0,0,0.0,6,3,1.17,1,3,1,1,2,0,0.43,14,102,0,3
2,2,0.43,0,0,0.0,2,1,1,12,13,6,2.53,95,29,1,1
2,1,0.48,2,0,0.38,1,1,0,4,11,8,2.24,113,50,0,1
2,0,0.45,3,3,0.6,0,1,2,3,8,6,1.72,142,157,1,3
6,2,1.21,7,0,1.47,3,0,5,16,20,12,3.93,238,117,0,0
10,10,1.98,2,0,0.34,0,2,0,5,18,10,3.65,201,35,1,0
2,1,0.27,4,2,0.78,0,3,3,10,14,7,2.8,114,44,0,1
1,1,0.28,1,0,0.24,0,0,5,1,20,12,3.94,338,15,0,1
2,0,0.37,5,3,1.0,0,0,3,2,19,8,3.86,181,92,0,1
1,0,0.24,0,0,0.0,0,1,3,0,22,15,4.39,338,14,0,1
3,3,0.65,1,1,0.2,1,1,7,2,21,11,4.23,300,32,1,0
9,3,1.85,2,0,0.32,0,2,8,8,23,9,4.69,100,87,1,0
6,4,1.13,6,2,1.25,0,0,10,0,3,1,0.59,26,152,0,2
12,7,2.45,5,3,1.01,0,0,3,0,7,2,1.42,68,207,0,0
1,1,0.18,2,2,0.51,1,1,1,9,21,9,4.12,184,62,0,1
1,0,0.2,5,0,0.94,1,1,2,1,22,9,4.35,183,94,1,1
0,0,0.0,0,0,0.0,2,1,2,9,17,9,3.37,301,63,1,1
0,0,0.0,1,1,0.21,2,1,3,5,16,13,3.19,146,13,0,1
0,0,0.0,3,2,0.67,1,2,4,9,3,0,0.49,16,191,1,3
14,9,2.81,6,4,1.18,0,0,6,2,20,12,4.05,245,86,0,0
3,3,0.55,0,0,0.0,2,0,6,3,7,4,1.42,159,170,1,2
7,3,1.32,0,0,0.0,1,1,2,1,22,9,4.4,252,128,0,2
12,8,2.44,4,1,0.77,0,2,4,0,21,15,4.28,395,82,1,0
6,4,1.21,2,1,0.42,2,0,5,6,16,12,3.26,258,103,0,0
6,4,1.11,1,0,0.2,0,0,2,5,18,5,3.57,191,39,0,2
2,1,0.42,0,0,0.0,0,2,2,4,6,4,1.16,69,173,0,3
10,5,1.99,0,0,0.0,2,0,7,6,20,11,4.01,198,47,1,0
3,3,0.53,6,5,1.22,2,3,3,6,23,6,4.65,92,124,1,1
8,6,1.57,3,0,0.66,0,3,1,9,18,6,3.57,95,95,1,0
4,0,0.82,3,3,0.58,3,2,8,5,19,12,3.82,337,29,1,1
4,3,0.75,3,1,0.53,2,2,7,1,10,5,2.07,110,146,1,2
6,2,1.15,3,3,0.55,2,2,2,8,23,12,4.62,187,79,0,0
6,3,1.17,4,4,0.8,3,0,5,9,22,11,4.29,222,80,0,0
6,5,1.15,10,7,2.02,2,1,10,6,22,9,4.31,157,106,0,0
0,0,0.0,1,0,0.23,1,2,2,1,5,5,1.09,58,176,0,3
9,6,1.74,2,0,0.37,0,2,3,10,21,15,4.18,281,40,0,0
10,5,2.02,3,3,0.64,2,3,5,3,18,10,3.59,196,67,1,0
0,0,0.0,0,0,0.0,1,3,3,3,2,2,0.43,67,120,0,3
2,0,0.45,2,0,0.37,0,0,6,1,0,0,0.0,34,196,0,3
2,2,0.51,1,0,0.22,0,2,3,9,18,9,3.54,234,77,1,1
2,0,0.39,2,2,0.45,0,2,0,0,4,3,0.77,23,161,1,3
3,3,0.7,0,0,0.0,0,3,2,3,23,8,4.52,125,25,0,2
12,7,2.43,5,2,1.05,0,0,1,4,22,10,4.27,228,124,0,0
3,3,0.61,2,0,0.41,0,2,2,0,5,4,1.01,154,87,0,1
0,0,0.0,14,4,2.79,1,1,0,0,14,7,2.74,148,57,0,1
5,2,0.9,4,4,0.71,2,1,4,7,21,10,4.22,275,35,1,0
4,3,0.78,6,4,1.19,0,0,6,0,15,7,2.95,83,124,1,1
0,0,0.0,3,0,0.54,3,3,7,1,19,10,3.71,263,67,0,1
9,8,1.84,1,0,0.23,0,2,5,9,20,7,4.03,157,71,0,0
0,0,0.0,5,2,0.93,0,1,3,1,12,5,2.41,77,169,1,3
0,0,0.0,8,4,1.59,0,0,4,5,9,4,1.78,82,174,1,1
3,3,0.61,2,1,0.34,2,2,5,1,18,13,3.57,345,74,1,1
0,0,0.0,1,0,0.2,2,3,17,8,21,5,4.2,151,96,1,1
8,2,1.61,2,2,0.39,0,0,0,2,15,8,3.07,107,109,0,2
5,3,1.06,3,3,0.51,2,3,14,1,20,16,4.0,298,98,0,0
6,4,1.32,3,2,0.62,1,1,0,11,18,10,3.6,174,37,0,0
6,6,1.27,4,2,0.79,1,3,8,7,21,15,4.15,312,50,0,0
8,6,1.57,4,4,0.8,2,2,7,11,23,8,4.56,183,29,0,0
4,2,0.84,1,1,0.18,2,0,4,3,0,0,0.0,0,168,0,3
8,4,1.57,1,1,0.16,0,1,7,5,19,10,3.73,167,43,0,0
11,9,2.19,1,1,0.24,0,0,0,4,13,4,2.53,57,137,1,0
11,8,2.28,5,5,1.05,0,0,9,10,15,7,2.93,140,198,0,0
7,6,1.35,4,2,0.85,0,2,2,1,3,3,0.58,51,157,1,2
1,0,0.18,0,0,0.0,0,0,6,0,21,9,4.16,316,100,0,1
0,0,0.0,4,4,0.87,0,3,4,3,4,3,0.74,52,134,1,3
0,0,0.0,1,0,0.23,1,2,1,6,11,9,2.25,140,161,0,3
0,0,0.0,6,1,1.26,0,3,7,1,17,8,3.41,143,86,0,1
8,2,1.53,0,0,0.0,2,2,9,3,22,16,4.38,207,78,0,0
0,0,0.0,5,2,1.02,0,1,4,2,27,15,5.4,404,41,0,1
4,1,0.8,0,0,0.0,2,0,0,1,15,9,2.9,310,129,0,1
1,1,0.18,5,1,0.96,2,1,5,13,20,13,3.89,154,41,1,1
0,0,0.0,4,2,0.77,0,2,4,6,17,10,3.44,334,70,0,1
0,0,0.0,3,1,0.59,2,3,6,8,24,6,4.89,151,82,1,1
2,2,0.38,1,1,0.15,0,0,1,5,11,4,2.19,113,178,1,3
4,3,0.77,2,2,0.31,0,1,3,2,10,5,2.1,127,101,1,2
3,3,0.61,3,1,0.52,2,1,3,4,10,5,1.99,133,142,1,1
4,4,0.81,6,0,1.2,1,1,0,23,17,11,3.34,206,54,0,0
8,3,1.65,2,0,0.39,0,0,5,2,5,1,1.04,25,149,0,2
4,1,0.9,6,6,1.23,2,1,0,7,17,12,3.27,139,106,0,1
6,6,1.09,0,0,0.0,0,3,0,7,4,4,0.77,28,186,0,2
0,0,0.0,5,1,1.06,0,3,2,5,16,9,3.14,284,59,1,1
3,3,0.61,3,2,0.57,0,1,6,4,9,4,1.73,58,142,1,1
2,0,0.46,1,0,0.22,0,3,4,5,8,2,1.57,87,94,0,3
4,4,0.77,0,0,0.0,0,3,2,0,12,7,2.4,77,168,0,2
0,0,0.0,5,2,1.0,2,2,5,2,19,13,3.84,372,32,0,1
5,1,0.94,3,0,0.65,2,1,0,3,17,9,3.43,108,109,0,1
12,9,2.45,0,0,0.0,0,1,8,2,26,7,5.09,90,46,0,0
4,2,0.81,4,0,0.84,0,0,0,3,20,14,4.09,394,83,0,0
0,0,0.0,3,3,0.57,2,1,6,4,9,5,1.85,64,85,0,1
0,0,0.0,3,3,0.59,0,1,13,0,0,0,0.0,2,119,1,3
2,1,0.37,3,2,0.49,0,0,4,7,15,3,3.05,49,40,0,1
10,2,2.04,9,5,1.8,4,3,3,1,22,7,4.33,164,121,0,0
3,2,0.58,6,4,1.13,2,0,0,1,8,7,1.63,234,86,1,1
0,0,0.0,0,0,0.0,0,0,2,4,8,5,1.49,68,152,1,3
7,6,1.43,7,1,1.42,2,1,9,3,27,12,5.35,236,79,1,0
5,0,1.01,1,1,0.18,0,2,5,5,17,10,3.45,164,71,1,1
0,0,0.0,4,4,0.84,2,0,1,2,3,1,0.57,17,170,0,3
2,2,0.42,0,0,0.0,2,0,7,2,11,6,2.17,99,138,0,1
0,0,0.0,1,1,0.18,0,0,7,0,6,4,1.16,38,167,0,3
2,0,0.4,2,1,0.38,1,0,3,5,14,6,2.77,254,175,1,1
6,3,1.28,0,0,0.0,2,0,1,4,8,4,1.54,82,168,0,2
1,0,0.26,0,0,0.0,1,1,3,9,21,11,4.25,289,174,0,1
7,3,1.37,0,0,0.0,0,0,2,7,25,11,4.91,279,80,1,0
5,5,1.01,0,0,0.0,0,0,9,4,24,17,4.79,475,155,0,0
7,5,1.37,1,1,0.23,0,2,5,7,19,12,3.82,255,31,0,0
6,1,1.21,4,4,0.81,0,1,10,1,24,10,4.73,145,120,0,0
6,5,1.15,0,0,0.0,1,1,0,4,6,1,1.12,49,203,0,2
2,2,0.37,0,0,0.0,1,0,7,11,23,18,4.54,517,104,0,0
3,2,0.69,0,0,0.0,0,0,4,4,5,3,0.97,64,151,0,3
0,0,0.0,5,4,0.95,1,3,0,6,9,6,1.83,143,158,1,1
16,6,3.18,8,3,1.62,1,0,0,9,19,10,3.77,229,104,0,0
8,3,1.49,5,3,1.03,0,3,4,2,19,7,3.78,61,66,0,0
3,3,0.61,5,5,1.0,2,1,6,7,22,10,4.3,88,122,0,1
7,3,1.51,2,1,0.43,1,1,2,0,3,3,0.59,65,128,0,2
0,0,0.0,5,1,1.04,0,3,7,0,18,11,3.65,218,66,0,1
1,0,0.18,3,1,0.48,2,3,0,3,20,6,4.03,183,90,0,1
2,0,0.4,2,1,0.42,2,1,4,0,20,13,3.95,370,52,1,1
2,0,0.37,0,0,0.0,0,0,3,1,4,3,0.84,46,100,0,3
10,5,2.11,2,1,0.39,2,1,14,6,16,5,3.17,157,131,1,0
10,7,2.05,0,0,0.0,1,1,0,1,6,6,1.22,114,91,1,2
0,0,0.0,3,2,0.62,2,3,0,11,27,16,5.35,182,61,1,1
2,2,0.51,1,1,0.2,0,1,3,9,4,2,0.75,20,176,1,3
11,5,2.29,8,3,1.61,2,0,0,6,21,8,4.12,281,57,1,0
3,0,0.6,1,0,0.12,0,2,10,7,18,6,3.6,76,38,1,1
5,4,0.99,4,0,0.88,0,0,0,1,25,13,4.84,275,107,0,0
8,5,1.59,5,1,0.98,1,1,4,8,25,12,5.02,331,45,1,0
0,0,0.0,7,5,1.34,0,1,3,5,13,10,2.57,297,113,1,1
5,4,0.99,0,0,0.0,2,0,2,10,19,4,3.74,111,53,0,2
1,1,0.17,5,4,1.0,1,3,2,1,3,1,0.65,19,136,0,3
0,0,0.0,0,0,0.0,0,1,0,7,0,0,0.0,9,170,0,3
0,0,0.0,3,2,0.6,0,3,2,0,23,12,4.59,287,123,0,1
2,1,0.45,0,0,0.0,0,1,0,0,12,5,2.47,151,118,0,3
5,1,0.87,1,1,0.18,0,3,4,10,25,10,4.9,224,116,0,0
1,0,0.22,2,0,0.33,1,1,0,0,1,0,0.18,33,96,0,3
8,4,1.65,2,2,0.37,0,3,4,4,19,8,3.8,176,106,1,0
1,1,0.22,2,2,0.37,0,2,0,0,18,13,3.5,189,151,0,1
2,0,0.39,5,0,1.01,2,0,2,0,22,10,4.38,134,69,1,1
7,5,1.41,5,1,0.91,0,0,3,4,17,9,3.51,252,36,1,0
14,9,2.78,2,2,0.38,2,3,7,8,17,5,3.4,136,195,0,0
4,3,0.8,5,3,1.07,0,2,0,19,18,13,3.59,418,67,0,0
0,0,0.0,5,3,1.02,2,0,2,4,21,6,4.11,161,79,1,1
3,2,0.57,7,3,1.45,0,2,1,0,20,6,4.04,184,54,0,1
1,0,0.26,6,2,1.18,0,0,0,1,9,5,1.65,154,125,0,1
4,4,0.84,3,3,0.68,2,3,5,9,20,8,3.97,309,107,1,0
3,3,0.59,4,0,0.84,0,1,10,9,30,18,6.01,204,22,0,0
7,1,1.4,6,3,1.2,0,0,8,13,21,6,4.05,195,75,0,0
10,10,1.96,0,0,0.0,0,0,3,2,18,9,3.48,131,63,0,0
2,1,0.42,0,0,0.0,0,1,0,2,17,10,3.3,244,137,1,1
1,0,0.19,12,7,2.34,2,3,5,2,21,15,4.24,208,91,0,1
1,0,0.18,0,0,0.0,0,1,7,9,22,11,4.34,284,22,0,1
3,1,0.61,4,4,0.86,0,2,3,7,15,10,3.03,277,68,0,1
1,0,0.2,5,3,0.95,2,1,1,2,12,4,2.42,71,93,1,1
4,2,0.76,0,0,0.0,2,1,3,14,21,11,4.09,269,84,1,0
1,0,0.24,5,1,1.03,3,3,8,1,23,11,4.55,339,60,1,1
26,21,5.25,4,2,0.76,0,1,10,18,19,8,3.76,171,196,1,0
7,4,1.37,3,2,0.55,0,0,9,15,18,12,3.6,170,64,0,0
1,1,0.36,6,3,1.16,2,0,4,6,17,8,3.39,258,18,0,1
9,8,1.75,0,0,0.0,1,1,1,9,24,11,4.77,193,81,1,0
2,2,0.43,3,3,0.58,2,1,1,3,19,17,3.83,494,102,0,1
2,0,0.43,1,1,0.12,2,1,6,4,18,11,3.64,315,96,1,1
8,3,1.64,0,0,0.0,0,2,12,1,24,15,4.7,474,154,0,0
7,5,1.49,2,0,0.42,2,2,5,13,22,9,4.35,260,86,0,0
0,0,0.0,0,0,0.0,0,0,7,3,18,13,3.58,307,140,0,1
2,1,0.4,0,0,0.0,0,1,5,6,6,2,1.2,90,150,1,3
4,4,0.82,1,1,0.27,0,2,3,3,19,11,3.8,309,95,0,2
6,2,1.12,1,0,0.2,0,3,7,2,20,8,3.99,234,122,1,2
2,2,0.41,3,3,0.73,0,0,1,3,5,4,1.02,65,149,0,3
2,0,0.42,3,0,0.56,0,0,5,6,9,7,1.82,142,149,1,3
7,6,1.36,5,0,1.02,0,0,11,8,21,14,4.16,466,89,1,0
2,1,0.51,7,6,1.4,0,0,7,14,20,11,3.96,280,109,0,1
3,1,0.61,4,4,0.77,1,1,3,3,23,12,4.64,440,26,0,1
0,0,0.0,2,2,0.44,2,1,3,2,10,4,1.96,128,116,0,3
4,3,0.77,4,4,0.84,0,1,1,0,21,14,4.21,342,71,0,0
2,2,0.36,2,0,0.39,2,2,7,13,20,14,3.94,517,102,1,0
3,2,0.56,0,0,0.0,0,0,8,1,23,9,4.59,236,96,1,2
0,0,0.0,0,0,0.0,1,1,6,5,8,6,1.61,114,119,0,3
3,3,0.62,4,4,0.79,1,0,2,9,21,13,4.21,479,70,0,0
0,0,0.0,4,0,0.76,0,0,0,2,9,2,1.87,49,91,0,3
6,6,1.23,5,5,1.0,0,2,3,11,21,9,4.12,187,77,1,0
0,0,0.0,2,0,0.39,0,0,1,8,24,16,4.78,287,82,0,1
1,1,0.31,6,4,1.15,2,0,7,1,27,10,5.4,146,46,0,1
17,9,3.45,0,0,0.0,0,2,5,4,21,10,4.21,177,125,0,0
0,0,0.0,6,3,1.2,0,2,0,3,11,3,2.17,136,172,0,1
0,0,0.0,0,0,0.0,1,0,0,10,23,12,4.59,203,98,0,1
5,2,0.94,4,3,0.73,0,0,2,5,18,15,3.58,497,101,0,0
9,4,1.8,7,3,1.42,0,2,0,2,0,0,0.0,34,186,0,2
6,3,1.13,0,0,0.0,0,3,0,0,22,8,4.37,211,73,0,2
4,4,0.79,1,1,0.21,0,3,6,4,22,6,4.37,255,122,0,2
9,4,1.79,4,3,0.84,0,3,6,3,25,9,4.98,86,53,0,0
3,3,0.53,2,1,0.48,0,0,3,4,18,12,3.55,246,36,0,1
6,1,1.2,3,3,0.6,0,0,3,8,2,0,0.36,0,120,0,2
0,0,0.0,4,2,0.89,0,0,9,7,21,12,4.11,171,87,0,1
4,0,0.75,1,1,0.24,0,0,8,6,16,5,3.17,129,31,1,1
4,2,0.85,3,3,0.62,1,0,2,3,11,8,2.15,118,191,1,1
5,4,0.98,2,2,0.46,0,1,8,9,20,12,3.96,202,77,0,0
0,0,0.0,0,0,0.0,0,1,0,6,1,1,0.26,11,169,1,3
5,2,1.01,2,1,0.44,0,0,2,3,3,1,0.58,99,103,0,2
4,4,0.78,1,0,0.19,1,1,5,14,23,8,4.63,158,70,0,0
2,0,0.35,1,0,0.17,1,0,4,0,26,9,5.19,188,48,1,1
0,0,0.0,0,0,0.0,0,0,4,2,3,3,0.58,19,150,0,3
3,1,0.61,4,1,0.81,0,1,0,12,19,12,3.73,338,112,0,1
4,4,0.82,0,0,0.0,1,0,3,5,10,6,1.98,179,186,1,2
4,4,0.76,0,0,0.0,0,2,4,2,6,5,1.17,80,178,1,2
4,3,0.74,3,3,0.55,0,3,3,2,20,6,4.03,75,71,1,1
5,1,1.03,6,1,1.29,1,1,9,0,24,13,4.87,142,119,0,0
2,2,0.44,5,1,0.99,0,1,1,4,13,6,2.64,138,44,1,1
4,4,0.76,5,2,0.91,2,1,6,0,15,7,2.94,48,51,1,1
0,0,0.0,3,3,0.53,0,3,5,5,14,11,2.79,306,106,1,1
0,0,0.0,4,3,0.82,2,0,3,5,20,9,3.96,203,96,0,1
4,1,0.74,7,3,1.38,4,3,6,0,25,9,4.94,305,61,0,1
5,5,0.96,1,1,0.22,0,2,6,9,20,5,3.97,158,72,0,2
8,5,1.64,5,4,0.99,0,2,2,4,21,13,4.17,303,43,0,0
0,0,0.0,4,2,0.81,1,3,7,6,21,9,4.27,217,50,1,1
6,4,1.2,2,2,0.49,2,1,1,6,9,7,1.81,81,130,0,2
5,5,1.0,2,2,0.39,0,0,0,0,18,9,3.62,133,57,1,2
4,3,0.74,0,0,0.0,0,2,2,0,17,8,3.43,255,55,1,2
7,5,1.45,2,0,0.41,0,3,0,5,0,0,0.0,2,185,1,2
4,1,0.72,0,0,0.0,0,2,4,5,23,11,4.64,296,59,0,0
5,5,1.01,1,1,0.3,1,3,4,4,0,0,0.0,15,145,0,2
2,0,0.38,2,2,0.51,0,2,2,1,8,7,1.64,119,190,1,3
0,0,0.0,1,1,0.19,1,3,0,4,19,12,3.87,315,80,1,1
7,2,1.39,0,0,0.0,0,1,5,12,17,7,3.34,173,92,0,2
12,3,2.34,4,1,0.86,0,1,14,8,14,7,2.77,157,127,1,0
0,0,0.0,5,3,0.99,0,2,6,1,11,9,2.17,314,88,0,1
13,5,2.62,0,0,0.0,0,0,16,0,22,13,4.48,323,65,0,0
3,2,0.59,0,0,0.0,0,1,5,10,17,11,3.33,222,95,0,2
1,0,0.18,2,2,0.49,1,2,5,0,11,3,2.19,55,123,0,3
0,0,0.0,0,0,0.0,0,0,0,0,11,6,2.21,81,104,0,3
5,5,0.96,8,5,1.64,2,1,0,2,18,9,3.55,322,23,0,0
7,4,1.36,2,0,0.47,1,0,0,2,18,14,3.53,356,67,0,0
1,0,0.24,3,0,0.64,0,0,6,5,8,6,1.55,140,147,0,3
1,0,0.18,0,0,0.0,2,2,3,4,4,3,0.78,71,121,0,3
7,5,1.43,1,0,0.29,2,1,7,10,28,8,5.54,342,62,1,0
5,2,0.96,9,3,1.84,4,2,7,7,19,13,3.85,195,96,1,1
1,0,0.1,4,4,0.79,2,0,7,8,20,11,3.95,159,38,1,1
0,0,0.0,5,2,0.92,0,1,3,3,26,14,5.14,233,26,0,1
8,2,1.56,4,2,0.8,1,0,2,6,17,6,3.4,138,104,0,2
11,6,2.25,5,4,0.97,2,0,3,12,23,6,4.59,125,91,1,0
2,1,0.39,3,3,0.6,1,2,3,1,21,7,4.01,261,24,1,1
5,4,1.07,0,0,0.0,1,0,1,6,8,5,1.55,88,208,1,2
6,6,1.36,5,1,1.02,0,0,4,5,20,12,3.95,236,69,1,0
6,2,1.22,1,0,0.18,1,1,8,2,23,11,4.52,235,96,0,0
5,1,0.93,3,2,0.67,0,2,2,11,24,15,4.82,444,41,1,0
2,2,0.43,3,1,0.63,0,2,10,5,14,11,2.71,190,42,0,1
10,4,2.02,0,0,0.0,1,2,0,13,17,10,3.43,151,97,1,0
0,0,0.0,8,2,1.6,0,0,2,7,21,12,4.07,402,29,0,1
0,0,0.0,5,0,1.03,1,1,0,7,14,5,2.79,94,96,0,1
7,6,1.38,3,0,0.52,1,1,2,0,23,11,4.65,178,55,0,0
0,0,0.0,5,3,1.02,2,3,4,7,21,14,4.14,176,28,0,1
8,5,1.55,3,0,0.51,2,2,2,8,22,7,4.37,95,95,1,0
0,0,0.0,5,2,1.08,2,1,6,7,13,10,2.64,264,179,1,1
0,0,0.0,0,0,0.0,0,1,10,3,10,7,2.04,170,166,0,3
4,3,0.71,0,0,0.0,2,1,6,6,4,2,0.81,91,99,0,2
11,6,2.23,9,8,1.74,2,1,3,2,19,7,3.77,117,82,0,0
0,0,0.0,1,0,0.23,0,2,0,4,28,19,5.56,219,26,0,1
8,5,1.64,0,0,0.0,1,0,9,0,22,12,4.3,137,95,1,0
4,3,0.76,2,1,0.39,0,0,5,8,20,12,3.92,121,74,0,0
8,1,1.56,0,0,0.0,0,0,2,4,10,6,1.99,95,153,0,2
10,3,2.02,2,2,0.43,1,3,6,2,21,11,4.19,143,159,1,0
1,0,0.24,0,0,0.0,1,3,4,3,3,0,0.72,26,125,0,3
0,0,0.0,10,3,1.98,0,1,0,4,15,8,3.02,223,64,0,1
1,0,0.14,3,0,0.55,0,0,0,0,12,5,2.37,126,149,1,3
5,5,1.05,0,0,0.0,2,0,7,0,19,7,3.8,171,94,1,2
7,3,1.48,1,1,0.15,0,1,0,3,22,16,4.28,402,78,1,0
2,0,0.42,0,0,0.0,1,1,0,4,0,0,0.0,32,185,0,3
3,2,0.66,4,2,0.87,2,0,4,5,18,7,3.61,106,94,1,1
2,0,0.43,3,2,0.63,2,3,8,1,22,11,4.41,318,72,0,1
4,4,0.74,0,0,0.0,0,1,12,11,25,16,4.97,200,67,0,0
8,7,1.65,6,0,1.2,3,0,0,3,28,10,5.59,147,33,1,0
3,3,0.62,7,2,1.39,2,0,4,0,25,11,4.96,376,70,0,0
5,1,0.95,0,0,0.0,2,1,5,0,24,16,4.79,181,70,1,0
4,0,0.77,2,2,0.38,1,0,0,0,2,2,0.35,72,102,0,3
3,1,0.62,0,0,0.0,1,1,6,2,11,5,2.13,185,179,0,1
4,2,0.92,6,2,1.3,0,1,7,15,19,6,3.84,162,109,0,0
5,2,1.09,0,0,0.0,0,3,3,0,21,10,4.16,274,44,1,2
29,18,5.7,3,0,0.61,0,1,8,18,20,5,4.0,174,198,0,0
2,1,0.4,6,3,1.13,0,1,0,6,15,6,2.94,176,141,1,1
3,0,0.67,0,0,0.0,0,3,7,7,27,16,5.31,343,65,1,0
10,8,1.98,3,1,0.57,1,0,0,0,14,3,2.76,148,54,1,0
3,2,0.57,4,0,0.78,0,1,12,1,10,8,2.01,186,187,1,1
6,4,1.17,0,0,0.0,2,0,3,8,13,10,2.48,167,70,0,2
6,0,1.24,5,0,1.01,3,1,0,10,18,13,3.59,142,105,0,0
3,2,0.62,4,0,0.83,0,1,0,5,7,1,1.43,25,133,0,3
1,0,0.23,3,2,0.63,1,1,3,2,1,0,0.15,68,105,1,3
3,3,0.59,2,0,0.4,0,0,8,4,20,11,3.99,315,24,1,0
11,4,2.29,6,5,1.24,0,1,7,6,14,6,2.79,66,97,1,0
2,0,0.38,4,3,0.71,3,3,6,4,15,7,2.94,232,94,0,1
0,0,0.0,3,2,0.68,0,3,7,8,11,6,2.18,127,17,1,1
3,1,0.5,5,2,0.99,0,0,4,3,19,8,3.78,136,24,0,1
6,3,1.2,1,1,0.24,0,0,5,3,9,2,1.75,80,185,0,2
0,0,0.0,2,0,0.42,2,0,21,16,24,8,4.75,92,38,1,1
12,9,2.41,6,5,1.1,2,0,2,11,18,3,3.58,76,108,0,0
11,6,2.12,2,2,0.41,2,0,10,4,16,11,3.19,135,122,0,0
1,1,0.28,8,4,1.49,3,2,10,1,23,9,4.67,185,83,0,1
0,0,0.0,0,0,0.0,0,0,4,3,8,7,1.54,104,152,0,3
3,0,0.71,3,3,0.61,2,0,0,8,12,8,2.45,105,120,0,1
10,6,2.04,1,1,0.14,0,2,1,9,19,13,3.73,288,55,0,0
13,7,2.61,5,3,1.01,1,1,5,1,20,12,3.97,157,96,0,0
5,5,1.0,2,0,0.38,0,1,9,5,19,10,3.82,183,88,1,2
2,1,0.43,0,0,0.0,0,0,5,5,9,6,1.81,90,150,0,3
5,0,1.04,2,0,0.27,0,1,11,12,27,17,5.25,357,114,1,0
8,5,1.63,8,4,1.54,1,3,8,3,22,8,4.43,86,79,0,0
0,0,0.0,3,3,0.56,2,1,0,4,11,5,2.2,192,197,0,1
10,6,2.06,0,0,0.0,0,1,11,8,17,6,3.35,277,120,0,0
0,0,0.0,4,1,0.77,0,1,3,6,23,12,4.56,292,79,0,1
7,3,1.36,2,2,0.37,1,0,4,1,5,2,1.02,64,208,0,2
0,0,0.0,0,0,0.0,0,1,4,2,1,0,0.23,20,199,1,3
16,8,3.21,11,11,2.06,0,3,4,2,3,2,0.62,41,246,0,0
7,4,1.41,1,1,0.3,0,2,3,3,5,4,0.96,46,166,0,2
10,6,1.92,1,1,0.17,1,1,2,4,8,2,1.59,111,93,0,2
3,3,0.64,3,2,0.58,2,1,2,1,11,5,2.14,122,189,0,1
4,4,0.78,0,0,0.0,0,1,7,1,8,1,1.63,66,151,0,2
1,0,0.31,2,0,0.49,0,3,2,6,7,2,1.38,67,154,0,3
1,1,0.21,0,0,0.0,0,0,2,3,8,3,1.61,65,137,0,3
8,6,1.59,3,3,0.63,0,3,0,5,26,9,5.14,254,55,1,0
0,0,0.0,7,5,1.37,0,2,5,7,22,9,4.38,203,97,1,1
0,0,0.0,0,0,0.0,1,0,5,4,14,8,2.77,120,18,0,1
2,2,0.48,8,3,1.63,0,1,0,11,21,14,4.11,139,107,0,1
2,0,0.52,2,2,0.35,0,1,0,0,3,0,0.65,25,128,0,3
9,7,1.84,0,0,0.0,0,0,3,13,15,7,3.01,155,86,1,0
6,1,1.23,6,2,1.13,0,1,4,6,25,8,4.91,82,86,1,0
1,1,0.17,5,3,0.96,1,0,10,4,15,6,2.94,178,31,1,1
9,5,1.8,2,2,0.33,2,1,0,1,9,6,1.76,246,142,0,2
0,0,0.0,3,0,0.6,2,1,4,0,8,2,1.66,85,97,1,3
9,6,1.74,5,0,1.05,0,1,0,3,19,7,3.82,159,87,0,0
0,0,0.0,1,0,0.14,0,3,0,8,21,9,4.18,219,62,0,1
0,0,0.0,7,1,1.42,0,2,5,3,20,14,3.9,268,64,1,1
0,0,0.0,0,0,0.0,0,3,5,9,19,11,3.8,123,12,0,1
6,6,1.29,6,1,1.15,1,1,9,7,19,7,3.78,119,135,1,0
1,0,0.24,3,0,0.58,1,1,6,2,24,17,4.75,358,33,1,1
4,4,0.75,2,2,0.43,0,1,6,3,18,9,3.64,262,106,0,2
3,3,0.61,1,1,0.25,0,2,3,5,16,10,3.17,133,172,1,2
14,7,2.81,9,8,1.82,0,0,5,0,17,6,3.44,115,82,0,0
5,0,1.01,5,3,1.0,0,1,9,4,20,13,3.96,261,22,1,1
0,0,0.0,0,0,0.0,0,2,1,1,4,0,0.75,30,105,1,3
2,0,0.42,3,1,0.56,0,2,6,6,25,17,4.91,340,64,0,1
4,1,0.86,2,1,0.4,0,0,5,0,18,6,3.57,130,50,1,1
2,2,0.31,1,1,0.13,0,0,8,0,21,14,4.18,244,95,1,1
12,6,2.38,10,4,1.99,4,0,0,0,23,13,4.52,515,110,0,0
3,2,0.54,2,2,0.48,0,3,3,1,19,6,3.73,208,92,0,1
7,4,1.36,3,0,0.58,1,0,2,7,16,11,3.24,252,31,0,0
0,0,0.0,4,3,0.86,3,3,1,8,14,4,2.82,92,97,0,1
0,0,0.0,7,5,1.43,3,3,14,4,20,8,4.07,105,100,0,1
0,0,0.0,0,0,0.0,2,2,8,4,17,6,3.3,126,99,1,1
4,2,0.8,8,4,1.44,0,2,11,11,12,8,2.47,200,102,0,1
0,0,0.0,0,0,0.0,0,3,4,6,19,8,3.74,189,32,0,1
2,2,0.31,2,0,0.43,0,0,7,11,14,9,2.72,263,64,0,1
7,4,1.41,3,3,0.64,1,0,10,0,3,0,0.61,23,220,0,2
3,2,0.6,5,2,1.06,3,3,2,3,22,17,4.28,557,65,0,0
4,1,0.73,6,5,1.23,0,0,8,4,22,10,4.43,142,40,1,1
6,5,1.15,4,1,0.81,0,0,4,1,18,10,3.59,246,39,0,0
3,3,0.69,6,6,1.15,1,0,8,5,22,10,4.34,154,107,0,1
9,2,1.78,2,0,0.3,1,1,3,4,3,3,0.65,51,157,0,2
10,5,2.0,0,0,0.0,0,1,2,3,20,14,3.97,372,88,0,0
0,0,0.0,6,5,1.17,0,0,2,0,15,4,2.98,74,171,0,1
0,0,0.0,6,3,1.18,1,1,0,4,4,1,0.83,29,130,0,3
5,5,1.07,7,5,1.45,1,1,0,12,15,9,2.95,175,36,0,0
10,2,1.96,2,2,0.4,0,3,2,6,19,5,3.72,212,106,1,0
11,8,2.18,0,0,0.0,0,0,7,1,19,5,3.77,161,108,1,0
0,0,0.0,3,3,0.51,0,0,1,8,12,10,2.32,226,132,0,1
0,0,0.0,4,1,0.78,0,1,0,3,20,10,3.95,180,90,0,1
6,1,1.16,6,4,1.2,0,3,6,6,20,9,3.92,211,21,0,0
2,0,0.4,9,5,1.84,3,0,3,10,27,13,5.35,378,26,0,1
3,1,0.67,0,0,0.0,0,0,5,0,1,0,0.15,0,122,1,3
10,7,1.94,0,0,0.0,0,0,2,2,5,4,0.98,90,122,0,2
3,2,0.59,3,2,0.53,0,1,9,4,16,9,3.23,151,51,1,1
8,7,1.64,8,4,1.65,0,1,6,1,12,6,2.35,194,106,0,0
9,6,1.9,2,2,0.55,0,2,2,3,8,5,1.61,113,89,0,2
1,0,0.25,5,2,1.07,2,1,0,11,19,13,3.69,222,62,0,1
0,0,0.0,0,0,0.0,1,1,2,4,27,23,5.35,676,43,0,1
5,4,0.97,2,2,0.42,0,0,2,3,1,0,0.16,0,206,1,2
0,0,0.0,9,4,1.75,0,1,3,2,22,13,4.38,427,55,0,1
2,2,0.44,5,1,0.96,1,1,4,4,11,8,2.16,241,132,1,1
9,7,1.8,6,3,1.23,1,0,3,13,22,7,4.42,127,94,0,0
5,0,0.99,1,1,0.24,1,2,13,1,17,3,3.36,171,79,0,1
6,4,1.3,2,2,0.35,0,1,2,0,28,15,5.62,251,26,1,0
0,0,0.0,0,0,0.0,2,2,7,0,0,0,0.0,26,113,1,3
1,0,0.22,0,0,0.0,1,0,3,1,4,0,0.8,35,149,0,3
3,3,0.61,1,0,0.22,0,2,4,0,7,3,1.4,83,172,0,2
7,3,1.34,7,4,1.42,0,0,10,1,19,5,3.73,74,108,0,0
2,0,0.4,5,5,1.02,0,0,13,1,3,2,0.6,15,167,1,3
0,0,0.0,0,0,0.0,0,3,0,1,12,6,2.41,110,180,0,3
0,0,0.0,4,3,0.89,2,1,0,3,11,6,2.24,194,132,1,1
3,1,0.63,0,0,0.0,0,1,5,9,16,9,3.17,182,47,0,1
0,0,0.0,2,0,0.4,2,3,1,1,9,7,1.77,105,153,0,3
5,4,1.03,5,4,0.94,1,1,6,5,3,0,0.57,18,184,1,2
1,0,0.17,0,0,0.0,0,2,4,2,5,4,1.0,87,150,1,3
0,0,0.0,2,0,0.33,0,0,2,2,18,11,3.53,230,24,1,1
0,0,0.0,4,1,0.88,1,0,2,8,17,7,3.42,99,171,0,1
3,3,0.7,1,1,0.19,1,0,9,6,13,7,2.5,62,123,1,2
1,1,0.28,3,3,0.57,1,2,11,5,7,3,1.39,67,167,1,3
1,1,0.22,0,0,0.0,1,1,0,6,23,11,4.5,257,97,1,1
5,4,1.0,2,2,0.38,0,0,1,5,28,16,5.56,378,56,1,0
7,2,1.4,0,0,0.0,1,1,1,15,21,10,4.21,107,127,0,2
14,6,2.78,8,2,1.56,3,0,9,4,17,13,3.39,242,159,0,0
1,0,0.11,2,0,0.43,0,3,13,11,24,7,4.74,169,84,0,1
0,0,0.0,0,0,0.0,0,1,0,4,20,8,4.01,196,17,0,1
1,1,0.3,1,0,0.25,2,3,8,4,3,1,0.46,105,132,1,3
2,0,0.41,7,2,1.32,1,0,0,3,11,3,2.18,135,171,0,1
8,6,1.57,6,5,1.14,0,0,1,1,17,8,3.34,133,94,0,0
1,1,0.21,5,2,0.97,0,1,1,2,9,3,1.81,69,91,0,1
3,2,0.59,2,1,0.46,2,3,6,4,6,6,1.07,129,201,0,1
2,1,0.35,8,4,1.53,0,1,8,5,24,8,4.75,140,38,1,1
0,0,0.0,1,1,0.16,0,3,8,10,16,7,3.15,62,53,1,1
2,2,0.4,2,2,0.47,1,0,9,11,20,10,4.02,217,88,1,1
0,0,0.0,3,3,0.63,2,2,1,5,20,14,3.94,181,52,0,1
4,1,0.8,2,2,0.45,2,2,4,12,24,18,4.76,433,51,0,0
3,3,0.6,4,3,0.8,0,1,4,2,17,4,3.38,83,125,1,1
4,4,0.84,2,1,0.49,0,1,1,0,7,5,1.39,65,192,0,2
1,0,0.19,2,2,0.33,0,2,6,0,18,8,3.58,146,83,1,1
2,2,0.35,8,6,1.59,1,1,2,7,18,7,3.58,139,97,0,1
5,4,1.01,2,1,0.39,1,0,2,3,22,11,4.37,192,53,1,0
7,5,1.45,8,6,1.59,0,0,1,16,19,13,3.9,266,75,1,0
11,10,2.17,1,1,0.14,1,1,0,0,22,14,4.28,271,41,1,0
1,0,0.28,2,0,0.43,2,1,3,4,0,0,0.0,1,183,1,3
8,3,1.61,0,0,0.0,0,1,6,12,22,8,4.37,259,90,0,0
1,1,0.18,7,1,1.33,0,1,2,5,18,14,3.63,419,76,0,1
4,4,0.77,0,0,0.0,0,0,10,6,19,10,3.82,311,44,0,0
6,5,1.21,5,3,0.96,0,0,5,4,1,0,0.25,2,170,1,2
3,1,0.6,4,1,0.81,2,0,11,0,25,12,4.97,158,83,0,1
0,0,0.0,7,5,1.41,1,1,6,0,17,8,3.44,187,144,1,1
4,4,0.88,0,0,0.0,0,3,4,0,25,15,4.94,218,101,0,0
0,0,0.0,0,0,0.0,0,3,1,3,14,9,2.83,144,112,0,3
1,0,0.28,9,7,1.78,0,3,1,8,25,15,4.98,442,69,0,1
8,6,1.55,6,2,1.17,2,0,4,5,16,6,3.19,215,107,1,0
0,0,0.0,4,0,0.9,2,0,0,4,22,14,4.31,315,55,0,1
2,1,0.47,1,0,0.14,0,2,15,1,1,0,0.11,0,116,1,3
4,3,0.86,0,0,0.0,0,2,2,6,21,12,4.16,258,97,0,2
4,3,0.82,1,0,0.2,0,0,2,12,18,6,3.57,188,59,0,2
5,1,1.05,3,3,0.55,3,2,1,0,3,3,0.54,40,123,0,3
0,0,0.0,3,2,0.6,2,1,1,3,13,8,2.63,349,199,1,1
2,2,0.35,10,7,1.92,0,3,0,3,16,8,3.14,180,35,1,1
0,0,0.0,0,0,0.0,1,3,0,3,7,3,1.42,68,180,1,3
6,3,1.15,3,1,0.58,1,0,6,3,3,1,0.58,13,142,0,2
4,0,0.74,2,0,0.36,2,0,4,5,7,3,1.43,94,99,1,3
7,3,1.41,2,2,0.39,0,1,4,5,21,10,4.11,310,91,1,0
3,2,0.57,1,0,0.17,1,0,3,0,6,5,1.11,151,87,1,3
1,1,0.28,3,3,0.58,0,0,0,6,23,10,4.6,256,99,0,1
8,3,1.68,2,1,0.44,2,3,1,3,6,5,1.24,62,204,0,2
4,3,0.94,0,0,0.0,2,2,5,8,2,0,0.41,34,189,1,2
1,0,0.13,7,1,1.26,0,2,2,4,15,9,2.94,225,131,1,1
11,6,2.14,0,0,0.0,0,3,16,0,26,13,5.2,324,64,0,0
2,2,0.44,0,0,0.0,2,0,1,3,0,0,0.0,0,172,1,3
0,0,0.0,0,0,0.0,2,2,0,5,8,2,1.53,61,118,0,3
6,2,1.16,5,3,1.02,1,1,2,6,27,16,5.39,421,38,1,0
6,4,1.18,0,0,0.0,2,3,0,5,0,0,0.0,0,187,0,2
0,0,0.0,1,0,0.18,1,0,1,2,16,9,3.19,342,22,0,1
13,4,2.63,6,4,1.21,0,2,7,5,19,13,3.71,506,133,1,0
6,4,1.11,6,5,1.15,0,3,2,3,4,4,0.84,40,120,0,2
6,4,1.22,7,1,1.35,2,1,6,5,19,6,3.75,128,111,0,0
15,13,2.99,2,2,0.35,3,1,10,5,13,10,2.55,247,133,0,0
3,1,0.56,3,0,0.56,0,3,0,1,4,2,0.82,69,100,0,3
4,0,0.87,5,2,0.98,2,0,4,6,23,7,4.56,150,83,0,1
1,1,0.18,2,2,0.47,0,0,5,8,18,11,3.51,215,53,1,1
7,7,1.38,0,0,0.0,0,0,2,0,7,6,1.47,125,139,0,2
7,2,1.39,2,2,0.43,1,2,7,0,24,15,4.78,261,32,0,0
12,6,2.48,5,5,1.01,1,2,4,3,0,0,0.0,2,269,1,2
1,0,0.21,0,0,0.0,2,2,2,1,0,0,0.0,1,125,0,3
0,0,0.0,4,1,0.7,2,1,1,0,7,5,1.39,58,104,1,3
1,1,0.24,0,0,0.0,0,3,2,1,17,16,3.38,230,38,0,1
7,0,1.29,3,2,0.61,0,1,5,2,8,8,1.65,111,148,1,2
6,5,1.21,2,2,0.4,3,3,2,0,18,8,3.66,60,66,0,2
6,5,1.21,3,1,0.65,0,3,4,0,10,4,1.97,79,233,0,2
4,4,0.84,8,3,1.59,2,1,7,6,22,9,4.41,296,78,1,0
2,2,0.41,0,0,0.0,0,0,3,0,13,6,2.62,167,147,0,1
0,0,0.0,0,0,0.0,0,0,0,1,1,1,0.23,9,101,0,3
0,0,0.0,2,0,0.41,2,1,1,6,24,8,4.83,304,85,1,1
1,1,0.23,3,3,0.62,1,2,3,0,1,0,0.24,0,120,0,3
0,0,0.0,0,0,0.0,0,0,4,4,17,11,3.4,146,113,0,1
0,0,0.0,1,1,0.28,1,0,3,3,23,12,4.54,164,33,0,1
5,0,0.96,6,3,1.25,0,2,1,3,14,6,2.8,158,129,1,1
12,6,2.4,1,0,0.2,0,1,7,0,17,8,3.33,104,73,0,0
4,1,0.8,5,4,1.01,0,1,8,4,19,6,3.8,204,89,0,1
9,7,1.74,6,6,1.22,1,2,4,9,21,11,4.19,261,44,0,0
0,0,0.0,0,0,0.0,0,1,5,12,13,9,2.51,110,46,0,1
7,5,1.36,7,2,1.48,0,2,5,0,16,4,3.16,80,127,0,2
5,5,1.07,0,0,0.0,0,2,5,5,4,2,0.76,21,187,0,2
1,0,0.21,5,1,0.99,2,2,9,9,24,17,4.81,207,9,1,1
4,0,0.8,0,0,0.0,0,0,2,4,14,7,2.77,150,119,0,1
0,0,0.0,3,0,0.65,0,1,6,0,23,13,4.5,283,122,0,1
0,0,0.0,0,0,0.0,1,1,10,9,18,13,3.6,155,86,1,1
5,5,1.0,0,0,0.0,2,0,3,5,0,0,0.0,0,185,0,2
1,1,0.21,1,0,0.24,0,2,4,9,19,11,3.78,301,64,0,1
3,3,0.67,0,0,0.0,0,0,8,0,20,9,3.92,235,34,0,2
2,1,0.44,5,0,1.0,0,0,9,6,19,9,3.81,77,25,1,1
0,0,0.0,3,3,0.68,2,1,1,0,16,8,3.17,206,92,1,1
9,2,1.68,3,1,0.64,0,0,12,12,19,13,3.77,179,44,0,0
0,0,0.0,1,0,0.14,1,0,0,1,19,10,3.71,291,75,1,1
6,2,1.12,2,2,0.42,3,1,6,11,21,16,4.11,522,125,1,0
5,2,1.02,7,5,1.31,0,2,4,9,24,11,4.97,186,79,0,0
4,1,0.71,6,3,1.22,1,1,1,4,26,15,5.11,536,106,0,0
4,0,0.85,4,1,0.75,2,0,8,11,23,12,4.47,257,94,0,0
2,0,0.48,4,4,0.81,2,0,3,5,19,12,3.76,336,77,0,1
5,4,0.99,4,2,0.83,0,1,6,2,15,8,2.97,258,106,1,2
3,0,0.62,4,0,0.77,0,2,7,4,1,1,0.15,19,189,1,3
14,7,2.88,5,5,1.08,1,2,7,0,20,10,3.93,146,157,0,0
3,1,0.7,3,2,0.55,0,1,4,4,9,6,1.78,159,194,0,1
1,0,0.28,8,3,1.49,0,2,6,5,21,7,4.19,200,42,1,1
0,0,0.0,0,0,0.0,0,3,6,4,22,13,4.3,434,61,0,1
9,3,1.88,6,4,1.27,0,0,6,8,21,10,4.15,175,109,0,0
4,2,0.75,0,0,0.0,0,0,0,2,13,6,2.58,104,52,0,2
8,2,1.57,1,0,0.17,1,1,3,3,6,5,1.18,43,166,1,2
4,2,0.85,6,2,1.12,2,1,0,3,21,12,4.14,150,56,0,1
5,2,1.0,6,1,1.17,3,0,4,1,16,8,3.13,198,103,0,1
12,8,2.43,8,4,1.54,0,1,4,0,1,0,0.29,0,268,0,2
1,0,0.25,3,3,0.61,0,0,4,3,20,6,3.86,184,91,1,1
7,5,1.45,9,3,1.82,0,2,4,3,18,14,3.63,261,23,0,0
0,0,0.0,3,2,0.55,1,0,10,3,20,13,3.92,337,27,0,1
2,0,0.43,7,4,1.38,1,3,0,11,20,11,3.99,199,22,1,1
2,0,0.37,7,4,1.47,1,0,2,5,16,12,3.18,367,47,0,1
3,3,0.61,0,0,0.0,1,3,7,0,19,10,3.72,232,92,1,2
1,0,0.18,0,0,0.0,0,1,7,3,7,7,1.38,166,183,0,3
9,2,1.78,0,0,0.0,0,3,0,1,1,1,0.18,0,114,0,2
4,3,0.77,0,0,0.0,0,3,0,10,17,6,3.38,112,51,0,2
2,1,0.44,8,4,1.65,0,0,10,7,18,14,3.64,126,61,0,1
7,6,1.39,2,0,0.38,2,0,1,5,0,0,0.0,1,171,0,2
2,0,0.39,0,0,0.0,2,2,2,2,1,1,0.16,2,162,1,3
6,3,1.18,0,0,0.0,0,0,2,12,16,7,3.2,173,90,1,2
6,4,1.23,5,0,0.98,0,3,3,0,24,19,4.82,195,33,0,0
5,5,0.96,7,6,1.36,0,0,3,7,17,7,3.36,139,106,0,0
6,3,1.28,2,0,0.4,1,0,5,9,14,10,2.81,217,80,1,2
1,1,0.17,0,0,0.0,0,0,1,3,15,10,3.1,146,112,1,1
5,0,0.98,4,3,0.78,3,0,2,1,19,9,3.72,234,42,1,1
6,6,1.2,3,3,0.55,0,1,5,13,22,9,4.4,258,89,0,0
1,1,0.22,1,0,0.09,0,2,0,2,10,9,1.94,143,119,0,3
5,5,0.99,3,3,0.53,2,2,14,3,22,14,4.34,184,53,1,0
2,0,0.39,1,1,0.18,0,3,6,0,22,9,4.35,160,83,0,1
4,0,0.85,5,2,0.93,2,0,0,1,23,8,4.59,140,24,0,1
0,0,0.0,3,0,0.57,0,2,4,2,13,7,2.69,87,116,0,3
8,4,1.57,6,3,1.3,3,0,6,4,24,14,4.74,251,76,0,0
7,3,1.36,1,1,0.26,2,0,2,5,1,0,0.25,2,183,1,2
0,0,0.0,1,0,0.16,0,0,0,0,3,3,0.55,47,128,1,3
2,0,0.47,2,0,0.41,0,3,5,7,23,16,4.55,437,91,1,1
7,6,1.37,5,3,0.95,2,1,0,1,19,11,3.84,264,26,0,0
0,0,0.0,4,1,0.88,3,1,2,1,21,11,4.22,372,68,1,1
0,0,0.0,2,2,0.4,1,1,5,2,13,6,2.56,164,146,1,3
0,0,0.0,1,1,0.25,0,1,1,0,7,1,1.36,63,99,1,3
3,0,0.49,3,0,0.56,0,1,2,11,13,7,2.61,58,31,1,1
1,0,0.07,5,4,1.08,0,0,8,3,20,12,3.94,274,105,0,1
0,0,0.0,2,1,0.38,2,0,0,4,24,16,4.75,287,80,0,1
9,5,1.82,1,1,0.11,3,1,0,9,21,15,4.15,289,56,0,0
2,2,0.38,5,2,0.99,3,1,5,3,18,9,3.57,267,75,1,1
15,10,2.98,2,2,0.37,3,0,12,4,15,6,2.95,245,132,0,0
0,0,0.0,11,8,2.25,0,0,8,3,3,2,0.51,20,153,0,1
2,2,0.41,0,0,0.0,0,0,9,9,23,14,4.65,163,78,0,0
9,6,1.84,7,2,1.43,1,1,4,1,23,19,4.61,338,94,0,0
5,5,0.96,1,1,0.17,0,2,9,8,23,7,4.57,216,105,1,0
1,0,0.21,2,2,0.36,0,2,4,1,14,13,2.75,239,116,0,1
1,0,0.16,0,0,0.0,0,1,0,14,20,12,4.04,202,97,0,1
1,1,0.2,2,1,0.43,1,0,12,13,15,8,3.0,312,97,1,1
8,3,1.57,2,0,0.32,2,3,2,5,23,17,4.54,267,65,1,0
6,4,1.25,1,0,0.25,0,2,8,0,17,13,3.4,171,149,0,2
0,0,0.0,5,5,1.05,0,0,4,7,18,9,3.58,113,36,0,1
1,1,0.14,5,0,0.98,1,2,1,5,17,12,3.39,220,39,1,1
0,0,0.0,0,0,0.0,0,3,2,3,7,1,1.43,61,114,1,3
10,4,2.05,0,0,0.0,0,1,0,10,14,5,2.81,154,87,0,0
8,5,1.54,1,0,0.29,1,3,1,9,6,1,1.24,38,157,0,2
1,0,0.19,4,4,0.78,1,0,5,4,18,12,3.67,285,58,0,1
6,3,1.18,3,0,0.65,3,1,5,3,3,0,0.63,18,183,0,2
0,0,0.0,2,2,0.37,0,0,5,0,17,12,3.5,373,53,1,1
3,3,0.59,4,2,0.8,2,0,1,4,22,7,4.43,276,81,0,1
6,4,1.22,5,2,1.03,0,3,6,4,24,16,4.76,255,78,0,0
2,2,0.36,3,3,0.58,2,0,0,0,8,5,1.51,48,92,0,1
5,4,0.99,2,0,0.32,0,0,0,2,10,6,2.05,58,167,0,2
2,2,0.39,6,2,1.19,0,1,7,6,25,8,4.9,81,89,1,1
3,3,0.69,0,0,0.0,0,3,11,2,16,5,3.19,96,80,0,2
4,2,0.82,4,1,0.76,1,0,2,2,21,13,4.21,405,80,0,0
0,0,0.0,0,0,0.0,0,0,2,3,13,6,2.53,272,103,0,3
5,1,1.09,1,0,0.2,2,1,2,0,0,0,0.0,2,143,1,3
5,3,1.01,7,3,1.37,2,3,1,2,20,6,3.92,162,76,0,0
3,0,0.59,4,1,0.74,0,0,0,2,12,7,2.49,129,43,0,1
2,0,0.35,0,0,0.0,0,0,1,5,0,0,0.0,0,196,0,3
0,0,0.0,0,0,0.0,0,1,7,6,15,10,2.95,124,22,0,1
6,0,1.09,2,0,0.33,0,1,1,0,24,12,4.69,405,79,0,0
1,0,0.24,4,3,0.8,0,0,5,2,13,6,2.54,76,151,0,1
6,3,1.22,2,2,0.44,2,3,3,1,18,7,3.55,60,67,1,2
2,0,0.39,2,1,0.41,0,2,0,0,6,2,1.16,67,191,0,3
13,2,2.59,8,6,1.54,0,3,4,11,21,11,4.21,401,181,1,0
6,3,1.15,0,0,0.0,0,1,5,3,10,7,1.92,126,199,0,2
7,1,1.42,0,0,0.0,0,0,5,0,0,0,0.0,2,174,0,2
0,0,0.0,6,2,1.21,2,0,0,2,24,9,4.68,288,96,0,1
6,2,1.19,9,5,1.8,0,1,2,11,19,12,3.77,141,107,1,0
1,1,0.14,1,0,0.1,0,3,4,1,1,0,0.16,0,166,0,3
2,0,0.35,0,0,0.0,0,3,3,0,7,5,1.44,90,198,1,3
5,3,1.05,0,0,0.0,0,3,4,0,22,14,4.44,183,72,0,2
0,0,0.0,8,1,1.67,2,0,0,5,24,19,4.81,517,21,1,1
4,4,0.74,1,1,0.25,2,2,7,3,21,13,4.2,356,34,0,0
10,10,2.03,2,1,0.4,0,1,8,1,24,9,4.76,283,86,1,0
8,4,1.56,5,1,1.03,0,3,2,10,22,14,4.44,484,38,1,0
0,0,0.0,0,0,0.0,0,1,6,15,26,19,5.12,503,102,0,1
3,2,0.66,3,3,0.59,0,0,4,11,20,9,4.0,185,76,0,1
8,6,1.59,4,0,0.86,0,0,10,6,27,13,5.42,326,103,0,0
4,4,0.79,3,1,0.57,1,2,1,5,19,14,3.82,163,50,0,0
7,5,1.32,7,3,1.39,1,1,7,2,21,5,4.2,133,130,1,0
1,1,0.18,6,2,1.25,0,1,0,3,0,0,0.0,1,193,0,3
1,0,0.17,1,0,0.15,1,3,9,5,26,10,5.21,109,53,0,1
2,2,0.42,0,0,0.0,0,1,3,5,8,3,1.58,169,92,0,3
7,4,1.37,0,0,0.0,0,0,2,5,4,0,0.87,47,103,0,2
0,0,0.0,7,2,1.42,2,0,11,13,22,13,4.48,356,18,0,1
11,2,2.22,0,0,0.0,0,0,7,8,13,8,2.49,275,120,0,0
2,1,0.41,5,4,1.06,2,0,0,4,24,10,4.75,212,56,1,1
1,0,0.24,3,3,0.64,2,0,0,0,1,1,0.14,10,99,0,3
1,1,0.21,1,1,0.28,0,0,9,9,7,2,1.36,69,165,1,3
1,0,0.24,4,2,0.81,0,0,2,5,14,6,2.79,135,72,0,1
3,0,0.59,3,3,0.57,0,0,4,4,2,0,0.42,65,114,0,3
4,2,0.8,0,0,0.0,0,0,1,0,15,6,2.97,153,118,1,2
8,5,1.56,2,2,0.39,0,3,0,0,19,7,3.81,223,135,0,0
0,0,0.0,3,0,0.55,0,3,1,0,21,10,4.14,162,91,1,1
5,5,1.07,0,0,0.0,0,1,6,7,18,9,3.56,349,115,0,0
4,0,0.82,0,0,0.0,0,3,0,2,11,5,2.22,78,105,0,3
6,5,1.12,3,3,0.58,0,2,4,4,1,1,0.18,0,219,1,2
4,4,0.85,6,2,1.2,3,3,9,1,18,9,3.51,177,82,0,0
4,1,0.81,0,0,0.0,1,2,15,8,11,4,2.3,152,167,1,2
2,0,0.36,1,0,0.28,0,1,3,10,9,4,1.84,153,95,0,3
5,3,1.09,3,0,0.61,2,3,0,1,14,6,2.79,174,101,1,2
1,0,0.26,5,0,1.09,0,1,0,2,6,2,1.24,42,114,0,3
0,0,0.0,2,0,0.33,0,1,9,0,9,4,1.81,100,128,1,3
7,2,1.41,4,2,0.84,2,1,8,5,26,17,5.09,305,39,0,0
9,7,1.82,3,0,0.61,1,3,4,8,24,5,4.78,128,42,0,0
0,0,0.0,0,0,0.0,0,1,5,3,20,8,3.94,321,18,0,1
15,4,3.04,5,5,0.93,0,1,0,0,2,0,0.4,0,272,0,2
3,2,0.61,6,1,1.22,3,1,16,7,20,7,4.0,74,99,1,1
0,0,0.0,0,0,0.0,0,3,0,5,0,0,0.0,28,104,1,3
0,0,0.0,4,1,0.82,2,2,6,4,9,5,1.74,210,109,0,1
0,0,0.0,0,0,0.0,0,1,2,6,14,10,2.74,190,152,0,1
9,5,1.75,3,3,0.61,1,1,2,8,16,6,3.16,215,106,1,0
0,0,0.0,0,0,0.0,1,0,7,1,14,6,2.86,111,176,1,3
3,3,0.53,0,0,0.0,0,0,8,2,0,0,0.0,0,125,1,3
2,0,0.41,2,0,0.38,0,2,2,7,18,5,3.6,166,63,1,1
0,0,0.0,2,2,0.41,1,1,10,6,16,7,3.18,136,115,0,1
0,0,0.0,7,4,1.4,2,0,8,16,21,13,4.15,338,32,0,1
9,5,1.73,3,3,0.58,0,1,14,10,17,12,3.39,261,99,0,0
0,0,0.0,0,0,0.0,1,3,10,2,14,8,2.82,243,101,1,1
2,0,0.4,2,2,0.48,0,1,1,1,0,0,0.0,15,99,0,3
0,0,0.0,5,4,0.97,1,0,7,4,1,0,0.14,0,132,0,3
4,2,0.81,7,4,1.42,1,0,5,8,16,9,3.2,153,64,0,1
1,1,0.16,6,4,1.22,0,1,8,0,22,9,4.45,182,82,0,1
4,1,0.76,4,4,0.8,0,2,5,5,17,10,3.39,151,62,0,1
4,1,0.87,3,0,0.62,2,3,1,22,18,8,3.63,205,52,0,0
0,0,0.0,14,8,2.82,2,0,0,0,22,14,4.46,391,99,1,1
4,4,0.79,0,0,0.0,0,2,7,1,18,10,3.59,262,51,1,2
4,3,0.77,5,4,1.0,1,1,6,13,15,10,2.98,367,46,1,0
2,0,0.34,8,2,1.6,1,1,9,5,16,10,3.2,334,58,0,1
2,0,0.5,5,4,0.95,3,3,6,8,23,11,4.64,348,95,1,1
2,2,0.4,0,0,0.0,0,0,7,4,10,5,1.98,125,203,1,3
2,0,0.34,1,1,0.2,1,0,7,1,4,2,0.74,70,130,0,3
5,3,1.04,5,1,1.1,1,3,2,5,18,10,3.6,156,77,1,0
4,4,0.83,2,2,0.36,0,0,4,4,19,15,3.82,163,52,1,0
2,2,0.34,6,2,1.25,0,3,4,1,22,9,4.39,199,54,0,1
0,0,0.0,1,1,0.22,0,1,0,2,2,0,0.42,29,184,1,3
0,0,0.0,4,2,0.85,0,0,1,0,18,6,3.58,150,48,1,1
3,1,0.64,3,1,0.56,0,0,4,1,6,2,1.18,29,138,0,3
4,0,0.76,0,0,0.0,0,0,10,7,6,4,1.26,87,203,1,3
1,0,0.11,5,1,0.99,0,2,9,5,13,9,2.49,222,162,0,1
5,2,1.01,4,4,0.84,1,0,2,4,24,5,4.77,97,129,0,0
2,2,0.44,2,2,0.38,1,2,0,0,6,1,1.14,97,160,0,3
0,0,0.0,3,2,0.59,2,0,0,8,11,6,2.18,54,201,0,3
4,1,0.78,5,3,1.1,2,3,4,9,26,19,5.18,432,50,0,0
2,0,0.48,2,1,0.36,0,3,0,1,0,0,0.0,0,185,1,3
6,5,1.1,4,4,0.85,2,1,10,2,19,9,3.78,204,89,0,0
6,6,1.24,9,2,1.75,4,3,11,2,17,11,3.45,238,55,0,0
3,0,0.64,2,1,0.46,0,1,4,3,7,7,1.4,53,101,0,3
2,1,0.36,0,0,0.0,0,0,1,3,15,8,2.93,202,101,0,1
0,0,0.0,0,0,0.0,1,0,5,4,6,0,1.24,33,188,0,3
0,0,0.0,0,0,0.0,2,1,5,3,10,2,2.0,36,192,0,3
0,0,0.0,6,2,1.2,1,0,1,6,13,3,2.54,138,171,0,1
8,6,1.67,1,1,0.21,2,3,6,1,24,9,4.81,189,76,1,0
1,0,0.17,0,0,0.0,2,2,11,6,12,3,2.36,145,154,0,3
9,5,1.81,8,8,1.58,1,1,0,10,20,12,4.02,378,94,0,0
0,0,0.0,2,0,0.41,0,2,0,10,16,15,3.12,139,12,0,1
0,0,0.0,8,2,1.56,0,0,14,16,21,15,4.17,359,19,1,1
5,1,0.92,0,0,0.0,0,0,0,0,0,0,0.0,1,146,0,3
11,7,2.2,7,3,1.39,1,1,6,5,24,15,4.72,396,62,0,0
7,5,1.35,5,2,1.03,0,1,6,6,19,5,3.8,91,94,1,0
0,0,0.0,4,2,0.79,0,1,4,3,20,8,4.03,159,68,1,1
1,1,0.19,9,3,1.92,0,0,1,7,16,5,3.17,182,35,0,1
14,9,2.79,4,1,0.7,0,2,6,4,25,12,4.99,231,156,1,0
0,0,0.0,2,0,0.36,2,3,0,0,2,2,0.36,1,152,0,3
4,2,0.8,5,3,1.03,0,1,0,10,15,14,3.12,341,110,0,0
2,0,0.47,5,3,1.01,0,1,2,2,22,11,4.37,155,60,1,1
10,3,2.02,6,5,1.22,2,0,8,2,19,14,3.79,136,118,1,0
5,2,0.97,4,0,0.64,0,0,1,2,6,4,1.18,27,137,1,2
0,0,0.0,3,0,0.59,0,1,0,10,18,7,3.54,90,21,0,1
5,3,1.05,3,2,0.6,0,0,4,6,15,6,3.03,230,172,0,2
7,6,1.35,3,2,0.63,0,2,4,2,23,16,4.45,338,92,1,0
11,5,2.2,2,2,0.42,2,0,17,0,26,11,5.08,323,62,0,0
0,0,0.0,2,2,0.4,2,1,2,2,5,3,1.01,83,143,1,3
2,0,0.39,0,0,0.0,1,1,0,4,5,3,0.98,69,191,0,3
4,0,0.74,4,4,0.74,0,0,2,10,13,8,2.63,281,121,0,1
4,3,0.77,6,0,1.22,2,3,6,5,18,13,3.55,309,90,0,0
3,0,0.61,0,0,0.0,0,3,3,5,8,3,1.51,65,153,0,3
6,1,1.23,5,4,0.98,1,1,5,6,21,14,4.17,309,89,0,0
6,5,1.16,0,0,0.0,2,2,5,7,21,10,4.16,125,75,0,0
1,0,0.26,0,0,0.0,2,2,0,3,12,4,2.33,97,84,0,3
2,2,0.34,2,1,0.33,1,2,12,8,25,9,5.01,147,36,0,1
4,1,0.84,2,0,0.43,2,1,0,6,20,16,3.99,155,36,0,1
6,4,1.18,0,0,0.0,2,3,6,0,3,1,0.55,26,176,0,2
0,0,0.0,2,0,0.41,1,2,5,4,12,6,2.31,80,178,0,3
2,0,0.38,0,0,0.0,0,1,1,3,22,12,4.39,206,80,1,1
12,7,2.37,4,1,0.87,0,0,6,1,19,13,3.73,507,136,0,0
0,0,0.0,7,4,1.5,0,0,4,6,16,12,3.13,305,106,1,1
0,0,0.0,1,1,0.19,0,1,0,0,0,0,0.0,13,100,0,3
0,0,0.0,0,0,0.0,0,3,4,11,17,6,3.38,101,83,0,1
0,0,0.0,0,0,0.0,0,1,2,0,0,0,0.0,0,188,1,3
3,0,0.59,1,0,0.21,2,1,2,0,14,9,2.84,116,158,0,1
1,1,0.21,1,1,0.25,0,0,0,1,1,1,0.18,33,96,0,3
0,0,0.0,7,3,1.4,0,1,0,3,14,7,2.81,138,174,0,1
7,3,1.33,2,0,0.4,0,0,3,2,15,6,2.97,80,122,0,2
8,6,1.6,5,2,0.95,0,1,0,6,18,5,3.64,159,91,1,0
0,0,0.0,9,5,1.85,2,2,8,6,18,12,3.54,207,91,1,1
3,0,0.55,6,5,1.17,0,3,7,3,16,8,3.21,174,28,1,1
0,0,0.0,4,0,0.74,0,3,11,0,14,8,2.74,105,189,0,1
0,0,0.0,5,2,0.87,2,2,4,4,21,9,4.13,150,15,1,1
1,1,0.19,0,0,0.0,0,3,0,1,0,0,0.0,2,124,0,3
2,1,0.38,2,2,0.36,1,2,4,4,11,6,2.08,241,133,0,1
5,5,0.98,0,0,0.0,0,2,4,0,22,12,4.42,244,75,0,0
9,2,1.82,3,0,0.58,0,2,8,7,15,7,2.94,105,66,0,2
9,7,1.74,6,2,1.18,1,3,5,10,19,11,3.75,338,72,1,0
2,0,0.33,2,1,0.36,0,0,4,7,20,9,3.93,148,83,0,1
5,1,1.07,3,1,0.56,0,2,0,2,20,8,4.02,175,46,0,2
0,0,0.0,2,1,0.35,0,0,6,12,27,19,5.38,505,102,1,1
4,3,0.76,4,0,0.79,0,0,5,5,4,3,0.82,68,114,1,2
7,6,1.37,7,5,1.34,2,1,1,0,17,7,3.39,133,95,0,0
0,0,0.0,5,0,1.06,1,0,0,7,11,7,2.19,114,49,0,1
1,0,0.13,1,0,0.2,0,1,2,10,19,12,3.79,285,172,0,1
5,0,0.98,1,0,0.12,0,2,0,2,9,6,1.84,146,119,0,2
7,2,1.4,7,3,1.41,0,0,5,5,25,11,4.91,222,81,0,0
0,0,0.0,0,0,0.0,2,2,8,4,17,9,3.35,246,105,1,1
0,0,0.0,3,0,0.65,2,3,2,4,13,5,2.53,139,44,0,1
0,0,0.0,3,3,0.57,0,2,10,7,24,20,4.8,247,51,0,1
8,5,1.59,3,3,0.67,2,0,5,2,1,1,0.22,0,155,0,2
6,4,1.18,8,3,1.65,3,2,6,6,24,11,4.81,218,83,0,0
11,5,2.2,2,0,0.58,0,0,8,8,16,6,3.05,274,119,1,0
0,0,0.0,7,4,1.4,0,1,7,10,26,17,5.15,379,29,1,1
11,6,2.17,0,0,0.0,2,1,5,9,28,18,5.45,167,165,0,0
6,0,1.21,2,2,0.4,0,3,8,5,8,6,1.69,164,138,1,2
0,0,0.0,4,1,0.8,1,2,1,8,15,7,2.99,99,173,0,1
3,2,0.6,3,0,0.66,0,2,6,3,23,11,4.53,430,57,1,0
0,0,0.0,0,0,0.0,0,1,13,11,17,6,3.37,119,9,0,1
0,0,0.0,6,3,1.2,0,1,0,8,18,9,3.58,137,75,0,1
6,5,1.19,0,0,0.0,1,3,4,0,19,4,3.88,79,123,0,2
2,0,0.4,3,0,0.65,0,0,4,5,19,14,3.77,295,25,0,1
8,7,1.49,5,3,1.08,1,0,3,8,21,7,4.18,116,80,0,0
11,5,2.19,3,1,0.66,3,0,8,0,20,5,3.95,102,116,1,0
9,4,1.75,1,1,0.18,0,0,0,13,18,6,3.68,153,88,1,0
4,2,0.79,0,0,0.0,0,1,3,2,20,11,4.05,298,80,1,2
2,0,0.4,4,3,0.78,0,0,8,2,9,4,1.69,100,189,0,3
5,4,1.02,3,0,0.64,2,3,6,0,1,0,0.24,0,118,0,2
0,0,0.0,2,0,0.47,0,2,8,5,23,16,4.59,398,171,1,1
1,0,0.27,3,0,0.65,0,2,10,11,21,16,4.13,462,89,0,1
4,4,0.8,5,5,0.93,3,2,2,1,16,9,3.13,139,64,0,1
1,1,0.23,3,0,0.56,0,3,1,1,5,4,0.89,24,161,0,3
3,1,0.58,9,2,1.83,1,2,7,1,16,4,3.21,84,47,1,1
4,0,0.81,1,0,0.26,2,0,6,7,19,7,3.71,187,36,1,1
9,5,1.81,1,1,0.22,1,0,7,9,21,9,4.19,158,72,1,0
7,2,1.35,3,0,0.68,0,3,9,10,19,13,3.72,298,83,1,0
2,0,0.38,8,7,1.51,0,2,2,6,23,16,4.51,440,69,1,1
0,0,0.0,4,4,0.79,1,0,2,2,10,4,1.99,92,171,1,3
3,0,0.59,5,3,1.07,3,1,9,6,16,8,3.24,111,67,0,1
7,6,1.4,0,0,0.0,0,3,0,1,3,1,0.56,29,178,1,2
9,6,1.8,7,4,1.36,1,3,4,11,20,5,3.97,127,92,0,0
1,1,0.15,0,0,0.0,0,1,0,1,12,7,2.39,193,190,0,3
7,3,1.4,2,2,0.41,0,3,6,7,0,0,0.0,1,121,1,2
5,0,1.01,3,1,0.58,0,1,4,1,14,6,2.8,164,164,1,1
3,3,0.62,0,0,0.0,2,1,4,2,21,14,4.17,220,101,0,2
7,4,1.41,3,0,0.63,2,1,0,2,18,9,3.49,182,107,0,0
1,1,0.18,5,2,0.95,1,3,5,5,19,13,3.84,313,27,1,1
1,1,0.19,6,4,1.31,0,1,8,9,23,8,4.59,227,98,0,1
0,0,0.0,5,2,0.91,0,0,0,4,14,11,2.77,162,36,1,1
6,4,1.18,5,1,1.0,2,1,1,3,20,8,3.93,175,98,1,0
0,0,0.0,3,3,0.64,1,1,4,9,20,9,3.96,154,41,0,1
2,0,0.38,8,5,1.55,4,1,9,10,21,12,4.22,102,84,1,1
5,0,1.02,6,6,1.16,3,0,4,2,19,16,3.71,235,86,1,1
5,1,1.04,0,0,0.0,0,2,2,0,21,10,4.13,210,74,0,2
7,1,1.45,2,0,0.35,2,0,2,2,11,3,2.18,79,170,0,2
9,5,1.76,5,2,1.1,3,3,10,4,17,13,3.3,468,89,1,0
2,2,0.5,3,3,0.6,0,1,6,3,11,8,2.14,214,111,0,1
2,2,0.36,6,5,1.18,2,3,4,6,10,7,1.97,156,176,0,1
13,6,2.59,5,4,1.08,0,2,8,1,22,6,4.25,149,155,1,0
12,4,2.46,7,3,1.35,0,1,1,3,2,0,0.39,2,271,0,2
6,4,1.12,0,0,0.0,0,0,7,8,12,9,2.32,97,180,0,2
1,0,0.21,0,0,0.0,0,1,1,4,17,11,3.44,143,113,0,1
12,7,2.39,3,0,0.66,0,3,10,13,24,20,4.74,574,78,0,0
6,4,1.13,4,0,0.89,0,0,2,15,15,10,3.02,153,98,0,0
5,3,0.93,6,4,1.19,0,0,4,1,20,12,3.99,262,30,0,0
0,0,0.0,4,3,0.79,0,3,4,3,17,9,3.34,88,141,1,1
4,4,0.83,1,1,0.19,2,3,1,0,7,4,1.41,67,201,1,2
4,3,0.85,3,2,0.56,0,1,2,1,7,4,1.48,66,205,0,2
2,2,0.35,5,4,1.0,3,2,0,3,19,5,3.78,73,69,0,1
2,1,0.41,1,0,0.25,0,1,5,10,18,6,3.56,64,53,0,1
0,0,0.0,5,2,1.03,0,1,5,10,19,15,3.8,471,69,0,1
5,5,0.99,6,2,1.23,0,1,6,0,20,13,4.0,352,101,1,0
1,0,0.2,5,0,0.96,0,1,0,3,11,9,2.17,191,196,1,3
4,2,0.8,0,0,0.0,0,2,1,2,23,10,4.43,238,147,0,2
3,1,0.59,0,0,0.0,0,0,2,1,1,0,0.15,1,160,0,3
6,4,1.16,1,1,0.13,1,0,0,2,18,12,3.51,312,89,1,2
1,0,0.2,7,1,1.39,0,2,1,3,19,14,3.78,154,59,0,1
0,0,0.0,4,1,0.84,1,0,12,2,9,6,1.85,61,85,0,1
0,0,0.0,5,5,1.08,3,2,0,7,2,2,0.42,1,195,1,3
3,2,0.66,10,8,2.0,3,0,2,0,21,14,4.15,391,96,0,1
4,1,0.94,0,0,0.0,1,0,5,9,19,10,3.79,350,49,0,0
8,8,1.56,1,1,0.18,0,1,1,4,11,6,2.19,65,171,0,2
0,0,0.0,2,0,0.49,0,0,0,0,1,1,0.22,0,187,0,3
0,0,0.0,3,2,0.67,2,1,2,0,0,0,0.0,0,120,0,3
3,1,0.59,1,1,0.15,0,0,3,3,9,3,1.85,69,201,1,3
10,7,2.12,0,0,0.0,0,1,1,10,28,14,5.56,169,166,0,0
8,7,1.63,5,2,0.99,0,0,3,0,18,7,3.49,148,123,0,0
6,6,1.22,3,0,0.62,1,0,2,2,13,12,2.52,259,105,0,0
0,0,0.0,4,3,0.76,2,1,10,1,21,11,4.17,272,36,0,1
6,5,1.17,5,0,0.9,2,1,2,5,17,8,3.37,193,68,1,0
11,4,2.16,1,1,0.14,0,0,8,17,18,9,3.61,344,101,0,0
1,1,0.15,3,1,0.57,0,1,6,11,20,11,4.03,254,61,1,1
0,0,0.0,5,3,0.98,0,0,2,1,18,8,3.58,158,68,1,1
1,1,0.23,0,0,0.0,0,2,2,2,5,1,0.93,51,169,0,3
14,6,2.79,4,2,0.82,0,2,0,3,26,10,5.2,248,89,1,0
5,5,0.97,1,0,0.13,0,0,10,5,23,16,4.59,155,24,0,0
14,7,2.84,8,6,1.6,0,3,0,2,1,1,0.23,0,269,0,0
6,2,1.28,1,0,0.14,1,3,11,0,1,1,0.16,2,203,0,2
0,0,0.0,2,2,0.31,1,0,0,5,12,6,2.53,52,80,0,1
5,4,1.01,2,1,0.4,1,0,4,11,22,16,4.29,432,53,0,0
1,0,0.25,0,0,0.0,1,0,1,5,8,5,1.59,65,180,1,3
1,1,0.25,0,0,0.0,0,3,2,10,25,12,5.0,378,48,1,1
0,0,0.0,4,1,0.88,0,1,7,4,13,8,2.63,76,152,0,1
6,2,1.21,1,1,0.24,1,0,1,2,0,0,0.0,0,160,1,2
1,1,0.17,5,3,1.1,0,3,2,3,16,10,3.21,135,69,0,1
3,3,0.64,0,0,0.0,0,1,7,3,16,11,3.23,173,114,1,2
3,3,0.59,2,2,0.36,0,2,7,1,22,12,4.38,301,47,1,0
2,2,0.35,0,0,0.0,1,3,5,2,0,0,0.0,19,160,0,3
0,0,0.0,3,2,0.69,0,3,2,0,21,10,4.21,151,50,1,1
3,3,0.6,3,1,0.54,0,0,4,0,16,7,3.18,84,125,1,1
5,2,0.95,0,0,0.0,1,1,8,13,23,7,4.64,226,75,0,0
6,3,1.34,8,1,1.62,3,2,8,11,11,10,2.24,198,103,0,0
0,0,0.0,0,0,0.0,0,0,3,10,24,8,4.75,249,39,0,1
12,4,2.38,8,2,1.68,2,0,2,1,21,6,4.14,96,233,0,0
8,4,1.61,5,5,0.94,3,1,8,7,26,12,5.21,251,75,1,0
1,1,0.24,0,0,0.0,0,3,1,1,17,11,3.38,144,110,1,1
3,2,0.61,8,5,1.59,0,3,7,5,22,15,4.34,222,15,1,1
1,1,0.15,3,0,0.66,2,2,5,6,8,1,1.57,37,195,0,3
0,0,0.0,6,5,1.22,3,3,9,5,25,7,5.0,228,101,0,1
7,7,1.39,6,1,1.25,0,0,8,2,20,7,3.95,104,117,0,0
2,1,0.38,6,5,1.2,0,1,3,0,24,13,4.84,421,40,1,1
1,1,0.16,1,1,0.18,3,1,1,3,9,4,1.74,41,112,1,3
5,2,1.04,4,4,0.8,0,2,3,3,23,9,4.55,137,27,1,0
3,3,0.62,3,2,0.61,1,3,2,0,20,11,3.93,378,69,1,1
0,0,0.0,3,2,0.62,2,1,0,4,1,0,0.14,0,140,0,3
0,0,0.0,0,0,0.0,0,1,12,15,26,16,5.13,462,23,0,1
0,0,0.0,3,1,0.6,0,1,7,3,17,13,3.35,257,168,0,1
9,9,1.86,6,2,1.23,0,2,0,8,20,11,3.95,363,112,1,0
4,0,0.82,0,0,0.0,2,0,1,4,0,0,0.0,0,186,1,3
7,5,1.34,5,0,0.96,3,3,2,4,6,2,1.13,50,123,0,2
5,5,1.08,4,3,0.85,1,0,9,6,17,12,3.39,255,105,1,0
1,0,0.08,0,0,0.0,2,0,2,4,0,0,0.0,0,155,0,3
2,0,0.41,3,2,0.55,0,1,0,5,31,18,6.21,218,26,0,1
11,8,2.29,4,4,0.87,1,2,4,4,16,7,3.17,197,116,1,0
2,2,0.32,1,1,0.15,1,3,0,7,22,9,4.4,315,27,0,1
0,0,0.0,5,1,1.0,0,3,4,0,18,9,3.56,161,62,0,1
10,7,1.93,0,0,0.0,0,2,6,3,22,13,4.42,392,62,1,0
0,0,0.0,10,4,2.12,1,1,0,4,19,8,3.66,256,14,1,1
1,1,0.16,4,3,0.8,2,1,12,2,18,11,3.58,197,69,0,1
0,0,0.0,4,1,0.74,0,3,7,6,6,5,1.27,65,151,0,3
0,0,0.0,0,0,0.0,2,0,10,4,18,7,3.5,79,39,0,1
5,5,0.94,5,0,1.11,2,1,2,2,5,2,1.03,31,131,0,2
6,4,1.13,0,0,0.0,0,2,2,4,5,3,1.01,23,237,0,2
0,0,0.0,4,3,0.8,0,0,0,7,22,8,4.3,244,39,0,1
0,0,0.0,3,0,0.67,0,1,2,0,23,13,4.59,334,150,0,1
1,0,0.2,5,3,1.06,0,1,4,4,13,13,2.6,304,104,0,1
0,0,0.0,5,2,0.96,0,3,0,1,4,4,0.79,24,158,1,3
7,1,1.47,4,3,0.76,2,3,7,5,17,10,3.44,258,105,1,0
4,0,0.79,4,3,0.77,2,1,2,4,10,10,2.04,143,115,0,1
2,0,0.47,0,0,0.0,2,3,7,7,23,13,4.61,438,60,0,1
0,0,0.0,2,1,0.44,0,0,1,9,17,6,3.45,180,26,0,1
8,3,1.72,0,0,0.0,2,2,7,4,22,13,4.33,200,46,0,0
2,2,0.36,6,4,1.18,1,1,6,0,28,8,5.54,323,35,1,1
0,0,0.0,1,1,0.2,0,2,1,0,1,1,0.17,33,95,0,3
11,6,2.15,1,1,0.17,0,3,4,11,10,1,1.96,36,153,0,0
1,1,0.24,1,1,0.28,2,0,1,4,8,5,1.57,65,178,0,3
1,0,0.2,4,4,0.77,0,3,9,0,20,12,3.97,218,64,0,1
4,1,0.81,7,3,1.4,0,0,2,1,16,5,3.16,149,46,0,1
2,2,0.43,2,2,0.43,0,2,2,0,6,3,1.14,80,163,1,3
2,0,0.41,6,4,1.23,3,0,1,0,20,11,4.01,240,58,0,1
0,0,0.0,2,2,0.38,0,3,6,11,20,5,3.93,160,76,0,1
0,0,0.0,1,0,0.25,0,0,2,5,2,2,0.48,32,187,1,3
2,2,0.47,3,0,0.71,2,1,7,5,18,12,3.62,275,45,1,1
5,3,1.08,1,1,0.29,0,3,1,2,4,0,0.74,14,159,0,2
4,4,0.79,1,1,0.08,0,2,0,0,11,8,2.19,74,167,0,2
0,0,0.0,0,0,0.0,0,2,4,2,21,6,4.1,148,50,1,1
7,1,1.47,2,1,0.37,2,2,1,7,18,12,3.64,257,181,0,2
10,4,2.03,0,0,0.0,1,1,1,1,12,9,2.39,266,247,0,2
2,2,0.37,0,0,0.0,1,3,1,2,2,0,0.4,38,186,0,3
10,9,1.94,2,1,0.34,1,3,9,8,22,5,4.38,109,121,0,0
3,3,0.63,6,3,1.24,0,1,5,9,24,10,4.76,188,76,0,0
1,0,0.21,8,5,1.6,3,2,1,7,13,6,2.55,237,44,1,1
8,4,1.6,4,3,0.79,0,3,4,4,14,8,2.78,172,63,1,0
1,1,0.16,1,0,0.23,0,3,6,6,7,5,1.45,89,93,0,3
2,0,0.38,3,2,0.59,1,0,3,4,4,3,0.77,23,194,0,3
2,0,0.42,0,0,0.0,0,2,9,2,20,7,4.04,116,110,0,1
1,1,0.19,3,0,0.58,0,3,4,1,21,12,4.15,312,92,1,1
11,4,2.2,5,1,1.07,1,0,1,4,29,19,5.77,289,91,1,0
0,0,0.0,6,4,1.2,2,3,5,8,19,7,3.87,203,95,0,1
2,2,0.43,2,0,0.28,0,1,0,0,13,9,2.61,341,20,1,1
2,2,0.33,0,0,0.0,2,1,3,2,23,12,4.59,299,81,0,1
3,0,0.58,0,0,0.0,0,0,3,10,17,5,3.41,61,27,1,1
2,2,0.34,1,0,0.22,0,0,5,5,21,7,4.22,229,133,0,1
9,5,1.81,1,0,0.2,0,1,0,5,17,11,3.34,286,68,0,0
0,0,0.0,0,0,0.0,1,1,10,2,9,4,1.81,170,165,0,3
6,5,1.25,0,0,0.0,1,1,3,3,22,14,4.39,243,29,0,0
5,1,0.98,0,0,0.0,0,1,3,1,22,11,4.26,313,94,1,2
2,1,0.37,8,1,1.54,0,1,6,2,21,10,4.19,169,62,0,1
6,4,1.16,1,1,0.16,1,3,7,4,12,8,2.34,112,147,0,2
2,0,0.41,4,0,0.82,1,3,1,6,12,7,2.39,100,124,1,1
0,0,0.0,0,0,0.0,2,1,2,2,9,6,1.84,105,152,0,3
1,1,0.2,1,1,0.06,1,3,1,7,24,11,4.72,159,36,1,1
4,3,0.79,5,2,0.96,0,3,2,2,22,13,4.37,404,79,1,0
5,1,0.97,3,0,0.64,0,2,0,4,18,5,3.56,122,90,0,2
8,4,1.61,4,2,0.81,0,0,3,6,22,9,4.43,97,128,1,0
0,0,0.0,4,3,0.75,2,0,1,2,13,8,2.56,169,135,0,1
3,0,0.61,2,2,0.37,2,3,0,1,19,8,3.79,280,86,1,1
7,5,1.37,4,4,0.79,0,0,7,4,17,5,3.41,66,97,0,0
1,1,0.16,4,2,0.93,1,0,9,4,12,8,2.42,62,90,1,1
0,0,0.0,6,3,1.2,1,0,5,3,18,7,3.53,199,36,0,1
0,0,0.0,0,0,0.0,0,1,2,1,9,5,1.78,99,117,1,3
2,1,0.54,3,0,0.69,0,2,3,3,19,12,3.86,313,95,0,1
1,1,0.18,2,2,0.43,0,2,0,2,20,7,3.97,241,144,0,1
6,1,1.24,2,2,0.36,0,0,5,8,24,8,4.82,298,55,1,0
12,7,2.38,3,2,0.6,0,0,10,2,23,7,4.67,109,137,1,0
7,1,1.44,1,1,0.19,0,0,9,7,23,14,4.57,207,76,1,0
0,0,0.0,4,4,0.83,0,1,7,1,21,9,4.22,184,82,0,1
5,2,1.01,1,0,0.14,1,1,1,6,26,11,5.22,281,81,1,0
0,0,0.0,0,0,0.0,0,0,6,6,14,6,2.71,120,22,1,3
3,3,0.62,2,2,0.39,0,0,6,5,19,7,3.8,228,133,0,2
6,0,1.2,2,1,0.36,0,3,4,5,1,1,0.27,10,176,0,3
6,1,1.18,4,1,0.85,2,3,0,1,4,0,0.72,16,158,1,3
1,1,0.18,4,0,0.75,0,0,2,4,17,15,3.37,144,12,1,1
2,0,0.33,3,1,0.72,0,1,7,9,21,7,4.18,107,61,1,1
0,0,0.0,6,0,1.19,3,1,5,0,21,6,4.17,170,63,1,1
2,0,0.49,7,4,1.41,0,0,4,3,15,10,2.97,206,69,1,1
7,5,1.33,3,2,0.62,1,3,8,2,25,19,4.91,339,91,1,0
8,5,1.65,0,0,0.0,0,0,0,2,6,3,1.21,51,157,1,2
5,1,1.0,3,2,0.66,0,0,1,4,20,6,3.94,148,36,1,1
1,0,0.17,5,3,1.01,1,0,0,3,9,6,1.75,104,195,1,3
1,0,0.21,3,0,0.57,0,3,9,11,20,6,3.88,168,85,0,1
3,0,0.56,1,0,0.13,2,2,1,3,17,7,3.31,93,184,1,1
3,2,0.61,0,0,0.0,0,1,0,9,15,3,3.06,162,65,0,1
6,4,1.19,6,5,1.25,0,2,3,0,16,15,3.18,264,26,0,0
1,0,0.18,5,3,0.94,0,0,4,9,16,11,3.22,99,173,0,1
1,0,0.26,0,0,0.0,0,3,3,0,13,3,2.54,102,174,1,3
2,0,0.31,0,0,0.0,1,0,12,8,21,13,4.08,201,64,0,1
0,0,0.0,2,0,0.36,0,0,5,1,5,1,0.96,35,161,0,3
10,7,1.9,9,7,1.76,3,3,3,6,22,12,4.28,243,87,0,0
4,1,0.81,0,0,0.0,0,3,4,8,24,12,4.73,472,114,1,0
2,2,0.38,6,5,1.27,0,1,2,7,19,14,3.83,139,108,0,1
0,0,0.0,0,0,0.0,0,1,8,2,16,3,3.18,105,90,0,3
3,0,0.61,5,1,1.07,1,3,4,0,14,8,2.85,134,237,0,1
2,2,0.43,3,0,0.55,2,3,0,3,32,20,6.39,221,28,0,0
14,9,2.86,3,2,0.57,0,3,6,1,20,12,4.03,204,54,0,0
1,0,0.35,3,3,0.59,1,1,5,1,21,9,4.16,181,84,0,1
2,0,0.37,0,0,0.0,0,3,2,2,7,0,1.32,45,167,1,3
0,0,0.0,5,1,0.96,1,0,1,4,22,14,4.32,156,60,0,1
7,4,1.4,4,0,0.82,2,1,4,2,16,9,3.24,257,104,0,0
1,1,0.2,0,0,0.0,1,0,10,7,7,1,1.4,91,203,1,3
0,0,0.0,1,1,0.21,2,0,1,1,2,0,0.33,0,161,0,3
0,0,0.0,15,5,3.08,2,1,0,1,25,16,5.0,365,74,1,1
10,3,1.95,1,1,0.2,0,0,6,5,25,17,4.89,303,66,1,0
4,4,0.75,3,3,0.56,0,0,2,3,2,2,0.42,40,154,1,2
3,2,0.63,5,1,0.94,0,0,8,4,16,10,3.17,310,172,1,1
0,0,0.0,1,0,0.22,0,3,0,0,33,14,6.59,364,41,0,1
5,4,1.07,1,1,0.29,0,0,4,5,12,8,2.37,306,172,0,2
2,2,0.43,3,1,0.61,1,0,5,0,24,16,4.81,287,122,0,1
10,5,1.95,4,4,0.78,1,2,3,5,19,8,3.7,91,99,1,0
0,0,0.0,6,5,1.16,2,3,6,3,19,16,3.79,232,96,1,1
6,0,1.22,0,0,0.0,0,1,0,2,0,0,0.0,0,204,0,2
4,1,0.78,5,4,1.01,0,3,0,0,21,5,4.19,196,56,0,1
6,3,1.26,2,2,0.32,2,0,6,1,2,2,0.38,28,170,1,2
0,0,0.0,3,2,0.65,0,1,5,4,20,13,3.93,442,25,0,1
0,0,0.0,4,3,0.83,2,3,7,12,17,12,3.37,340,31,1,1
3,2,0.54,2,1,0.39,0,2,10,8,18,10,3.64,367,88,1,1
5,0,0.98,0,0,0.0,0,0,0,0,8,3,1.56,133,126,0,3
6,6,1.2,0,0,0.0,1,1,1,9,15,8,2.99,157,85,0,2
1,0,0.11,0,0,0.0,0,3,3,4,16,8,3.15,262,197,0,1
3,2,0.63,11,5,2.24,3,3,0,0,18,11,3.48,387,97,0,1
10,5,2.04,10,3,1.99,1,0,13,16,18,4,3.58,114,69,1,0
4,4,0.77,0,0,0.0,1,0,3,1,21,9,4.37,263,104,0,2
9,4,1.86,1,0,0.31,2,3,3,2,13,10,2.52,264,247,0,2
4,4,0.86,3,0,0.59,0,0,5,12,22,14,4.42,253,95,0,0
2,2,0.43,0,0,0.0,1,1,9,11,21,18,4.06,516,105,0,0
2,2,0.4,4,0,0.82,0,0,3,0,5,2,0.99,17,159,1,3
3,1,0.65,3,2,0.59,1,0,1,4,9,3,1.72,89,171,1,3
0,0,0.0,2,1,0.34,0,3,5,2,18,12,3.6,230,22,0,1
3,3,0.6,3,0,0.54,2,2,3,8,23,10,4.54,373,90,1,0
0,0,0.0,2,1,0.36,3,1,0,5,22,13,4.34,213,60,0,1
2,2,0.37,4,1,0.82,0,0,0,10,18,9,3.52,165,38,1,1
3,0,0.62,5,0,0.97,0,3,9,9,22,18,4.27,466,89,1,1
1,0,0.16,2,0,0.45,0,1,5,8,7,3,1.38,62,82,1,3
0,0,0.0,6,2,1.19,3,2,6,7,14,10,2.75,312,37,1,1
9,5,1.91,1,1,0.2,0,0,9,0,22,12,4.35,189,86,1,0
4,1,0.77,1,1,0.2,0,1,0,2,21,10,4.16,126,28,0,1
6,6,1.16,4,0,0.75,0,1,0,7,20,11,3.93,285,48,0,0
6,4,1.26,3,2,0.66,0,2,2,0,18,10,3.58,133,97,1,2
4,4,0.77,0,0,0.0,0,3,1,3,0,0,0.0,0,121,0,2
6,3,1.14,2,0,0.39,0,1,6,3,13,6,2.63,238,130,0,2
2,1,0.35,0,0,0.0,0,0,2,0,21,15,4.29,182,72,1,1
1,0,0.18,5,3,0.97,0,0,7,6,20,11,3.99,278,16,0,1
5,1,0.95,3,0,0.54,0,0,0,8,8,5,1.65,91,212,0,2
7,3,1.36,3,0,0.53,1,3,0,0,23,12,4.58,279,107,0,0
4,2,0.78,1,0,0.13,1,0,4,3,0,0,0.0,0,162,0,3
2,0,0.45,7,1,1.45,3,0,10,12,20,10,3.96,340,31,1,1
2,0,0.5,6,5,1.16,0,1,4,4,21,16,4.17,158,81,0,1
12,9,2.46,8,6,1.55,1,0,7,3,21,4,4.13,187,94,1,0
4,2,0.79,7,3,1.46,1,3,3,11,19,11,3.85,330,95,1,1
0,0,0.0,6,0,1.2,0,2,4,2,21,11,4.22,260,25,1,1
6,4,1.24,3,0,0.54,2,0,0,3,25,7,4.98,273,83,1,0
2,2,0.35,0,0,0.0,0,1,4,5,6,2,1.14,44,188,0,3
5,4,0.98,2,0,0.47,2,2,4,9,24,15,4.76,343,33,0,0
5,2,1.08,1,1,0.23,0,3,2,4,15,7,3.03,145,114,1,2
2,2,0.49,4,1,0.81,0,3,2,6,28,11,5.69,180,11,0,1
1,1,0.21,2,1,0.42,0,0,1,4,7,0,1.4,71,172,1,3
0,0,0.0,1,0,0.26,0,0,8,14,18,12,3.64,167,90,1,1
11,7,2.26,3,2,0.69,3,1,3,3,19,5,3.78,147,123,1,0
2,2,0.43,0,0,0.0,1,1,0,2,13,10,2.65,312,127,1,1
1,0,0.19,7,1,1.4,2,0,6,3,14,8,2.68,61,89,0,1
3,3,0.57,0,0,0.0,0,3,5,6,19,13,3.73,347,49,0,0
0,0,0.0,7,5,1.41,2,2,3,14,21,6,4.19,63,69,0,1
4,4,0.74,3,2,0.63,1,2,5,2,18,6,3.52,106,93,1,2
5,2,0.98,9,4,1.91,1,0,8,13,21,10,4.19,111,66,0,0
0,0,0.0,2,1,0.39,1,0,1,6,27,13,5.37,131,92,1,1
1,1,0.17,1,0,0.13,0,1,8,1,1,1,0.12,13,132,0,3
4,4,0.88,0,0,0.0,2,2,12,0,20,9,3.89,232,33,1,2
2,0,0.41,0,0,0.0,2,3,2,2,1,0,0.22,0,188,0,3
0,0,0.0,0,0,0.0,0,2,6,10,21,15,4.12,255,65,0,1
11,7,2.19,8,4,1.58,2,1,6,10,24,6,4.75,125,94,1,0
10,3,2.03,1,0,0.24,0,2,8,7,20,12,4.01,163,40,0,0
2,2,0.34,2,0,0.4,0,0,8,4,7,1,1.39,89,197,0,3
8,8,1.62,6,5,1.18,0,1,6,12,20,6,3.95,128,94,1,0
1,1,0.23,6,3,1.17,1,3,0,0,18,11,3.5,191,153,0,1
0,0,0.0,2,2,0.4,0,2,1,4,16,9,3.25,246,116,0,1
9,5,1.7,1,1,0.23,1,0,5,2,17,8,3.42,141,74,1,0
2,2,0.37,3,0,0.61,0,2,5,9,23,13,4.54,254,91,1,1
0,0,0.0,1,1,0.24,0,2,8,13,20,10,3.93,165,93,0,1
2,1,0.36,0,0,0.0,0,1,3,1,12,3,2.36,134,93,1,3
0,0,0.0,2,2,0.38,0,3,10,5,23,10,4.52,191,93,0,1
4,4,0.83,2,0,0.42,0,0,12,11,17,13,3.36,344,112,0,0
9,8,1.91,5,1,1.0,2,1,1,9,20,5,4.03,112,80,0,0
6,6,1.27,0,0,0.0,0,3,7,2,6,2,1.24,78,141,0,2
0,0,0.0,1,1,0.18,1,1,3,3,22,10,4.42,210,82,0,1
5,3,1.04,0,0,0.0,0,3,6,6,21,13,4.11,276,123,1,2
0,0,0.0,3,0,0.59,0,0,5,7,13,8,2.53,99,146,0,1
0,0,0.0,0,0,0.0,0,0,7,1,19,11,3.82,158,50,1,1
2,1,0.4,1,1,0.17,1,0,15,6,10,5,2.01,154,167,0,1
0,0,0.0,4,4,0.72,1,3,0,2,17,13,3.36,344,19,0,1
1,1,0.22,3,1,0.54,2,3,4,8,22,12,4.41,230,58,0,1
7,5,1.42,2,2,0.39,0,0,2,2,8,6,1.62,151,136,1,2
1,1,0.21,7,4,1.33,2,0,11,16,22,13,4.3,357,18,1,1
1,1,0.29,0,0,0.0,0,0,0,0,5,5,0.88,83,101,1,3
1,0,0.25,1,1,0.22,0,2,3,5,17,6,3.38,94,96,1,1
6,1,1.12,4,3,0.77,0,0,6,0,18,11,3.47,140,54,0,0
0,0,0.0,5,0,1.0,0,0,0,4,21,13,4.23,291,78,0,1
2,1,0.42,7,4,1.39,2,1,3,4,20,8,4.0,243,34,0,1
2,0,0.39,5,2,0.91,0,2,5,9,14,11,2.76,314,34,0,1
0,0,0.0,7,6,1.42,0,1,6,5,12,8,2.32,68,29,1,1
0,0,0.0,7,7,1.37,0,2,0,10,12,9,2.34,112,21,0,1
5,5,0.99,3,2,0.55,0,1,2,0,20,11,3.82,136,128,0,2
7,1,1.41,0,0,0.0,0,0,4,1,17,8,3.45,147,115,0,2
3,2,0.61,1,1,0.21,2,1,8,3,19,10,3.79,340,59,0,1
4,4,0.77,1,0,0.25,0,1,0,2,4,1,0.79,40,185,1,2
0,0,0.0,2,0,0.39,1,1,5,3,9,3,1.88,66,154,1,3
2,1,0.37,9,4,1.81,0,0,1,8,15,8,2.93,126,65,0,1
0,0,0.0,0,0,0.0,0,0,8,8,14,6,2.77,211,185,1,3
2,2,0.32,0,0,0.0,1,3,3,0,0,0,0.0,35,147,0,3
30,19,6.0,5,3,0.98,1,0,9,17,19,8,3.88,173,196,0,0
2,1,0.45,0,0,0.0,0,2,5,2,13,8,2.57,236,114,1,1
0,0,0.0,7,5,1.43,2,0,9,7,7,5,1.4,55,123,0,1
0,0,0.0,1,1,0.23,2,3,5,2,3,0,0.68,20,153,0,3
8,7,1.62,4,4,0.77,0,3,2,11,17,6,3.43,175,34,1,0
13,4,2.57,4,4,0.79,0,3,9,3,23,13,4.49,505,134,0,0
2,1,0.39,5,5,1.03,1,1,0,0,17,4,3.36,196,55,0,1
5,1,0.93,2,2,0.41,2,1,5,9,19,15,3.77,202,77,1,0
10,5,2.02,4,2,0.9,0,0,8,5,17,12,3.39,133,118,1,0
14,12,2.81,4,2,0.78,0,0,3,0,23,13,4.59,394,84,1,0
2,0,0.46,4,4,0.76,0,0,2,7,20,15,3.93,284,81,0,1
0,0,0.0,2,0,0.42,0,1,10,8,22,15,4.45,151,87,0,1
7,5,1.46,5,1,0.95,0,3,7,2,20,15,4.0,434,102,0,0
0,0,0.0,3,1,0.58,2,0,2,0,22,6,4.41,149,47,1,1
1,0,0.16,8,4,1.6,2,1,4,8,20,7,4.04,204,97,1,1
11,5,2.22,1,0,0.2,0,2,0,1,17,7,3.39,119,78,0,0
0,0,0.0,2,0,0.4,0,0,0,1,9,4,1.78,116,84,1,3
0,0,0.0,2,0,0.37,0,0,10,2,0,0,0.0,10,126,0,3
1,1,0.26,4,0,0.82,0,1,3,3,28,13,5.55,274,97,0,1
2,1,0.39,4,4,0.91,1,3,4,11,26,12,5.16,182,62,0,1
3,2,0.63,1,1,0.24,2,3,11,8,11,6,2.09,99,34,1,1
8,3,1.66,0,0,0.0,0,0,10,8,16,6,3.15,276,120,0,2
4,3,0.82,2,0,0.38,0,3,2,0,3,0,0.54,23,136,1,3
12,10,2.49,10,8,2.03,0,3,1,3,19,11,3.67,203,49,0,0
0,0,0.0,6,3,1.13,2,1,0,3,17,8,3.39,348,67,0,1
2,2,0.4,3,3,0.48,1,0,10,2,14,8,2.8,170,50,0,1
2,0,0.45,5,5,0.96,1,3,2,3,21,12,4.13,441,27,0,1
5,4,1.12,0,0,0.0,2,0,5,5,20,14,3.96,341,97,0,0
0,0,0.0,0,0,0.0,1,2,5,0,4,4,0.82,69,106,0,3
1,1,0.06,6,6,1.22,0,1,9,5,6,6,1.18,56,119,0,1
3,3,0.65,4,0,0.79,1,0,7,4,9,5,1.78,160,171,0,1
3,1,0.58,0,0,0.0,0,2,3,9,7,6,1.38,41,126,0,3
1,0,0.14,2,2,0.42,2,2,4,6,18,8,3.61,199,37,0,1
2,2,0.36,0,0,0.0,1,1,0,2,9,3,1.79,77,162,1,3
0,0,0.0,3,3,0.62,1,2,5,4,2,2,0.38,69,109,1,3
1,1,0.28,0,0,0.0,0,1,7,2,25,8,4.95,86,161,1,1
6,3,1.27,3,1,0.65,0,3,7,2,17,6,3.34,128,47,0,2
5,2,0.99,4,3,0.8,0,0,1,2,9,3,1.82,68,166,1,2
2,0,0.39,4,2,0.84,0,2,15,0,1,0,0.23,1,118,1,3
0,0,0.0,6,1,1.22,2,2,10,1,17,12,3.38,186,27,0,1
5,0,1.08,0,0,0.0,0,1,8,9,19,10,3.82,224,94,0,2
3,3,0.55,7,4,1.38,0,0,5,10,16,5,3.18,201,84,1,1
7,6,1.39,2,1,0.4,1,1,9,13,23,8,4.59,156,69,0,0
0,0,0.0,2,2,0.4,0,1,7,4,19,8,3.75,200,95,0,1
0,0,0.0,8,5,1.65,2,1,8,13,19,10,3.84,247,32,0,1
8,5,1.56,2,0,0.41,2,2,0,0,27,14,5.37,437,112,0,0
15,12,3.01,6,3,1.15,2,1,12,3,13,6,2.6,248,129,0,0
0,0,0.0,3,3,0.52,2,0,9,12,15,5,2.98,113,100,1,1
0,0,0.0,10,4,1.94,3,1,2,0,18,8,3.58,165,38,0,1
12,9,2.39,7,1,1.37,0,0,9,11,26,11,5.18,304,97,0,0
0,0,0.0,2,1,0.42,0,1,0,7,19,9,3.67,138,77,0,1
2,0,0.37,4,1,0.77,0,1,5,7,18,11,3.6,331,71,1,1
1,0,0.22,1,0,0.26,2,2,3,2,8,4,1.55,102,152,1,3
3,1,0.61,5,4,0.94,3,1,11,0,1,1,0.19,24,152,0,3
7,3,1.34,0,0,0.0,0,1,0,2,14,6,2.75,69,219,1,2
0,0,0.0,0,0,0.0,2,0,2,17,24,17,4.81,533,59,0,1
3,1,0.66,3,3,0.54,3,0,6,1,20,10,3.94,222,96,1,1
6,4,1.25,0,0,0.0,0,2,9,14,23,12,4.56,224,96,0,0
13,7,2.51,0,0,0.0,1,3,14,0,24,12,4.74,323,65,1,0
0,0,0.0,1,0,0.17,0,1,2,6,7,2,1.35,34,195,1,3
9,4,1.82,4,1,0.84,2,1,4,12,19,12,3.74,338,73,1,0
2,0,0.43,11,8,2.24,2,1,11,5,22,14,4.31,477,97,0,1
6,3,1.21,0,0,0.0,0,1,0,0,17,4,3.35,55,60,1,2
3,0,0.62,1,1,0.19,1,0,9,5,22,13,4.38,295,101,0,1
0,0,0.0,2,2,0.42,0,1,10,4,8,6,1.54,171,163,0,3
6,1,1.21,0,0,0.0,0,0,1,2,9,7,1.8,98,156,1,2
1,1,0.15,8,4,1.68,0,1,8,2,20,7,4.0,147,32,1,1
8,3,1.58,1,0,0.22,1,2,2,2,8,3,1.58,79,235,0,2
2,0,0.3,2,0,0.36,2,0,11,4,16,5,3.12,173,80,0,1
1,1,0.15,2,0,0.36,0,1,3,1,11,6,2.1,105,133,1,3
3,3,0.56,0,0,0.0,0,2,5,3,8,4,1.63,173,95,1,2
2,0,0.36,0,0,0.0,2,1,4,9,1,1,0.28,21,173,0,3
2,0,0.44,3,3,0.6,0,0,5,1,13,5,2.65,187,145,1,1
2,1,0.32,4,4,0.79,1,2,2,5,1,1,0.21,1,140,1,3
2,1,0.37,1,0,0.18,2,2,3,0,13,13,2.6,118,161,0,1
10,5,2.03,4,3,0.83,1,1,6,0,4,2,0.78,26,165,0,2
0,0,0.0,2,1,0.42,3,0,0,6,14,5,2.77,98,124,1,3
11,5,2.26,0,0,0.0,0,1,4,1,21,15,4.14,267,79,0,0
10,8,2.01,0,0,0.0,0,1,0,0,23,5,4.53,159,85,1,0
0,0,0.0,0,0,0.0,0,3,0,3,6,4,1.1,68,189,0,3
6,3,1.15,1,1,0.16,0,2,0,1,0,0,0.0,0,150,1,2
2,0,0.36,5,2,0.97,3,0,4,3,0,0,0.0,0,91,1,3
6,0,1.19,3,0,0.58,1,1,7,10,23,14,4.55,199,78,1,0
1,0,0.24,1,1,0.22,0,3,8,12,15,5,3.04,200,80,0,1
4,1,0.84,0,0,0.0,0,0,10,2,8,6,1.7,75,112,1,2
1,0,0.22,13,5,2.56,0,2,0,1,13,9,2.51,146,54,0,1
0,0,0.0,0,0,0.0,0,0,6,6,18,6,3.61,159,77,0,1
4,3,0.76,0,0,0.0,1,0,1,2,2,0,0.4,66,129,1,3
4,2,0.85,2,0,0.39,0,0,13,3,8,4,1.67,85,135,0,2
10,8,1.98,2,0,0.36,0,0,7,8,24,8,4.74,243,114,0,0
3,3,0.52,0,0,0.0,0,1,2,2,1,1,0.25,25,195,0,3
1,1,0.15,0,0,0.0,2,3,2,0,34,12,6.79,367,40,1,1
2,1,0.36,4,1,0.81,3,0,7,2,18,7,3.64,141,89,0,1
5,4,0.98,1,0,0.15,2,0,3,0,1,0,0.16,0,146,1,2
1,1,0.2,3,1,0.65,0,1,4,0,9,2,1.77,132,114,0,3
11,5,2.13,6,1,1.16,1,0,11,5,26,15,5.19,276,169,0,0
10,7,1.98,0,0,0.0,0,0,1,0,24,10,4.83,279,118,0,0
3,3,0.58,2,0,0.46,0,3,0,0,17,7,3.39,295,107,0,2
6,4,1.19,10,6,2.03,3,1,3,0,14,8,2.69,190,107,1,0
4,0,0.76,2,2,0.39,0,2,7,4,12,7,2.44,76,151,0,1
0,0,0.0,4,4,0.82,0,0,7,7,21,14,4.24,437,60,0,1
8,4,1.58,1,1,0.14,1,1,8,1,8,3,1.56,85,182,1,2
7,3,1.37,6,2,1.29,2,1,4,8,18,14,3.62,310,91,0,0
3,3,0.55,4,3,0.74,0,3,1,2,6,4,1.22,69,101,0,1
9,6,1.84,0,0,0.0,0,0,5,5,26,8,5.12,262,50,1,0
10,8,1.91,1,1,0.26,0,3,9,3,19,14,3.82,137,95,0,0
2,2,0.31,1,1,0.21,0,0,2,7,17,5,3.38,49,37,0,1
0,0,0.0,3,1,0.6,0,3,9,4,12,7,2.32,225,161,0,1
5,3,1.02,0,0,0.0,0,0,4,0,5,1,1.04,62,103,1,2
0,0,0.0,0,0,0.0,0,1,10,1,3,0,0.7,20,96,0,3
0,0,0.0,2,0,0.38,0,0,2,3,0,0,0.0,1,88,1,3
0,0,0.0,0,0,0.0,0,1,3,6,21,10,4.19,90,79,0,1
13,5,2.58,8,2,1.56,3,0,10,9,22,16,4.39,497,85,1,0
3,2,0.6,4,4,0.88,2,1,3,2,21,13,4.12,420,39,0,1
7,5,1.4,2,0,0.43,0,1,5,3,21,9,4.23,151,154,0,0
1,1,0.19,4,2,0.78,0,1,0,6,1,0,0.14,0,106,1,3
6,4,1.19,2,1,0.35,2,0,10,0,11,5,2.19,184,100,1,2
5,2,0.93,3,0,0.61,0,3,1,4,18,16,3.54,196,114,1,2
5,3,1.03,5,5,0.97,0,0,7,0,23,11,4.52,169,19,0,0
0,0,0.0,4,3,0.81,0,3,5,6,18,8,3.6,205,95,0,1
1,0,0.18,0,0,0.0,1,3,1,2,2,0,0.36,19,87,0,3
5,1,1.0,0,0,0.0,0,1,1,7,20,11,4.04,426,38,1,0
3,0,0.68,0,0,0.0,0,0,8,3,7,5,1.39,247,164,0,3
4,3,0.76,5,4,0.95,0,0,8,6,15,9,3.02,194,40,1,1
2,2,0.41,2,0,0.41,0,2,0,5,16,13,3.22,424,40,1,1
4,1,0.8,1,1,0.13,0,0,4,9,23,8,4.63,119,104,1,2
1,0,0.28,2,2,0.4,2,2,2,4,25,8,4.95,273,11,0,1
4,1,0.89,1,1,0.12,2,3,10,6,17,7,3.37,167,47,0,1
3,1,0.64,1,1,0.31,1,3,2,1,18,11,3.53,293,22,0,1
1,1,0.38,10,5,2.06,2,1,1,8,22,16,4.38,304,33,0,1
6,5,1.2,5,5,0.92,3,3,0,9,28,14,5.53,298,79,1,0
5,5,0.78,7,7,1.37,2,0,2,1,19,11,3.83,325,25,0,0
5,1,0.97,5,3,1.04,0,3,4,0,24,20,4.72,224,110,0,0
3,3,0.58,5,5,1.01,1,1,9,0,24,11,4.75,170,17,0,1
6,4,1.28,2,2,0.4,0,1,5,6,18,11,3.6,236,68,0,0
2,2,0.39,1,0,0.21,0,0,0,0,12,6,2.41,102,174,1,3
2,2,0.47,3,0,0.64,0,0,7,5,8,6,1.53,165,184,0,1
3,0,0.64,2,2,0.5,0,1,3,0,16,6,3.15,207,90,0,1
2,0,0.41,1,1,0.14,1,3,13,0,20,8,3.96,97,66,0,1
2,0,0.42,1,1,0.19,2,0,3,3,19,10,3.77,248,85,0,1
0,0,0.0,6,3,1.11,0,1,7,12,19,10,3.79,337,32,1,1
2,0,0.46,3,1,0.6,0,0,19,7,18,8,3.62,151,97,0,1
3,0,0.59,0,0,0.0,0,0,5,7,6,3,1.19,90,100,0,3
2,2,0.38,5,2,1.02,1,0,0,7,17,8,3.38,135,198,1,1
9,7,1.82,2,1,0.44,0,3,9,6,20,9,3.94,176,90,0,0
5,2,1.01,3,3,0.61,1,1,3,3,0,0,0.0,0,172,0,3
0,0,0.0,2,0,0.36,0,2,6,0,21,11,4.19,160,49,1,1
1,1,0.31,3,0,0.52,1,1,0,0,24,8,4.76,291,83,0,1
2,0,0.44,5,4,1.07,0,2,8,10,17,13,3.44,152,42,0,1
1,0,0.17,2,0,0.38,0,1,3,6,9,3,1.81,53,84,0,3
2,2,0.43,5,5,0.99,0,2,6,2,14,9,2.79,215,41,0,1
0,0,0.0,2,2,0.3,3,2,0,7,16,3,3.18,102,125,1,1
11,8,2.14,4,2,0.77,2,1,3,12,14,5,2.83,177,92,0,0
2,0,0.44,2,2,0.41,1,0,6,2,14,8,2.86,97,75,0,1
1,0,0.16,0,0,0.0,1,0,1,0,6,2,1.24,90,189,1,3
1,1,0.2,5,1,1.08,2,3,8,14,19,4,3.78,172,27,0,1
2,2,0.35,3,0,0.59,3,0,6,4,6,4,1.26,56,206,1,3
2,2,0.39,5,1,0.99,0,1,9,6,24,9,4.76,187,58,0,1
2,0,0.38,0,0,0.0,0,1,0,10,13,7,2.54,166,68,0,1
1,0,0.2,0,0,0.0,2,2,9,0,16,7,3.22,116,110,1,3
4,0,0.92,0,0,0.0,0,0,5,10,24,9,4.84,223,112,1,2
0,0,0.0,0,0,0.0,0,2,19,16,24,8,4.77,92,40,0,1
6,5,1.19,2,1,0.32,0,1,7,9,25,15,5.05,153,26,1,0
5,4,0.99,2,0,0.42,0,2,0,1,15,8,2.91,309,126,1,2
2,2,0.36,1,1,0.24,2,1,9,2,10,5,1.98,97,130,1,3
6,4,1.15,2,2,0.41,1,1,3,1,18,10,3.53,106,93,1,2
0,0,0.0,2,2,0.38,0,3,6,9,20,8,3.93,64,53,1,1
1,0,0.27,7,5,1.38,0,0,4,3,19,9,3.77,201,56,1,1
0,0,0.0,0,0,0.0,0,0,8,5,16,8,3.27,209,187,0,1
2,2,0.45,0,0,0.0,0,2,5,11,16,11,3.25,222,94,0,1
0,0,0.0,2,0,0.4,2,0,0,0,30,14,6.03,363,41,1,1
3,1,0.49,5,5,1.08,3,2,5,8,20,13,4.0,286,102,0,1
0,0,0.0,9,5,1.79,4,1,3,0,22,14,4.36,425,55,0,1
5,5,0.98,2,2,0.37,0,0,9,14,21,15,4.19,173,66,1,0
4,4,0.79,4,4,0.77,0,0,8,7,3,3,0.53,14,142,0,2
0,0,0.0,0,0,0.0,1,1,4,6,10,5,2.06,213,108,0,3
3,1,0.62,0,0,0.0,1,0,0,1,20,11,3.89,273,43,0,1
6,4,1.13,8,7,1.55,3,1,6,11,21,6,4.17,114,36,0,0
0,0,0.0,1,1,0.23,2,1,0,11,22,6,4.37,89,17,1,1
0,0,0.0,3,0,0.62,0,2,2,9,27,10,5.41,148,65,0,1
1,1,0.33,12,5,2.33,0,0,0,1,17,11,3.4,148,56,0,1
7,5,1.35,1,1,0.2,0,0,7,8,27,15,5.39,154,23,0,0
11,5,2.15,8,7,1.66,0,2,0,8,20,9,3.86,378,93,1,0
14,8,2.82,9,7,1.85,1,1,4,4,22,13,4.36,247,89,0,0
4,1,0.84,4,0,0.75,0,2,5,1,2,0,0.37,1,115,1,3
6,6,1.26,3,1,0.67,0,2,10,4,20,12,3.98,234,120,1,0
5,5,0.95,2,1,0.37,0,0,0,0,13,9,2.58,119,187,0,2
5,2,0.98,4,2,0.8,0,1,4,10,25,17,4.98,236,49,1,0
0,0,0.0,9,7,1.78,0,3,2,10,12,8,2.33,113,21,1,1
1,1,0.18,4,0,0.74,1,0,1,4,24,11,4.78,240,144,1,1
2,2,0.44,0,0,0.0,0,1,10,14,22,17,4.46,514,105,0,0
8,6,1.51,1,1,0.26,0,3,2,7,23,15,4.68,194,82,0,0
12,9,2.32,3,3,0.66,0,1,8,11,18,6,3.65,140,197,1,0
4,2,0.85,5,3,1.03,2,1,2,3,22,9,4.28,274,82,1,1
10,7,1.99,1,0,0.19,0,0,0,1,17,7,3.36,119,80,0,0
11,9,2.24,4,2,0.89,3,3,11,20,24,16,4.75,427,114,0,0
2,0,0.37,1,0,0.25,0,2,9,9,17,13,3.39,425,23,1,1
2,0,0.32,3,0,0.59,0,0,3,1,18,10,3.64,276,17,1,1
0,0,0.0,1,0,0.1,0,2,1,0,9,4,1.79,80,160,0,3
6,4,1.13,0,0,0.0,0,0,7,4,10,7,1.94,125,199,0,2
4,1,0.81,1,0,0.26,0,1,3,3,0,0,0.0,2,159,1,3
4,3,0.75,3,3,0.62,2,3,5,0,9,8,1.81,147,194,1,1
4,3,0.83,4,4,0.7,2,2,11,11,18,13,3.62,169,64,0,0
3,1,0.59,2,2,0.41,1,2,0,1,9,6,1.84,132,129,0,1
12,7,2.38,6,3,1.31,3,3,2,11,15,4,2.96,76,110,0,0
8,5,1.62,0,0,0.0,2,2,0,6,11,8,2.13,237,132,1,2
0,0,0.0,12,9,2.5,0,0,0,0,18,10,3.59,391,97,1,1
5,2,1.01,0,0,0.0,1,0,0,7,18,7,3.56,296,90,1,2
4,0,0.89,2,2,0.4,0,1,0,6,19,11,3.78,142,103,0,1
0,0,0.0,7,5,1.47,0,0,7,9,13,6,2.65,157,45,0,1
7,3,1.36,0,0,0.0,0,1,2,12,19,10,3.79,95,107,1,2
13,7,2.54,2,2,0.34,2,2,5,0,19,8,3.87,194,131,0,0
5,2,0.94,2,2,0.34,0,2,6,4,23,16,4.59,207,76,1,0
2,1,0.49,4,2,0.81,1,1,3,1,20,9,3.96,139,64,1,1
0,0,0.0,4,4,0.82,1,1,4,2,23,10,4.51,374,69,0,1
2,0,0.38,2,0,0.37,0,3,3,7,17,11,3.39,423,23,1,1
6,6,1.2,6,3,1.26,3,2,4,8,22,11,4.33,174,28,1,0
1,0,0.29,1,0,0.2,0,1,0,4,12,7,2.41,102,125,0,3
4,1,0.73,2,1,0.44,1,0,0,4,15,11,2.98,146,114,0,1
6,4,1.25,3,0,0.57,1,2,0,8,13,3,2.58,116,94,1,2
2,2,0.4,1,1,0.19,0,1,3,3,19,9,3.78,128,29,0,1
6,3,1.19,0,0,0.0,0,2,1,6,19,5,3.79,112,51,0,2
3,0,0.6,2,1,0.39,0,0,8,7,13,5,2.58,178,89,1,1
2,2,0.36,0,0,0.0,0,2,9,2,0,0,0.0,11,85,0,3
4,3,0.78,0,0,0.0,0,1,2,1,18,13,3.54,206,78,1,2
0,0,0.0,4,2,0.8,0,3,10,7,26,17,5.22,244,48,0,1
5,5,0.93,5,1,1.01,0,0,6,11,23,9,4.63,185,29,0,0
1,0,0.14,2,0,0.37,0,1,0,3,12,9,2.33,171,94,0,1
3,3,0.66,3,2,0.59,0,0,6,3,11,5,2.19,122,148,1,1
2,2,0.38,4,4,0.76,0,1,7,8,21,9,4.19,186,60,0,1
2,2,0.43,3,2,0.55,2,0,4,6,19,15,3.78,497,99,1,1
0,0,0.0,0,0,0.0,0,3,0,5,15,7,2.99,249,80,0,1
1,0,0.19,3,2,0.53,0,0,4,3,12,4,2.42,65,137,1,3
0,0,0.0,1,1,0.24,2,1,2,6,6,2,1.09,64,184,0,3
1,1,0.24,1,0,0.13,0,1,2,2,28,11,5.56,273,95,0,1
0,0,0.0,1,1,0.28,0,1,10,3,21,7,4.15,271,36,1,1
3,0,0.59,6,2,1.23,0,2,9,10,15,5,2.95,112,83,1,1
3,0,0.65,1,1,0.18,1,1,4,0,24,9,4.81,270,88,0,1
9,4,1.85,5,2,1.05,0,1,0,0,23,10,4.62,134,127,1,0
0,0,0.0,3,2,0.65,2,0,0,6,28,11,5.62,178,11,0,1
4,0,0.75,0,0,0.0,0,1,6,3,2,0,0.44,22,151,0,3
5,0,0.97,5,2,1.02,0,1,1,5,6,5,1.13,123,138,1,1
0,0,0.0,4,2,0.81,2,3,7,1,18,10,3.58,122,32,1,1
6,2,1.13,2,0,0.47,2,1,8,4,3,3,0.65,78,142,1,2
0,0,0.0,2,1,0.4,0,3,3,1,18,8,3.45,204,56,0,1
2,2,0.41,2,0,0.41,1,0,0,5,0,0,0.0,21,97,1,3
3,3,0.59,6,1,1.24,2,0,1,3,16,7,3.12,175,48,1,1
0,0,0.0,4,4,0.78,0,1,0,0,16,10,3.14,190,151,0,1
1,0,0.16,13,7,2.66,1,0,0,0,18,10,3.62,268,70,0,1
1,0,0.26,5,4,1.04,0,3,4,7,20,12,4.07,162,33,0,1
4,4,0.89,3,3,0.74,0,2,8,1,17,4,3.33,84,125,0,2
8,6,1.62,5,0,0.99,3,0,6,11,24,5,4.73,130,45,1,0
5,4,1.0,2,1,0.43,0,1,6,1,13,9,2.65,127,97,0,2
13,2,2.61,5,3,1.02,2,2,3,12,17,14,3.39,402,179,0,0
3,3,0.53,5,3,1.04,0,0,5,8,17,7,3.37,316,34,0,1
1,0,0.19,2,1,0.4,0,1,5,0,10,1,2.0,31,107,0,3
8,6,1.7,0,0,0.0,2,1,3,0,11,4,2.3,51,195,1,2
0,0,0.0,5,0,1.01,2,1,2,3,18,12,3.62,338,75,0,1
3,0,0.6,3,1,0.64,1,0,0,10,20,15,3.99,140,15,0,1
5,2,0.97,1,1,0.1,0,2,9,0,2,1,0.43,26,128,1,2
0,0,0.0,4,0,0.79,2,2,9,5,18,14,3.6,334,54,1,1
0,0,0.0,6,2,1.31,1,1,4,12,24,11,4.82,299,26,1,1
3,2,0.65,2,1,0.48,0,3,4,5,13,8,2.55,307,173,0,1
2,0,0.36,0,0,0.0,0,3,6,4,16,4,3.18,115,14,0,1
9,5,1.82,5,3,1.03,0,0,12,13,21,15,4.17,176,44,1,0
2,0,0.38,0,0,0.0,0,0,4,8,23,12,4.52,124,15,1,1
7,5,1.4,3,2,0.63,1,1,10,6,26,17,5.11,154,26,0,0
10,5,1.97,2,2,0.36,1,0,5,0,0,0,0.0,30,162,0,2
3,3,0.59,5,3,0.97,0,1,4,16,19,9,3.81,235,31,1,1
0,0,0.0,2,1,0.37,0,0,5,5,8,3,1.68,80,177,1,3
0,0,0.0,7,1,1.38,3,2,3,6,14,8,2.81,91,54,1,1
0,0,0.0,2,2,0.48,0,0,3,5,0,0,0.0,23,195,1,3
0,0,0.0,0,0,0.0,1,0,2,2,23,11,4.56,220,79,0,1
3,1,0.54,1,1,0.3,0,3,3,3,0,0,0.0,0,156,1,3
10,8,1.93,6,2,1.22,2,0,8,1,21,15,4.11,392,61,1,0
4,1,0.77,4,3,0.74,3,0,4,0,13,8,2.6,200,104,0,1
4,0,0.8,0,0,0.0,1,1,0,2,3,3,0.64,89,190,0,3
16,9,3.28,4,1,0.82,2,0,5,1,23,15,4.57,366,148,1,0
3,0,0.59,1,0,0.14,0,2,6,10,19,10,3.8,218,85,1,1
12,8,2.35,0,0,0.0,1,1,2,0,8,5,1.67,91,123,0,0
3,1,0.57,7,5,1.34,1,1,7,7,17,8,3.37,150,60,0,1
2,0,0.4,2,2,0.43,0,2,4,1,18,9,3.6,141,64,0,1
1,1,0.15,1,1,0.14,1,2,0,0,7,4,1.44,83,101,1,3
2,1,0.5,0,0,0.0,1,0,2,0,10,3,1.97,104,151,0,3
6,4,1.08,0,0,0.0,0,0,0,0,12,6,2.33,95,154,1,2
6,4,1.16,0,0,0.0,1,0,11,1,22,17,4.41,474,158,0,0
7,2,1.37,0,0,0.0,0,0,0,0,23,17,4.58,422,44,0,0
0,0,0.0,2,0,0.42,0,1,0,8,30,13,5.96,150,68,0,1
0,0,0.0,5,4,1.0,0,0,7,0,3,1,0.6,44,130,1,3
6,3,1.17,2,2,0.36,0,0,0,4,23,13,4.51,192,52,0,0
4,3,0.83,2,1,0.37,0,1,2,2,12,2,2.37,108,125,1,2
3,3,0.68,0,0,0.0,0,2,2,4,14,7,2.82,193,40,0,2
12,7,2.46,6,2,1.15,0,2,4,11,18,12,3.58,189,106,1,0
12,7,2.41,6,1,1.2,1,0,0,5,26,10,5.14,226,123,1,0
4,1,0.8,4,4,0.88,0,1,2,2,28,19,5.53,225,107,0,0
0,0,0.0,7,4,1.39,0,0,3,2,29,21,5.78,688,39,0,1
0,0,0.0,7,2,1.46,2,3,6,0,19,11,3.82,252,9,1,1
3,2,0.58,1,0,0.15,1,0,5,2,12,6,2.44,105,131,0,1
12,9,2.35,1,1,0.21,0,1,8,1,20,15,3.95,204,56,1,0
1,1,0.22,0,0,0.0,0,3,11,0,12,4,2.47,87,134,0,3
2,2,0.35,5,5,0.97,0,0,6,13,19,10,3.78,276,108,1,1
0,0,0.0,0,0,0.0,0,3,5,7,18,8,3.5,158,80,0,1
11,5,2.31,8,6,1.6,3,0,4,0,21,6,4.18,118,81,1,0
2,1,0.43,5,1,0.94,0,0,2,4,22,10,4.32,159,34,1,1
7,4,1.42,1,0,0.25,2,0,2,9,23,20,4.59,431,50,0,0
11,10,2.16,5,5,1.08,1,3,3,6,22,13,4.39,277,72,1,0
2,0,0.44,4,4,0.74,0,0,7,8,20,12,3.9,160,39,1,1
1,0,0.15,4,1,0.82,2,0,0,2,8,7,1.66,158,126,1,3
0,0,0.0,3,3,0.57,0,3,7,3,6,5,1.16,166,181,0,3
0,0,0.0,6,1,1.15,0,2,2,1,1,0,0.11,0,147,0,3
0,0,0.0,3,1,0.56,0,1,1,5,6,5,1.26,122,112,0,3
0,0,0.0,6,2,1.21,3,1,7,3,16,10,3.21,266,177,0,1
4,0,0.82,5,5,1.06,1,0,8,15,20,10,3.96,277,108,0,1
15,11,3.01,0,0,0.0,0,3,0,1,4,2,0.8,24,237,0,0
2,2,0.43,2,2,0.42,0,2,4,2,2,0,0.39,2,165,0,3
7,6,1.43,5,0,0.97,2,0,3,3,19,8,3.7,104,203,0,0
1,0,0.17,3,3,0.59,0,0,4,2,19,13,3.71,137,18,0,1
1,0,0.22,6,3,1.16,0,3,7,1,22,9,4.42,320,73,0,1
2,2,0.42,3,3,0.51,0,0,4,1,16,6,3.2,138,42,1,1
0,0,0.0,3,2,0.57,1,1,2,2,4,3,0.84,58,178,1,3
6,3,1.18,0,0,0.0,0,1,2,4,4,2,0.86,64,210,0,2
3,0,0.64,1,1,0.08,0,3,0,4,8,3,1.42,151,179,0,3
0,0,0.0,10,6,2.06,0,0,2,4,13,10,2.56,297,113,0,1
0,0,0.0,0,0,0.0,2,3,1,2,20,8,3.92,260,107,0,1
1,1,0.19,4,4,0.79,3,0,11,4,18,12,3.57,159,42,1,1
5,2,1.0,5,2,0.97,0,0,3,4,2,2,0.3,10,117,1,3
10,6,1.99,12,5,2.42,2,1,5,0,16,9,3.21,191,106,0,0
0,0,0.0,5,0,1.07,2,0,5,9,18,13,3.61,420,12,1,1
3,2,0.52,0,0,0.0,2,2,0,1,15,8,3.09,184,73,1,1
1,1,0.21,5,1,0.99,3,1,0,6,17,11,3.37,194,15,0,1
4,1,0.75,5,3,1.13,0,1,4,6,13,10,2.62,152,60,0,1
0,0,0.0,0,0,0.0,0,2,6,1,10,9,2.04,186,182,0,3
7,6,1.34,6,3,1.12,0,3,0,2,19,13,3.86,263,23,0,0
8,7,1.48,2,0,0.42,1,3,4,0,17,7,3.32,78,123,0,0
6,5,1.12,9,5,1.77,1,1,6,8,24,9,4.81,174,31,0,0
8,8,1.6,4,3,0.78,2,1,1,11,20,11,3.99,235,85,0,0
2,0,0.32,7,5,1.46,2,2,0,5,19,7,3.7,143,105,0,1
11,5,2.13,0,0,0.0,0,2,3,9,17,12,3.4,285,64,1,0
8,5,1.57,7,7,1.31,1,0,0,16,20,10,4.01,268,73,0,0
4,0,0.83,2,2,0.31,2,0,3,3,12,4,2.3,158,197,0,1
2,1,0.36,0,0,0.0,2,1,5,5,23,14,4.57,399,174,0,1
0,0,0.0,0,0,0.0,1,0,2,2,15,5,2.99,94,89,0,3
5,5,0.99,2,2,0.29,0,0,15,19,22,16,4.37,497,51,0,0
3,1,0.53,5,3,1.05,0,1,3,12,17,7,3.41,202,102,0,1
1,0,0.22,7,3,1.52,0,0,10,13,13,9,2.55,79,54,0,1
7,5,1.51,3,0,0.66,0,0,6,0,20,11,3.92,267,66,0,0
4,4,0.71,1,1,0.16,0,1,2,2,18,9,3.6,331,76,1,2
0,0,0.0,2,2,0.43,1,1,5,7,20,10,4.05,246,85,1,1
2,2,0.34,0,0,0.0,0,0,1,0,0,0,0.0,0,150,1,3
1,1,0.19,2,0,0.49,1,1,1,7,18,9,3.7,229,49,1,1
6,4,1.13,2,0,0.46,1,2,0,18,20,13,3.96,418,67,1,0
5,4,1.06,1,0,0.16,2,0,0,1,24,13,4.76,198,41,0,0
6,3,1.27,2,2,0.43,0,0,3,2,20,13,3.87,139,121,0,2
3,2,0.63,6,5,1.16,2,2,6,0,23,11,4.54,222,98,0,1
0,0,0.0,2,0,0.45,0,2,9,1,1,1,0.12,13,126,0,3
0,0,0.0,1,0,0.19,0,0,1,0,7,3,1.37,51,171,1,3
2,0,0.45,3,0,0.6,0,1,0,2,6,0,1.26,44,129,1,3
3,2,0.58,0,0,0.0,1,0,0,1,12,4,2.44,78,138,0,3
0,0,0.0,6,5,1.17,0,0,3,1,22,13,4.36,420,36,1,1
0,0,0.0,0,0,0.0,2,3,0,0,23,11,4.54,162,92,1,1
0,0,0.0,8,5,1.62,0,1,5,3,0,0,0.0,0,129,0,3
0,0,0.0,3,0,0.59,1,2,2,6,19,9,3.82,248,40,1,1
9,6,1.85,4,2,0.81,0,0,5,8,24,12,4.75,333,49,1,0
0,0,0.0,3,1,0.56,2,0,11,0,25,11,4.98,158,83,0,1
7,5,1.39,2,2,0.34,0,3,9,4,20,12,4.01,312,51,0,0
1,0,0.19,0,0,0.0,0,3,0,8,8,4,1.63,46,195,1,3
6,2,1.16,0,0,0.0,0,2,5,5,16,7,3.04,168,68,0,2
0,0,0.0,8,5,1.65,0,0,2,6,17,13,3.41,294,115,1,1
9,2,1.76,5,2,1.05,0,1,3,0,23,9,4.58,134,128,1,0
4,0,0.8,1,0,0.25,0,1,7,3,0,0,0.0,1,121,0,3
5,1,0.96,4,2,0.81,0,3,1,3,7,2,1.46,63,192,0,3
6,6,1.17,6,4,1.17,2,0,2,2,26,20,5.18,195,35,0,0
0,0,0.0,0,0,0.0,2,3,4,1,1,0,0.12,18,126,1,3
8,5,1.63,6,2,1.19,0,2,6,9,17,5,3.35,176,93,0,0
6,4,1.18,4,0,0.77,0,1,4,12,28,12,5.55,472,114,0,0
2,2,0.46,4,0,0.83,2,0,6,4,13,9,2.71,236,131,1,1
5,2,1.03,2,2,0.37,2,2,2,4,19,6,3.73,130,28,1,1
3,1,0.61,2,2,0.31,2,3,2,2,9,3,1.75,104,129,0,1
6,2,1.25,4,0,0.85,2,1,2,3,6,2,1.2,99,137,1,2
3,1,0.67,8,5,1.63,1,0,2,0,19,14,3.88,401,24,1,1
0,0,0.0,5,0,0.91,1,1,4,5,20,13,3.96,338,63,1,1
0,0,0.0,0,0,0.0,0,1,2,4,11,8,2.16,139,161,0,3
5,4,0.9,4,4,0.8,0,2,4,5,19,7,3.79,72,68,0,0
10,5,2.01,0,0,0.0,0,3,1,2,17,9,3.36,272,85,0,0
10,6,2.02,0,0,0.0,0,1,2,2,13,11,2.57,264,247,0,0
7,6,1.42,2,0,0.35,0,2,3,8,16,10,3.23,213,84,1,0
6,3,1.15,3,0,0.55,0,0,0,9,8,5,1.57,92,212,0,2
16,9,3.17,8,2,1.66,2,1,1,9,17,10,3.36,231,105,0,0
7,1,1.44,2,1,0.39,2,0,12,1,19,9,3.83,234,34,0,0
6,2,1.18,6,2,1.26,1,3,3,0,2,2,0.33,1,121,0,1
4,4,0.81,8,4,1.59,0,0,9,2,19,12,3.76,175,82,0,0
1,1,0.09,4,2,0.86,1,0,0,3,12,4,2.3,133,172,0,1
9,7,1.8,0,0,0.0,0,3,9,2,17,10,3.35,171,96,0,0
1,1,0.24,5,4,0.99,3,3,5,1,8,6,1.57,175,150,0,1
0,0,0.0,4,2,0.75,1,0,0,4,9,6,1.77,144,158,1,3
4,0,0.79,5,3,1.09,0,1,3,4,20,10,3.96,174,47,1,1
2,0,0.35,2,1,0.36,2,3,9,4,8,5,1.6,117,122,0,3
0,0,0.0,5,5,0.94,3,2,0,2,18,11,3.52,155,61,0,1
2,2,0.36,4,2,0.88,2,3,6,5,2,1,0.42,0,195,0,3
3,3,0.65,1,1,0.23,0,1,9,8,21,13,4.15,121,75,1,2
2,2,0.4,1,1,0.28,0,0,9,8,16,9,3.22,162,77,1,1
2,0,0.43,5,5,0.96,0,0,4,4,20,7,3.97,185,64,0,1
6,3,1.27,1,1,0.23,0,1,12,7,23,7,4.54,265,21,1,0
1,1,0.21,0,0,0.0,2,3,11,2,4,4,0.73,80,183,1,3
9,3,1.84,0,0,0.0,0,2,0,9,16,9,3.19,296,91,0,0
5,1,1.06,5,3,1.02,2,0,8,7,20,15,3.97,229,48,0,0
0,0,0.0,3,0,0.58,3,1,2,3,29,18,5.84,220,26,1,1
11,9,2.16,1,1,0.18,1,1,3,3,15,4,3.06,58,135,0,0
5,2,0.92,5,1,0.96,1,1,10,2,4,2,0.77,15,167,0,2
0,0,0.0,10,5,2.02,1,2,2,8,21,14,4.06,196,25,1,1
0,0,0.0,0,0,0.0,0,0,4,4,19,10,3.82,316,99,1,1
0,0,0.0,0,0,0.0,0,0,0,0,14,4,2.76,100,174,1,3
3,0,0.51,3,1,0.67,0,2,6,4,13,4,2.57,53,36,0,1
5,3,1.02,6,5,1.2,0,0,0,11,18,9,3.64,177,36,1,0
1,1,0.18,3,3,0.52,0,0,0,12,19,16,3.79,501,74,1,1
1,0,0.27,0,0,0.0,0,1,1,0,6,4,1.23,59,180,1,3
12,4,2.41,1,1,0.13,0,3,4,1,11,10,2.24,266,245,1,0
0,0,0.0,3,3,0.57,1,0,9,0,23,11,4.56,234,98,0,1
5,2,0.99,0,0,0.0,0,0,0,2,20,13,4.01,190,52,1,2
8,4,1.59,4,1,0.83,0,1,2,3,7,2,1.4,25,148,0,2
5,3,1.02,0,0,0.0,2,0,6,5,23,11,4.6,189,31,0,0
6,4,1.25,7,2,1.37,1,2,9,12,23,14,4.58,296,86,1,0
12,10,2.33,0,0,0.0,2,2,3,13,19,7,3.84,203,101,1,0
2,2,0.36,5,2,1.02,1,3,6,4,0,0,0.0,17,182,0,3
6,3,1.21,6,4,1.24,0,0,1,4,0,0,0.0,12,120,1,2
12,7,2.4,3,0,0.59,1,2,6,11,24,10,4.77,333,58,0,0
1,1,0.24,0,0,0.0,0,2,6,3,5,5,1.0,64,150,0,3
1,0,0.17,0,0,0.0,2,0,1,1,2,2,0.33,61,184,0,3
0,0,0.0,2,0,0.29,2,0,2,4,21,11,4.14,303,84,1,1
2,0,0.37,2,1,0.45,0,1,6,7,20,12,3.98,247,54,0,1
0,0,0.0,4,1,0.83,3,1,7,4,14,10,2.76,266,178,0,1
2,2,0.45,2,1,0.4,0,1,5,4,22,7,4.29,276,14,0,1
2,0,0.43,0,0,0.0,1,0,3,9,20,12,3.96,231,60,0,1
4,4,0.9,4,3,0.86,0,1,0,20,17,11,3.32,208,50,0,0
5,2,1.05,4,4,0.8,0,2,6,3,21,16,4.2,340,94,1,0
0,0,0.0,4,0,0.66,1,2,2,0,7,4,1.41,131,116,0,3
2,2,0.39,3,2,0.5,1,1,3,5,2,0,0.44,0,157,0,3
6,1,1.27,2,2,0.47,1,1,2,1,0,0,0.0,0,158,0,3
0,0,0.0,5,2,1.03,0,2,0,1,18,7,3.52,183,90,0,1
0,0,0.0,6,1,1.26,2,1,4,2,2,1,0.24,38,153,1,3
1,1,0.22,0,0,0.0,2,0,0,6,19,11,3.83,263,104,1,1
4,0,0.83,2,2,0.47,0,0,6,6,15,10,2.96,204,85,0,1
10,6,1.95,4,2,0.73,0,2,16,5,24,12,4.66,321,99,1,0
1,0,0.22,3,3,0.59,0,1,0,10,26,9,5.25,152,64,0,1
8,5,1.61,2,1,0.36,2,1,2,3,17,16,3.41,373,89,1,0
3,0,0.66,0,0,0.0,0,1,11,6,23,11,4.65,145,39,1,1
2,0,0.42,6,5,1.13,2,3,3,0,15,9,3.0,168,132,0,1
2,0,0.4,0,0,0.0,0,1,0,8,22,7,4.41,160,38,1,1
8,2,1.53,1,0,0.11,0,3,3,1,19,11,3.75,162,89,1,2
0,0,0.0,1,1,0.18,0,0,0,9,15,6,3.02,77,126,0,3
0,0,0.0,2,0,0.47,0,0,1,4,11,9,2.28,171,95,0,1
3,3,0.62,7,4,1.37,2,1,12,8,25,17,5.01,465,91,0,0
2,0,0.39,3,0,0.57,0,3,1,2,1,0,0.18,0,205,0,3
0,0,0.0,3,0,0.61,0,3,1,4,6,4,1.13,31,167,1,3
5,3,0.99,1,1,0.21,1,0,10,0,20,9,4.03,113,112,0,2
0,0,0.0,3,1,0.62,2,1,0,4,6,4,1.2,118,100,1,3
1,1,0.25,4,0,0.76,0,1,1,0,22,8,4.38,183,93,0,1
10,10,2.06,7,2,1.37,0,0,2,12,16,7,3.08,73,108,0,0
4,2,0.78,7,6,1.4,2,0,0,8,17,4,3.28,56,93,1,1
7,6,1.4,3,3,0.65,0,1,10,2,16,12,3.18,136,121,0,0
2,0,0.37,0,0,0.0,0,2,0,3,0,0,0.0,0,86,0,3
1,0,0.29,3,2,0.59,2,0,0,3,7,2,1.4,44,165,0,3
0,0,0.0,3,3,0.5,3,1,4,7,21,6,4.22,197,89,0,1
1,0,0.16,0,0,0.0,0,1,2,5,14,10,2.75,141,61,1,1
5,2,1.03,4,0,0.81,1,3,4,10,28,16,5.58,416,75,0,0
3,0,0.56,2,0,0.44,0,0,11,1,8,4,1.58,85,132,1,3
4,4,0.76,6,3,1.16,2,0,0,9,18,7,3.73,140,94,1,1
2,1,0.38,1,0,0.21,0,2,7,12,24,7,4.74,227,77,0,1
2,2,0.37,4,3,0.81,2,2,5,2,18,15,3.54,198,49,0,1
2,2,0.32,7,3,1.31,0,2,8,12,17,13,3.36,288,101,0,1
3,1,0.67,2,2,0.34,0,2,0,0,24,13,4.83,357,178,1,1
4,4,0.81,0,0,0.0,0,1,11,9,11,7,2.16,146,153,1,2
5,2,1.08,3,2,0.6,0,0,2,1,20,13,4.01,134,101,0,0
3,3,0.59,2,0,0.4,0,2,5,3,11,7,2.19,239,129,0,2
5,2,0.93,1,1,0.15,0,3,0,6,16,4,3.18,192,39,0,2
2,2,0.45,0,0,0.0,2,0,1,14,11,5,2.27,92,28,0,1
3,3,0.61,3,0,0.62,0,0,2,3,25,11,4.88,222,103,0,0
10,4,1.99,3,3,0.61,0,0,4,3,20,9,3.98,143,160,1,0
1,1,0.26,1,1,0.1,0,3,0,2,27,11,5.4,134,93,0,1
5,5,0.93,2,1,0.4,2,0,8,16,21,8,4.19,155,69,0,0
1,0,0.25,3,3,0.69,0,2,3,9,17,6,3.31,140,78,1,1
0,0,0.0,2,0,0.43,0,0,2,2,11,3,2.13,116,181,1,3
0,0,0.0,5,2,0.96,1,0,5,8,14,7,2.8,279,72,0,1
3,3,0.53,2,2,0.41,0,3,2,23,19,10,3.66,205,51,1,0
0,0,0.0,9,5,1.79,4,2,8,11,16,10,3.15,248,34,0,1
6,5,1.24,0,0,0.0,2,1,7,9,23,5,4.51,218,103,1,0
6,3,1.21,5,2,0.94,0,0,7,0,22,12,4.38,145,117,1,0
2,0,0.4,0,0,0.0,2,0,0,5,11,2,2.18,64,117,1,3
0,0,0.0,4,3,0.74,1,0,6,2,18,8,3.6,164,60,0,1
4,4,0.74,1,0,0.22,0,2,0,1,20,8,3.93,148,36,0,2
6,1,1.16,0,0,0.0,1,2,1,0,14,7,2.8,311,127,0,2
2,0,0.32,2,1,0.46,2,0,0,8,24,13,4.77,308,50,1,1
3,2,0.52,3,1,0.64,0,0,2,2,20,11,3.93,403,51,0,1
1,0,0.18,0,0,0.0,1,1,3,2,3,3,0.65,29,105,1,3
1,0,0.13,3,0,0.6,2,3,5,1,1,0,0.23,1,122,0,3
3,1,0.59,3,3,0.63,0,1,8,4,19,15,3.74,406,110,1,1
2,0,0.4,7,4,1.45,0,1,5,6,0,0,0.0,0,198,1,3
0,0,0.0,7,1,1.34,0,2,8,6,15,10,3.03,334,58,0,1
12,6,2.44,7,1,1.35,0,0,6,0,19,9,3.7,199,117,1,0
4,3,0.85,3,2,0.53,1,3,7,2,14,4,2.72,161,163,0,2
2,1,0.29,4,0,0.8,0,3,3,0,0,0,0.0,0,113,0,3
0,0,0.0,3,1,0.61,1,2,5,2,18,10,3.67,223,183,0,1
0,0,0.0,5,1,1.02,1,1,14,15,19,14,3.75,358,20,0,1
3,3,0.6,3,2,0.59,0,3,0,4,0,0,0.0,2,202,0,3
0,0,0.0,7,5,1.39,0,2,7,5,2,2,0.39,1,128,0,3
7,7,1.41,0,0,0.0,0,2,2,2,23,9,4.55,159,84,0,0
2,0,0.36,0,0,0.0,0,3,6,4,14,8,2.76,78,99,1,3
12,4,2.33,3,1,0.51,2,1,4,12,27,12,5.34,363,115,0,0
5,4,0.99,5,2,0.95,0,0,0,4,16,6,3.19,76,63,0,2
